CAR_ID,FAILURE_TYPE,ENGINE_RUN_TIME,LONG_TERM_FUEL_TRIM_BANK_1,SHORT_TERM_FUEL_TRIM_BANK_1,INTAKE_MANIFOLD_PRESSURE,FUEL_TANK,ABSOLUTE_THROTTLE_B,PEDAL_D,PEDAL_E,COMMANDED_THROTTLE_ACTUATOR,FUEL_AIR_COMMANDED_EQUIV_RATIO,ABSOLUTE_BAROMETRIC_PRESSURE,RELATIVE_THROTTLE_POSITION,INTAKE_AIR_TEMP,TIMING_ADVANCE,CATALYST_TEMPERATURE_BANK1_SENSOR1,CATALYST_TEMPERATURE_BANK1_SENSOR2,COMMANDED_EVAPORATIVE_PURGE,COOLANT_TEMPERATURE,ENGINE_RPM,VEHICLE_SPEED,CONTROL_MODULE_VOLTAGE,ENGINE_LOAD,THROTTLE
demo_healthy_0,Healthy,697,-6.239904637442973,3.7522559790322862,73.81576203415548,18.475961309888458,92.80601164730804,73.50257317913177,75.74578747492585,16.53022694079913,0.9821389376424041,97.33718221809323,88.40884899637416,41.823009442984585,29.847034210458176,492.8388154371189,364.5298120209974,55.45847870158348,82.89344158545846,2115.5914337877603,69.48308390342713,13.964557932153673,31.117460820805128,37.1209407318471
demo_healthy_1,Healthy,5586,-0.927176892412813,-2.141639110815536,38.62470954963773,52.004890335433075,8.94233892085059,18.886054286079304,66.47440579182091,72.02859403170355,1.1683035036763156,96.93242822324336,38.3413735431382,35.373565017204896,0.7156825178771413,342.3623225610264,478.8242660639295,22.69093490508841,91.37739592555515,1471.3006661393456,91.59460156636212,13.860477183604049,29.55756573113552,32.96779404185603
demo_healthy_2,Healthy,3167,0.7001148548443693,1.0934429836450648,72.77468527824828,22.577723524837882,22.99173822275975,5.662604277590496,75.82319397519245,64.8365770932829,1.0738595363054806,101.02656127919771,46.30241979845059,39.04342425025707,-1.5693380861277575,334.97443529726723,567.465362423617,47.10962061431325,89.91330549073665,2012.2481147364422,69.819015200065,13.596442921184392,38.6906649475803,17.118502941878365
demo_healthy_3,Healthy,5806,-2.0923504334906253,-2.311758963322836,40.02092709736704,46.767577935217254,81.80627659413496,26.054553727880666,10.247246752015942,30.32455028197969,0.9256937527960061,99.95724863254206,55.13289371071505,47.004233736937294,22.558422855059828,475.06569349123384,634.4493769463759,16.697291990770392,82.31796902387404,898.5789702798089,79.45952856560953,13.431379014452498,23.967055824243268,23.031343253100907
demo_healthy_4,Healthy,6757,2.6791870561796642,3.326925544863931,51.67148582675377,37.136088023308886,61.72543338069996,37.56313494980514,12.88849273844909,15.620531190846378,1.166283159237825,102.17722621636847,67.97364204296747,27.837188574002226,36.5821133579953,653.8004339035814,589.7694870131379,44.93615021437887,85.81138186583223,909.0450875532738,99.28626361982258,13.4203973217005,25.48744449742352,17.178698724519577
demo_healthy_5,Healthy,1147,1.4264136139936674,-2.970749778483972,84.96299988646629,78.26675768516891,69.75166603558431,43.88837357975933,61.45779566321989,57.5688172021462,1.0539447765597352,94.759998890259,42.422666195354864,19.539724432890022,14.723577685247871,438.33338191973695,326.4811268783816,10.340296772255165,90.22702401048797,1031.478398085862,101.7632130214477,13.64591005146071,30.834182767788974,25.727464744442504
demo_healthy_6,Healthy,2164,-8.824837767015946,-5.077895406037708,79.79146590752003,17.44569999301947,48.79924977543443,49.16362949190688,89.40438094774845,56.455524713846785,0.9904561843805033,96.40278096782704,34.8412097608297,37.2648788914469,12.189927174032146,290.3737983425586,640.0942851294046,89.61607718397667,83.96348724598055,1664.1596368394316,11.94333152489879,13.810032167471661,28.40565000204331,27.782679040757053
demo_healthy_7,Healthy,222,10.607579481479299,0.6513726073644293,32.54186621691276,92.4410660623847,25.719259180539275,8.36713005585618,54.936722245233504,38.38300554761949,1.1187243075276687,101.27426324857872,33.54250035404438,53.25727761758056,5.382220554445457,527.227422031223,377.74394166109727,93.60435700489633,84.30450944614826,824.1025219973428,47.86067660033417,14.386276015300506,50.992058851431814,30.458240583708477
demo_healthy_8,Healthy,6097,-0.7118299566592954,1.4291306980127145,47.115033628155516,79.48111888998892,64.5495136850985,38.629195598633906,13.502000125536375,72.21106502141234,0.9144857857322313,102.431318354804,26.687351750511628,22.54204349922498,30.231182917745684,353.5764719797571,342.46342175255995,59.93827915208435,94.2438685717245,1074.1171984290459,34.13560401901042,13.99932870883412,53.957577764255795,23.02223558607027
demo_healthy_9,Healthy,6420,-0.9806573911470755,1.6878727439946677,41.075922099919865,21.863999600786894,65.98928062515716,15.964925416567802,50.56969384585697,67.48361920785979,1.0292019793195248,95.79798086494051,77.37120735640364,44.47006379578466,25.99326418011492,342.9077207475104,316.92674967915855,92.75625510065076,87.56609471354916,1246.5653414385506,53.74424498866867,13.793155582974448,53.358060510737886,16.593386806461652
demo_healthy_10,Healthy,6916,-1.343152901282997,1.2124839563561078,69.37825781767596,19.530766337567798,17.630563735752137,42.720288738467346,91.96087209288635,58.64382979109355,1.155888359776076,101.23924824051673,47.064344139976235,47.03624762233093,-7.179507937058564,332.3891184475528,641.5371628460587,79.68170883251618,85.25697038753007,1625.7698244884382,66.6617402770012,14.161930116796821,40.314964821532854,20.37714707821041
demo_healthy_11,Healthy,6663,-5.261164669005529,-0.4713127712627849,85.72434422266275,50.85071938686698,27.30556066562223,26.299612669782302,72.14128522191018,78.49118870815194,0.8579001087474849,94.5990297125966,58.49902973808066,23.408410035129837,29.9345527609917,428.9606434835557,326.1810891667256,92.09704724874503,84.31744411829389,1219.7881358575937,16.89747347112645,12.80788211459764,18.78247660444828,9.661862274927802
demo_healthy_12,Healthy,1451,-3.3319633129140964,2.357692612725695,72.65001687596545,45.42674111488254,33.61919872568445,50.40736133200071,83.75044480111477,81.60184641399854,0.8356510223246051,95.63348568636872,26.30703839939564,27.227340305791838,18.276701980167545,479.80596433753226,282.65689516669323,37.36141384595716,89.33254128204692,917.7586397911314,91.68044091674157,12.693531359637188,52.2191491536683,10.973394247396264
demo_healthy_13,Healthy,1306,5.564630889349084,2.2721016910718146,93.56994764106149,82.18232922462342,75.1529786694196,62.82349483959929,75.10967191203162,17.10969875718324,1.0129844929411493,98.62800583171374,82.18149297103018,35.123576526960086,9.714116820616262,586.9903701938129,382.5731260503892,13.976841095395686,88.69028183633245,1437.8674581815603,25.582693458176106,13.26152125820723,31.556520643571154,17.824866932376363
demo_healthy_14,Healthy,3158,-6.317391064223694,-1.6722808617793832,91.42005487007383,92.471321758436,48.28193854700707,34.552508450421996,53.189131084700286,81.37044398962621,1.0549314426016367,101.2395264515237,52.945004845916614,41.417952282901965,5.2551582523932385,632.7487179089396,353.10611283783044,69.47981288184982,94.05006695656252,967.9696815475475,67.58177145961118,12.771172346813882,44.851478246042795,10.534796564705607
demo_healthy_15,Healthy,2769,-9.432241533919445,-0.3347658644910042,92.12161721363563,82.0795758476587,58.43138040197187,75.43616941665923,76.56033550847773,90.14243565355973,0.9112180073821073,99.31068305822478,13.55442778079611,40.79813090089249,-0.12060001173171475,551.176293506772,523.3180364555708,46.598515298122734,89.31684485718372,2010.4735935108702,87.91691881632732,13.485875788035772,40.18495733633665,35.93708707070306
demo_healthy_16,Healthy,6093,-9.489566396723653,7.379745240267544,71.05042995283695,47.67474707113415,74.6889274527659,65.41082719777333,35.027398249541434,85.85298926253822,1.0945115729454349,96.43481446819158,37.77728159948486,29.634279267557726,-0.7498641632500158,350.936018820252,690.6186331528422,43.79040371987533,87.36647751888374,1953.9814193176735,60.82923717781899,14.285051976309232,46.871155274647506,22.381086923736213
demo_healthy_17,Healthy,914,0.06855633336395599,6.644802952184946,75.24321652025505,95.6075194003457,15.663071949533723,81.54803112717043,62.33664955920868,15.972951050160132,1.0317728799889194,100.17486728594903,6.107241729974255,34.809764588144624,29.968377515030774,421.7723321651631,470.93211762733347,44.23141270678932,86.22698348019489,2265.4291276006643,85.94234389746674,12.799059139792998,54.8902823399902,34.37600072923236
demo_healthy_18,Healthy,4947,2.756314630299671,3.5097681311063504,94.93733113319671,69.91162624958832,63.51125140029173,13.139665428571947,85.73300590069627,7.609955288402248,0.9066981008948128,95.28719687649972,74.90911466229967,25.33355640687722,33.88935844802072,595.0091388771953,276.63484682756024,0.5429834128700461,82.72321083820158,1749.7765431187509,88.16299919453569,13.0293950771293,49.428127188153695,9.716958204597812
demo_healthy_19,Healthy,2087,4.496603398366442,-1.4244203319128736,79.04758793730664,72.83087055807735,80.41821967898447,8.613616959235978,23.160389964714984,16.243131137507877,1.001631156469475,100.7066931549596,61.70106601187588,49.491850691191594,-0.8602023477098193,632.6181241288775,348.7990857996959,27.075875131780023,91.93866576193825,2367.3378950828246,67.26979665747766,12.698100566984332,40.80343188731871,9.270516547405013
demo_healthy_20,Healthy,1624,-10.985434955085182,4.6414849578424215,31.420470407693863,26.517990599228707,93.20244615987733,46.27045782126408,75.56728535072672,62.27675078969992,1.0260687339851093,95.30617229198545,90.14220082022855,29.149677403044564,18.58879192714694,615.8924534027517,558.647251412842,94.05944096955184,84.07814585888082,1588.7820184374546,44.443782981484254,13.453503713068713,22.41104846931655,12.022838296182961
demo_healthy_21,Healthy,6372,0.9611435599024518,5.381200787331927,54.9532249576945,64.98887923329654,62.11662056764367,42.06298069270132,41.79047984858274,24.58656740272658,1.0317902494272428,96.85336820185515,8.245385084962733,33.480801633803836,13.810103054147834,388.28457673802126,523.3306492361733,56.5771900431921,91.8280305355452,1819.1149956319966,71.76763621731347,13.169185473283278,47.13499221348029,24.47433150799038
demo_healthy_22,Healthy,1466,0.03803437417361065,12.988368632979162,60.89174712247308,76.30351196339983,84.77625980513369,87.89514775656725,50.32696326647893,51.824760326651216,1.107953347874981,96.83005622569782,80.36441261105617,36.28324092114467,-2.6705906805776536,314.588390595013,647.3168770781531,5.55679169068779,85.92856010587118,1301.3145668275506,19.029388971075317,13.16500806564358,45.47962496882817,8.440485306802124
demo_healthy_23,Healthy,3140,-11.944871970743986,-7.475304151136025,51.058310123408376,23.825160915457133,59.07563671505728,15.77053002784049,37.84274249704273,91.25862628108752,1.1783672101301093,100.94894402219127,32.98653589286896,43.44360681914542,24.448692812264582,466.1640136785519,554.8087719096334,1.0727644975676243,84.92680722043139,1616.395699895981,18.012643468412545,12.89863236217776,48.94325875035881,37.67399008050816
demo_healthy_24,Healthy,6900,-5.326173934287358,6.678921681601164,34.91171219981423,50.342105192891594,40.33154442577279,12.204435528156651,72.97971555152701,44.04011245903337,0.9889576963085445,95.35605676431916,21.283398700778132,51.562834019779956,-5.946141907183171,391.76909677297897,394.34729194468304,49.01975424015864,90.21023242220714,1563.9284601535999,9.252686801257022,13.038601417300285,49.21277023621403,27.127661014353773
demo_healthy_25,Healthy,4029,-1.0753597526985295,-1.2668878447400747,78.40321133276703,15.22976335493026,37.99475464393512,53.557469173551084,35.46108349675934,81.00309859584678,0.9937261030914257,100.9176483051344,81.68139651930521,36.67728486742943,33.8394032180821,561.8194914577507,651.126177463512,34.05907955915243,88.98343741944079,1626.828217657553,11.547768748567764,13.317394512062773,51.94149388441202,26.92496721094227
demo_healthy_26,Healthy,2855,5.401107384119779,3.6970633615047377,26.737619225900076,93.4714412653624,45.33865954311843,32.678156517870754,58.86294724019629,5.658301066371408,0.9200879583762929,100.32730119129003,62.03927957623367,54.32682005907381,20.536454644270027,509.20281934131174,610.2589790646435,90.3327871964053,92.08974325405693,2339.298518856476,86.0205687811995,14.160242588871467,22.221850633794574,29.97240508981363
demo_healthy_27,Healthy,1327,-7.059688316575812,-4.187317020425963,70.78716866376497,97.28336050350124,93.61202732884621,30.940542093911475,71.03781476941245,72.49851841417417,0.9447374300726975,95.11482797377799,8.685226425714777,46.7616957185796,14.526188123577672,753.0592813575645,473.8877898490804,97.79169790738402,87.76206403071684,2059.575548423955,9.330119954301527,13.599831078247975,47.676212118471796,35.74105001659666
demo_healthy_28,Healthy,3233,2.6885961836172214,-8.42798658692404,28.40889306196959,19.83540620031022,65.77750658007358,69.19323766805283,74.63486144764637,82.89108932500966,1.0861953286515436,101.2078443289597,9.406733884095132,26.677800566328045,20.607297575261306,691.9001462199151,262.0700574722432,51.46293421163498,91.48202359110157,798.8520270622118,44.14911133087267,14.212142786490654,42.84967392766677,15.12975090081792
demo_healthy_29,Healthy,5933,-14.476681985576942,8.054684975059471,84.73412698008417,36.904928600701496,58.12882257948341,40.72460609730507,29.734254567956032,84.79018059546823,0.8875337254982169,94.76330432112186,35.77342446910943,44.552648462738,29.14185387490896,759.3968176320471,396.32654622513587,40.79419511312822,83.91549789241476,1698.5386838780055,109.7338040989209,13.861585818217186,40.02287509529475,19.77107278765382
demo_healthy_30,Healthy,3600,11.086950077736272,-0.8708636690247894,50.57649242393934,16.04500019629902,23.17811339199034,6.5901902899920985,45.79519248501471,62.10862384566175,0.9435852864564067,97.78343594354749,91.32883455601183,45.82263549827188,16.879405299467756,416.5796200536761,672.6185274355778,23.50971168806595,86.55479822723348,2249.9569437978653,58.24962608135796,13.936172308952358,39.85755738405935,27.603176270284855
demo_healthy_31,Healthy,6595,-4.2832489442189035,-6.5841510552912075,47.57446430180657,23.989740767508025,83.68829287617267,30.492223992510265,55.53404549729461,76.27769826272366,1.1021766793752568,97.94547632725774,47.86315777280531,54.80396471059592,23.031483941035106,671.0264526965836,675.1748258408467,78.75898362293393,84.59251082934995,1677.5817106669942,11.208357304599936,13.775259827815198,53.34792884294901,23.38196192900334
demo_healthy_32,Healthy,6733,5.71232191883934,-11.258886453095233,32.21018788911111,13.697118397436224,27.14599503544446,10.89773905265442,45.960605817058614,51.44790211314012,0.9325251816502902,94.45864434317397,15.044033142430402,32.22666198562734,-5.215691261979338,615.1310682927585,355.2294491014135,30.20715687836385,87.51776088049337,1437.405894564094,0.18267784422805855,12.801726667797656,49.922288858412486,8.036991875357245
demo_healthy_33,Healthy,3151,-1.264140086178941,-6.079454620520654,48.31659127074465,48.819431813180465,75.25230237739258,80.70833355934607,28.431368907372505,34.02413968709568,0.9072938270901998,98.31877060495958,66.49325218929317,26.44535639214656,7.2138441345238675,726.5846164427923,282.34187332960073,46.07696052395662,91.9618125823549,998.2491190698322,5.211142200603004,12.848769668949355,51.996458160635264,8.277793454633702
demo_healthy_34,Healthy,6720,4.842049691666824,-8.09935997195885,68.41045006398073,31.74750178651772,56.229084538760915,58.117584448951355,81.44917997808011,5.426725362068653,1.1272130053632519,99.57207177784277,19.646913749446185,46.59868336100551,31.352610922366942,402.04647220199547,682.6450932152331,45.44574302986578,90.4479423606665,2374.671730469112,39.768968650311926,14.063686822476203,29.780767359653005,31.97640566724473
demo_healthy_35,Healthy,1404,2.655273745224318,6.248326335218886,53.98182656524655,38.58720709272055,12.02975537723275,7.6851293089727735,36.18307898664628,6.713073303573792,0.879575592729439,100.52664988765783,68.7282112115229,45.32747429892316,6.589045871979023,707.2093394164938,533.1620520930859,12.602634174662652,84.01206126037748,1893.6074544340074,19.023833008628586,13.513126862847678,54.6956556093623,8.120228142000185
demo_healthy_36,Healthy,6658,10.78536699986784,4.471066642567047,33.88369828629592,90.75719797786843,84.2342270114923,53.25803718002377,60.96128268746809,29.58684723507887,0.8381870906939218,99.35110848001779,31.52796738824867,42.55397872643302,30.46727813475966,288.71706107889474,534.0283363554346,23.128053968685226,94.23443897065322,1168.546435827017,67.18471465589602,13.5963735121613,32.65816050219221,28.32862290799382
demo_healthy_37,Healthy,178,7.723986669630392,5.499898251710418,78.08955660293279,98.50753683936438,42.73451491107246,51.31247466969778,6.1222890147091915,76.64257006793406,1.0072828241365577,97.67165287324508,13.466476678045623,50.9172876019897,10.170333041865597,607.6391671404258,328.71211192934936,96.15496295410325,84.49818466550563,1079.2442882841592,94.48811466134852,14.242648939455476,25.84945407836215,22.09402664524484
demo_healthy_38,Healthy,6343,0.1746596794600152,0.15458639016349454,61.191364079460044,76.75447694677614,70.80223789875159,75.46641170234764,56.29404367773737,14.415358712429768,1.1454303847160943,101.79015285388925,76.82876922364997,21.694911654946992,1.4022788857457424,636.9281752516729,270.64444350769537,97.92246337072797,87.28002552497954,1936.865680589859,97.63281973368477,13.310333798670149,29.807902078187645,26.2622338669474
demo_healthy_39,Healthy,5297,5.107713449068735,-3.536322649757318,67.1242329107396,94.18432326098453,47.087623096393685,22.70679626755682,38.94853845947035,40.46962843338068,0.8671991294894391,95.465843504991,66.61058660543095,30.5606769057294,35.92532602536715,396.9264377721316,305.5052723482183,75.3504563000258,94.33450472685018,1208.887038837955,22.229691181002575,12.934379042767956,37.31445515056096,22.05249923740313
demo_healthy_40,Healthy,3306,1.6731857078834327,-5.039464748117723,92.15326433449259,68.72672806773969,49.595590096575656,14.96228666266545,27.719266149462854,31.529655461708845,1.0953292789386042,101.89039717538158,86.14776682097946,54.4290385052779,37.18886742280849,737.4395837286311,293.0381846313268,13.779353592780518,86.26253137066446,1662.2821192063616,10.667567757602722,14.122434524043857,40.819978625860436,24.27093206906615
demo_healthy_41,Healthy,1912,-2.4503317635283586,0.19290561490458533,36.22184174875807,86.67398420153188,57.580507405509636,71.161648476767,31.642957661902315,38.41273733794495,0.9657477871935521,100.84013474569632,74.51176889071112,25.652100518019175,35.31078740995255,337.91456197296947,672.2161579148699,10.03956456498093,85.70355735611835,2146.689584512129,19.74412795806962,13.344422276357946,34.644794097932675,15.357769190696288
demo_healthy_42,Healthy,6336,6.945046548126804,7.181508782816454,62.15952760014701,32.356576347908636,27.031685139513087,19.51286565667317,89.60171097267633,84.9189945745022,1.0998491367979693,98.65895369158956,49.15471239606847,37.600589648752425,16.682128624546106,488.59028065489133,320.60722313035103,12.566385286853599,95.33149602183957,1545.3507533174784,104.85260773957079,12.894438379878197,38.51341242547754,14.231517600546177
demo_healthy_43,Healthy,5131,-0.5272604544937234,4.701447324417945,33.32673175181479,92.51635668662762,33.93796923340986,59.73162907231324,46.85127187903457,41.04061207207505,1.0114789928845844,95.68515050153808,93.97435086676188,48.27739114204293,26.1142731056497,505.00446256669716,330.32347617811456,92.06658582735679,86.77941894334418,832.6760379999407,37.664404449169155,14.030022654892592,41.0402235645637,30.525157542345788
demo_healthy_44,Healthy,4610,9.701246390991646,0.6551355809670978,55.65927220442608,67.51122843377482,5.20778953280678,94.40316485700602,30.28067473677396,10.58567958861397,0.984974334953145,95.16127051463837,18.709403914181813,41.39446408211778,10.07466001223073,722.4891760743976,406.81198751971226,72.61801283839011,88.45539202216871,1838.91964686331,65.96648923875894,13.451011150966197,53.15226050110417,18.281409282648674
demo_healthy_45,Healthy,5726,1.3768902927816378,3.677915462141868,84.22052929155362,13.622836594593139,45.466941958041254,85.32389207185936,72.46567570305808,94.26269448478654,1.0113089721750077,99.93996146921036,32.22322530241353,53.058817187641715,8.85143247360067,634.4851420895817,445.4444938947777,56.18189300629993,92.07695549030164,1589.7413503897346,99.77949596004594,13.354741778270059,41.94165653130303,18.270872999001625
demo_healthy_46,Healthy,5033,3.8034622664024544,0.01496645599977866,31.42065753413047,70.07409308320821,63.996596450874705,64.66187427890857,6.778980080842251,34.389215840460196,0.8912115450133109,101.0033628028961,82.45673612565172,27.127173957367454,22.72106130700737,342.09414565997173,386.57016177678815,13.865449623341952,85.96929073238921,1863.3153031263084,100.13596012037777,12.964540334263534,38.05692429317661,29.04173303730297
demo_healthy_47,Healthy,2974,-2.1866295135867673,-10.90105032244737,42.85748517191665,66.29303412225426,33.844204551021456,92.8515551622537,40.97085216472732,66.68849486849128,0.828361929644833,97.6005530152128,83.75968519902605,40.5784154440301,12.421372774214912,729.2499997291484,652.8328130277254,32.22156738229383,89.62367762857875,1558.2100225525635,69.54227501263486,13.20140028052576,27.035585028337863,35.38015505766609
demo_healthy_48,Healthy,6874,-5.733751004408387,2.1875612430993496,77.1494068045782,78.82005057057997,73.63310827663767,48.25468678480759,46.08069750628445,26.620364853410283,1.0521349099693444,96.60388122492101,28.202756873211897,39.68057084155403,10.859189858351986,385.0511722214235,635.3857677063023,86.0569919294376,84.34779327548894,762.3866041199998,36.97429653823111,14.035519504225356,49.049433050670004,12.149872103481478
demo_healthy_49,Healthy,6656,-1.1813141922234571,-5.573084815339634,52.30438131095704,99.87485635107242,22.333174090781885,18.856722431986377,43.052029929211415,60.77016733728753,1.155844281668771,102.82739030979731,11.267657293225517,23.105908141872497,28.373946799215716,409.903433090013,667.0305673729258,66.34532572290868,83.56582723332949,2123.6733201246116,19.399201800888342,13.362291710423376,38.43084235669521,23.022984472408346
demo_healthy_50,Healthy,2166,1.0821836581583892,-3.280274683204837,94.95953364569314,56.48134623720768,13.567917826477759,70.50589690718465,92.89976703949303,33.64937488661183,0.9860351989015266,97.82299232333911,9.627723910123642,42.873783955267456,8.25353397314952,657.9826598231211,642.7752346297136,82.12307865978454,87.83332397255832,1280.5503756974842,82.37028576337603,14.042500980916902,36.17652551648055,34.79093058608909
demo_healthy_51,Healthy,4959,0.6121877834434453,0.39494358170004845,31.72666630803169,23.817296984915252,53.045601194656435,11.076663216867352,9.752639126009932,5.046686974913497,0.9770739974899347,100.97161493163007,8.13545152519241,42.13353143923665,29.863856601144576,360.64040731737816,327.55731801784594,86.0800973620536,93.52374453930133,1639.2539143359083,90.11198672233783,12.76696093936409,32.595816163733915,30.133926683191188
demo_healthy_52,Healthy,4255,0.2233670185294598,-0.44398223856250474,77.51861915637632,51.82116740715966,38.111390619963586,24.727029483076908,23.754140729151352,72.63417295142564,0.8628077252922257,94.7738411509985,20.866222851991715,24.48782092379511,29.862950649117387,471.28317926762196,715.5786903858219,13.72112577906124,91.14955755971101,1490.4036868820635,43.220999436678134,14.175151558297348,54.09703889565078,34.18576876322536
demo_healthy_53,Healthy,1898,-8.506105020957419,-5.93535213187185,70.92517153665443,36.01752234743725,71.1252617702522,55.977858572868016,54.58178916413626,79.56922323549072,1.075791797827364,94.23919988497562,9.451322343141412,40.257662740872576,14.364835478624673,404.8886345646359,452.5818001648088,75.79103187328606,93.57256078521102,1676.018062018573,42.39064289428133,13.087254170691192,37.31098341846238,17.44248855693143
demo_healthy_54,Healthy,3276,-4.801270179611102,3.164289573036532,25.074722551592306,29.104942495666865,85.5060347946903,63.16616869057032,20.476431674332055,85.12375656412569,0.9891841385034423,98.28482581010795,89.19877494583896,20.20100761078358,1.8982006329210517,561.1702360742668,349.92379440772186,67.95270092089578,84.99729205071408,913.6090014880436,22.768367560492372,13.360921261689711,24.517117069403955,12.04076074770042
demo_healthy_55,Healthy,4087,-3.9033817224335525,-3.371062308622545,50.25310805627775,14.974336855110487,37.163266115184875,28.83264595894217,59.943656060760965,23.485126790516603,1.1398115631026227,102.366999588276,13.984795145911118,21.973909382677355,-2.6949838468945533,577.3932430289498,316.1057235364265,85.23823179302663,92.5598012091305,2102.68461609274,57.8666579574623,14.394018980734476,19.634478808933967,20.0379489255834
demo_healthy_56,Healthy,505,-3.4598837534021576,2.7977018530808317,81.43336758113077,25.330707429266695,93.0770729510395,49.87755921886836,49.43048686435812,92.3796255691164,0.9570636500381722,97.57772522099494,57.6277432524443,22.737946590268116,6.769938814945325,372.73999477366266,307.5104003892428,86.61446063310201,90.25063632578467,1341.8101060210533,44.95363151033841,13.376734206637238,41.42651973935425,35.8030817446698
demo_healthy_57,Healthy,2372,-10.846181158649596,-0.857822551081741,48.048372171843866,50.59418501667295,56.11408073856433,46.563612030477344,64.2878068835031,54.89591210417873,0.9354575968098673,97.1115772518637,39.073350880375784,21.501671425227382,-0.361118908957236,627.0946250297853,438.98448730015684,21.453897256014365,89.877413748048,1996.640245081155,28.316459857990857,14.08822178746274,52.31767980612683,25.921835872215222
demo_healthy_58,Healthy,806,9.221793923505867,7.246724006181518,52.473931398546064,93.15103604908869,57.10797722752183,5.415691895899485,8.468779939109215,66.23769251029299,1.0225604849794958,94.23879193485467,71.91139651001468,49.52937747155973,14.835204192208181,503.5635713714824,262.51763006392866,78.66497124935992,86.63002493444547,2199.9599726411902,41.03666463138583,13.61714023913527,28.00264616337512,12.81764937754756
demo_healthy_59,Healthy,4836,-2.367437111216363,-10.645989446000089,62.55415466265755,96.88743581335619,91.72219209999383,82.00779095321631,21.88483634885302,58.48454248714219,1.1361330728759933,97.37017542804044,14.099554934202647,48.00562738287711,14.161123362659897,550.9084865724058,711.7863763062085,60.72114304940721,87.94971139932542,1360.4742069478764,45.93812219194502,12.813118349721604,47.405770661450156,33.131505745611236
demo_healthy_60,Healthy,551,3.3927625150145584,9.1811291986501,26.67792488695688,56.841169939050495,46.730814321335096,67.11140926206139,19.705253013450903,65.14976667156384,0.9556242428349555,99.56843300352678,8.608550888549832,35.08390629582685,16.02354112318912,382.8766733703936,324.22688092239554,18.84743030123014,86.81797509288687,909.7367463532029,104.20517753025649,13.32898931069247,47.93187529274971,37.2325136932654
demo_healthy_61,Healthy,2090,2.8113166710372157,3.289440052165897,85.99863607188499,67.08109905700555,43.612350922167145,43.79687218741444,8.230899740662302,53.11406761603478,1.177675478843265,102.62836773374741,8.635930595794687,44.11448913429106,5.881183868058818,713.4347936349457,280.7527830262681,93.58741020110806,93.72466041302887,943.8822307167925,6.580677104902911,14.102473795788486,23.763033826059438,24.046944589276116
demo_healthy_62,Healthy,554,-2.462039840070656,-1.2698133902389053,56.15112383977946,15.680545363348392,92.18770892254389,32.95887665729745,22.042714250556845,30.744257165635574,1.1671743501609324,94.84857448139206,83.05727364510632,44.19022409285357,30.180882241315295,748.4308193765903,647.3911415377611,94.33823512778528,83.77709359507287,2063.0511325255006,60.02432634891525,13.57829207114375,51.260098323859005,37.154114559401336
demo_healthy_63,Healthy,6598,7.356203459464079,-14.335274768913717,56.94827005312918,44.77073115008636,37.543912661539636,40.23561575159883,13.077791172607574,11.96924767343944,1.100753143794032,98.01465603628203,88.76160396901584,40.65217731797624,-6.381904819516691,355.6112038323902,354.6771047859835,97.57360243896606,85.06185916612289,1600.9968658752846,102.97946248042157,14.358946913845843,26.74533610919115,9.473529312501205
demo_healthy_64,Healthy,2597,-2.9499336897929065,-2.9032570137279237,64.79988002926149,92.12039166660776,53.349699532490604,61.339060102917266,23.1680526448587,77.05252586064651,1.04240400706201,101.77723146273452,90.39587963052057,30.872328702993915,-3.8333633073697904,388.4458998000556,461.4071202108851,94.56936518244733,87.29633751322781,2021.7758025478604,59.45243613878305,12.929055786775757,29.86716240127771,27.59575655068456
demo_healthy_65,Healthy,1156,-5.468661738823742,4.1221353119248985,41.005192186348026,74.97161015614087,20.19857374514433,89.30027226786139,21.911322113282903,14.658112654926839,0.9991531728515364,98.67594638298725,50.73736233004203,34.15669710553706,37.76148507016198,513.4146940818794,479.85542714032226,42.17660627145613,82.93556056582048,1728.3784413968665,25.07645494455007,13.74769616441229,19.880838092093654,37.441613037590045
demo_healthy_66,Healthy,183,-1.8393937277223467,-2.966100924351796,29.22315730019552,83.99921914844262,63.33653567004209,75.35813428165507,43.535287715798596,62.41430698219804,1.1282424413667786,99.67958898584699,36.2906271352313,42.5135949915494,22.905292676247097,741.08174200318,430.61966790916784,42.50817675141312,93.36972145661883,1584.507819325523,81.02304024273063,13.427477036016466,25.973320247069918,30.356115283430324
demo_healthy_67,Healthy,3408,0.6569121566825251,5.625219608540126,68.8777487948946,77.25428201728629,85.52190981810335,29.532784767430254,14.965183274049892,91.04419935703662,0.8755923116879712,95.77900284029175,31.219650820261915,37.587480098972634,32.60997603756759,645.0620909103361,585.7524747676122,17.518056785600365,87.00755684136364,1539.3681280430187,16.21685488341444,13.09217346382801,29.408328546255238,11.818285949871179
demo_healthy_68,Healthy,5108,-6.430207961170466,-1.7680737080682218,58.67861712342048,80.39900757410155,72.31911160572022,78.35657865968787,45.34165698535463,78.85013743758746,0.9066711056371369,97.24729505275764,20.872001877602116,35.296927958857154,10.034761031110389,395.64501587886986,605.8191262461595,31.384677211164657,85.8192606220417,965.9690459033168,48.27038719821436,13.145336331907144,31.66309512961584,15.07991787861658
demo_healthy_69,Healthy,3988,1.2617477465168794,-3.5743828094875485,59.855229695222135,67.86985810067493,83.04550489460354,94.89466736002927,60.21648362568489,85.08015198858818,1.147098968760031,101.1230633902686,46.48382519657992,21.002698015684274,-7.272944449753843,509.0563039758038,487.38468542592415,40.73623878629723,89.9543429180791,1661.0684604523046,92.02743451359622,12.795582785872073,26.33157364590518,31.790149368788914
demo_healthy_70,Healthy,550,-5.581588123620305,7.581843233626681,87.29293049506317,38.291314836691434,41.14954706084387,29.127659433849594,59.566945837344406,89.49248187863346,0.9440707191441824,99.01301603693305,31.666966740813656,24.282599029590177,0.97853437165816,307.8137653783024,696.6750205842584,40.28796085076296,93.67769248802952,1874.1936299379904,21.111327755219392,12.915832043842357,48.04356345589016,15.94135131858612
demo_healthy_71,Healthy,6113,-2.352238775224389,0.699621560195567,72.43960301181286,83.30264884278405,26.17307495740805,29.858662711090943,91.80669975252815,28.813784481154244,0.9747845379640172,97.8926403391813,27.77312749367152,46.70427019817235,27.505069788541142,461.59264682741707,644.1578638971375,21.307493439900238,82.0602808593475,1692.4261473919728,109.34855496976164,12.669559757688392,25.69592872721304,23.567439274612525
demo_healthy_72,Healthy,5264,-4.218414485386813,-0.5968309963843841,77.29530604409204,43.43888875657254,21.995277842807507,22.59462446569286,41.904390822349484,48.1475367325302,1.130253190413765,99.78027176711194,67.13617590639512,54.37052534682856,10.944798253844791,473.6101135595816,684.7396051538736,24.587558700505863,92.21741344824014,1995.0456780599222,10.75667971899874,13.442816530248452,25.4208114388975,13.561258184074571
demo_healthy_73,Healthy,5842,8.148726575203563,2.5403955259953266,80.72423133381096,91.68444022514342,77.2448544759529,28.942778535949873,29.672095431974753,27.925551510572067,0.8686137145802449,102.4941853129334,41.18430183413624,26.31351055819733,30.946868323379206,471.61374527573946,276.15373311044664,16.19415702496312,90.94950476498639,2041.7937023833445,23.202782733758422,14.251312060679057,49.486893441930086,33.45142262183243
demo_healthy_74,Healthy,577,2.2503729113540407,5.38921677872591,46.40601601169972,65.70247430561733,73.3970195330657,16.546393266000813,75.27545190671431,89.46603130649592,1.0822149876687073,97.97100473632503,83.90103248765325,37.51593231268468,26.25946267957069,673.84285305213,604.7023163815427,28.785487604815398,83.64981461268164,1143.2585734473992,55.316243067838855,13.509498460127572,39.55784092463789,19.853055126436725
demo_healthy_75,Healthy,1685,-4.164831366873994,-2.533013479856015,42.27075374356299,76.28708959316992,66.01746672905402,52.07814493513835,21.96772104867442,76.57090327244386,1.1658254628263798,100.49652699010252,87.60739969631607,54.41485480307599,8.194331015004956,586.3473054046417,478.0090593135159,98.66287468632301,83.31330953610815,1430.4186085904207,96.30929489799598,13.111292358947727,47.14833547363829,19.483494883407673
demo_healthy_76,Healthy,4415,0.8107407112084923,2.25010336710916,78.91351794764986,40.31708894499418,59.57265561939816,64.26326915539627,79.66358681771345,7.200575679381339,0.8992568408148278,100.4072602952972,55.71709132725836,36.3373878934423,-5.460341991432899,447.172424061499,657.9461066788982,3.0892837036032184,87.55010729510737,2309.494674656775,5.5968807999516095,13.949470351880347,27.53166679873535,33.99826496461017
demo_healthy_77,Healthy,7057,-3.191264963656544,-6.2452998533902635,62.190492837302344,80.13429492173206,27.112976869548287,25.767167474049526,7.446392014782653,91.26637645779071,1.0756060768196645,99.72004318609166,71.95952504254917,37.669677991731255,13.902155770158878,495.77547573929,554.602037567675,20.15349753923832,94.43282173020818,2089.391412511787,38.451997259723726,13.641496734262544,23.21801009815054,37.17038743800794
demo_healthy_78,Healthy,1271,-3.5020821408370884,-2.642130655577628,36.8394295167999,29.05949471196793,13.100125194058087,15.809956709124592,11.417408076636086,94.08407622843862,0.8466607660128664,95.19287872856272,79.45291360316628,39.4688880194889,27.623191410189293,582.8377637308744,665.8005323513162,63.846752776474055,89.30975130064411,1926.0369947061445,49.21320269713204,13.222914881228522,35.30314074065787,13.09142315295682
demo_healthy_79,Healthy,6506,-4.918523572625064,0.5567521469905566,35.74720824359332,32.17170176049041,80.78631365950157,34.71811660379582,66.74448825553102,82.07686675901654,0.8479880800930151,100.88521964660238,32.6898919741127,26.015027474809578,23.68946681283672,716.7023789119522,395.70883600770185,56.88338053843191,86.05767759389288,1664.5712164486063,68.40482337197746,13.698603699822323,41.0712156767816,12.052393766525721
demo_healthy_80,Healthy,2397,-4.665635566489603,-3.150412551278347,30.184938691709444,50.215495817273734,41.81316188411567,12.804033527887922,25.013113510712962,44.68663686182331,1.0874462715489095,96.13355869286197,79.67749191124203,38.19453657236015,26.979397518492405,506.8268720016914,489.6293436942227,61.97193893796402,94.99158851432153,1561.4907593313014,58.15232919191201,13.683594534349552,45.28806008001585,10.15551006458703
demo_healthy_81,Healthy,5011,0.5726342309264167,-12.181878316236611,89.51794889662993,54.4155922392707,47.14884812248979,91.59799896812318,45.55188172407934,21.27959872898813,0.8980898042100838,94.85668784503277,5.051131633305,33.98198945701783,27.385158739718186,632.0638925439212,274.7885803893111,56.99829035940329,84.15996375578867,2302.775869861751,18.41014996085972,13.727950591855468,30.0708194000701,27.246839778930568
demo_healthy_82,Healthy,2259,0.5541242295267484,-9.604579629475907,88.40542970399821,55.018868438201686,73.04838329415675,81.47571722611043,94.89457498593244,25.155109903456243,0.9232812688828437,96.253897780587,28.658419894380437,39.550455436956966,37.70203606470878,755.3334818045221,502.3156864266615,63.90272102646738,94.03958761182248,2289.3402064482834,22.42466900624983,13.551375112096416,48.81497102247595,17.096062299037747
demo_healthy_83,Healthy,3003,5.1631782477686725,7.794081238995428,93.95326877046097,91.54961296886634,76.86035103452518,29.221745065052517,33.87650666604687,54.255455708438724,1.0218798548423242,98.5495253742136,62.30032519246755,33.107951837420586,26.462011236514513,440.1039647096106,412.11141859532216,12.7225961891828,84.64197094040487,2153.3594502202404,49.09105724384857,13.010162015795101,46.095620700828334,24.619433774505783
demo_healthy_84,Healthy,1322,3.968269139350248,-3.207713603914233,70.91110026879883,34.75279365672276,10.845210128894927,9.944149027790234,57.355456816284345,6.955111013368066,1.1255651607289918,95.39857407331549,59.59097016758868,34.453457036397594,12.371169976667517,314.462628332822,629.2660350976191,89.30524847532526,82.1542333433792,1044.6968899002443,99.42946076750268,13.589088503040104,23.551464395183775,14.083713578274764
demo_healthy_85,Healthy,211,-3.370839261153538,-3.0809636999534726,66.95987660059546,95.78335419212732,49.46572432955993,32.0244720928274,47.950961897821685,37.36996642999499,0.900789721362887,94.41366924406125,36.69912442086118,44.32214586526047,-7.151861067741085,490.80568633884866,556.2443246669395,61.04041091743072,92.87307810244202,2087.357530838666,78.28764030113265,12.785035853060549,35.575830428161346,26.10217872462826
demo_healthy_86,Healthy,5021,-1.5984812044510623,-2.9079696714080256,56.84260812128472,47.253728714914075,20.900028319444544,79.19739884151436,88.3118001863052,23.12134871474437,1.1546462496041998,94.16074863257663,88.2466225436251,53.22136523299359,-7.44561430126744,646.249262452839,706.292723382128,90.59022188177784,95.58994225674698,1658.0337844011049,8.59717538739271,14.129620556049066,40.711645464933426,26.442102325648673
demo_healthy_87,Healthy,1813,-3.6962941533367517,5.126740171288775,35.750584536028015,76.57930239095353,11.75155766163881,70.68026903394129,81.40805803623687,47.52218098080394,1.0035389317805377,96.8099284562987,92.25127253530289,45.12560555870318,8.97347345181587,363.9075453918424,361.006612412962,46.392228611005,95.19595760440073,1961.3414705055147,23.67681229970648,14.147210040154016,31.9934193513582,33.55166548257556
demo_healthy_88,Healthy,5667,-4.809713044610703,-6.37309201007753,43.05258064034559,72.36339315272694,93.85813579614295,18.553845851870314,12.956206163060696,65.67756732003346,0.9423049411896509,94.64120029629932,47.777505609524376,45.88951514682636,5.115630419098684,440.82250120246465,649.0217242976072,52.007191226148805,93.7982475632906,1486.5426620371206,104.82726777161137,13.771430261491926,22.28825801681223,34.55278964680402
demo_healthy_89,Healthy,1785,-3.842940431132556,-1.3544681353546868,35.68830936889945,71.87805415988846,9.263525605654081,30.793438842243194,17.58088314228813,44.69696866555558,0.96916735791797,98.6968879121997,30.16726961922772,19.185612806992555,20.261760900618544,459.3846413835287,559.6140994204213,10.866697080426846,82.1928829741167,1159.685509010733,50.22020552934574,13.309329553503241,47.98119454511826,19.33512932578472
demo_healthy_90,Healthy,6106,-4.7158596475881325,-1.4493780773743492,61.05933637923323,41.03481334589541,42.91521149149292,14.025865864572523,75.45385090837807,89.81638257276703,0.828016775426656,99.41235486530213,73.74596605595222,28.53788078004591,28.22755690370797,583.5304243678246,687.4148108446922,98.10048113537728,82.59284559598187,1484.1473056945601,60.168656633604,12.864137819773774,30.442575725812382,37.629423432693855
demo_healthy_91,Healthy,3847,-0.5651674521049999,-5.554655476078603,83.98582352027373,39.15111364473596,48.1818652479638,93.02411712091819,47.73891528281335,16.782918093184914,0.8386197369999008,102.50874915195953,28.92284719475591,36.65036454288838,-3.827718759861444,483.35445786429045,687.8485388550571,50.24129936309384,95.5958921252326,1177.0788014417094,55.499976367433085,14.147155425256786,34.585337118488525,16.38462120710569
demo_healthy_92,Healthy,3012,1.2324631617675599,-2.3904152887691223,93.3568946490602,26.78349652802775,32.12605730481671,7.796264006285595,40.26539389190474,23.01650875263736,1.0648125767468408,95.63189312889267,65.73314771652826,27.748590843004756,8.340020369575189,447.4531129822708,589.7058050752603,46.650926313834304,87.05818458393756,2156.8274864150926,62.914568820532295,12.984895478300396,51.30337729131626,18.279508881009217
demo_healthy_93,Healthy,6168,4.601203759974364,-6.123523888252702,33.675663810861444,31.461979934416828,72.23997854186699,16.767663203868672,77.62498019186322,89.32165593178583,1.0383515561468601,100.39323272820546,69.22279489166756,54.73389441900646,7.710760061274652,358.1711445964972,498.8169280605879,53.324980983170825,84.49077483614602,1761.6305413403302,1.5537206824506367,14.2698031244176,27.78924827938668,9.186806251705754
demo_healthy_94,Healthy,6805,-11.86649437420277,-1.3078095053320091,27.296699964841007,35.141933097435626,22.364756284413392,39.07588346910667,39.66509636203723,35.51069665425912,0.9380525980710533,94.80758149967126,7.268445241354595,25.478229105789264,26.805873661164306,755.5886874645387,687.1220405263714,50.42193555377686,89.44553398089108,1269.05958890914,85.13333825014219,13.976562038278768,49.238077230550445,34.86513731590653
demo_healthy_95,Healthy,832,4.9125837020846514,0.4729626647885008,81.4479110157115,37.76136602479751,88.6318019605535,13.490735237568991,94.48422612469545,74.30816463429825,0.8535775259167577,99.906066832945,8.076146983543413,46.49691712943476,28.764254396316545,569.1569214838948,654.1557802816224,9.78832802148597,85.86293378857138,1433.3929106279063,4.67037481109081,13.406788957628098,27.81289787616494,19.78205036305259
demo_healthy_96,Healthy,6132,0.37618981942028545,0.5376709002681721,87.56201901013904,48.33738683315643,34.50269486245874,50.22608444016314,42.596895772655564,28.163508174963148,1.0009645569265841,95.36621559770948,36.673694872066946,38.93423811684135,11.016779241933495,675.4779333043823,378.09201030617646,96.977157883101,92.98610829191892,2346.528492895829,92.19502103133345,12.855787066532956,37.479023353495506,13.099355635873572
demo_healthy_97,Healthy,3095,1.9145690041414452,6.29557424667368,43.441452004983404,93.66390748064542,15.366744798283461,55.74761631241826,69.89364992000529,10.29636835991886,1.0352281719542333,101.34311093916784,11.077458297624805,36.9529899309452,3.893630194842041,598.203736737722,314.5915888562687,93.70514306705068,94.52620014400624,1056.8577927949202,35.55924728016151,13.657742954375477,44.568306455467265,21.279680454807746
demo_healthy_98,Healthy,3422,-5.663721148332013,6.505791743260154,58.76632032403801,93.0121874691403,12.898344449439554,15.261727220109586,88.66689689518019,90.27437405403064,0.9332982810875308,97.19648398294484,45.720521135128216,33.39798216248976,0.7420799341414472,711.2201842908999,376.5214963245961,70.52724094776515,82.94017948828962,813.9396970219086,71.91035198346127,13.21022854363187,42.25199753064005,10.82063606506491
demo_healthy_99,Healthy,1175,-6.014254474597305,-8.702514945139079,86.33870631180594,22.282349864005983,33.81448720035824,38.15097477857097,53.34553834941367,31.718163695667286,0.8418270671881858,97.31990542663723,27.909438316455393,32.27908778413895,1.0601389605212077,405.71025979107304,548.3980765988437,38.815383457806504,86.83536750437288,1630.9442939919154,84.90465949283183,13.281962321426324,39.738221224566104,36.98607876104529
demo_healthy_100,Healthy,2197,-2.7369371766921473,2.188278367671531,29.11030771551048,48.61889843223312,67.84865670817294,93.80407212033799,46.25386620453613,13.350690871406549,1.0223233028966323,95.13907412911564,72.6367604251454,36.78404890608578,25.277842945355182,697.2936769016914,549.3160878948775,61.243932925318155,92.56398413615484,2140.050752396901,95.5959164904703,12.66557435222919,38.579040981518204,14.488079293926543
demo_healthy_101,Healthy,3786,13.11518259850575,1.386447656054234,54.41557353227067,26.929380530921616,35.51212633278438,68.33999250862021,23.39235906904749,13.422465080453547,1.1396903529619182,100.87789314622106,22.981543759231933,28.81552710690969,36.71522814802074,619.9285536443763,540.8401219383594,30.762848542413035,86.18775201833131,815.2139708388803,80.13300535921245,12.677715405102392,18.179721497759324,29.884852635829375
demo_healthy_102,Healthy,7115,-0.5071192890688406,3.3757232994744903,59.02316746926111,49.25227803841948,34.217930039930025,51.954279276725615,43.803586142700354,58.835109203669724,1.1433232289803938,102.9550847559143,12.086896089462542,32.23328848846963,0.31248500527323486,449.01782748425614,392.2375885322746,17.45371316267883,92.69706474789807,1568.876425668239,101.11701404389483,12.658666397844625,20.478186485883626,20.098207487910322
demo_healthy_103,Healthy,6834,5.450359783603827,0.6343348814792128,94.02208201536365,28.806364673615267,22.830596727088164,56.62766019161381,49.81984617138411,57.23944674825603,0.9556247001550767,101.44086123905453,17.472249629821654,33.850527896134224,23.729045028428004,696.7534913357919,430.00293892410855,56.77455990937528,82.96795923010166,1031.0264953845178,7.605197871272593,13.91018560559734,28.658218842719204,29.712358705755133
demo_healthy_104,Healthy,71,15.43510462181838,-3.7500086812425577,31.225012013519784,12.138085581146786,10.065993168379206,81.82671558320605,26.12331401467062,54.34459860723698,0.9734479131448204,101.15972973605741,49.000847132360356,36.524451104466976,37.49822921699551,352.06218723964344,642.1238118231284,5.174974560388479,88.68708277402159,2212.452459489489,73.17353621645334,13.83338631485904,27.742739443489967,20.557243740843628
demo_healthy_105,Healthy,534,13.406317477186093,-1.35198471047721,57.35595511005677,39.420851668929046,32.49325511340531,27.576760248960994,37.85425221962826,18.49473301406546,1.1339575487212865,99.41907452650085,17.04077830344699,43.67279536573305,30.992657527906765,394.0171225850843,329.2762733951414,0.8617257133752054,82.66150474399079,2007.7147247007942,108.59049652458631,12.680784580457297,45.678625485956026,10.155864975228802
demo_healthy_106,Healthy,6124,-1.1404300374044694,-10.27380653837647,25.765430477746463,63.56704169128833,94.2120165326025,28.185568055464618,22.054214946849424,16.153330347816347,1.01989202316402,99.36800589424246,76.30437534533621,45.86371112395886,33.05690876057401,666.7708952043047,373.74285821654445,55.58774048757611,86.16376742731012,1294.145876259979,102.5138806152996,13.827412629120733,54.059845290290916,20.507376101562336
demo_healthy_107,Healthy,4287,2.8820057752882775,12.659523388710888,32.51009402666088,31.3031795073943,52.487272454403396,11.063687461970561,88.83157363780003,16.145931374903373,0.8912730687100865,100.88789101544774,13.724108761038234,51.310289685770144,25.38224465323664,312.93801141225225,578.2496481914003,63.16285421713178,92.60289205835886,2116.5264566074043,79.01856194904705,13.65511733148775,29.931142787525772,28.918209854897874
demo_healthy_108,Healthy,1420,-9.65284025561983,3.3427767162836792,55.598962953986046,78.0508728768767,94.79006531047723,19.43503916609625,23.216475155338607,53.54939827979506,0.993295143014197,99.14412806056046,9.416664295184574,32.958228884226614,18.817000055015797,560.8918486263822,562.3736224134518,72.02160290026637,90.98166084677199,2053.9012063925675,68.72366981530509,13.567513792566968,40.429267868849,11.035801002599971
demo_healthy_109,Healthy,6892,1.7443990672009344,-1.7729377362567904,86.1091050781195,71.11464006591937,13.136727062470783,58.3047455399964,24.956418887338906,71.06149038098506,1.117878706903149,99.34110645330976,58.222634877653874,30.52788339880012,12.527500973420231,694.7720098313658,592.727352244892,51.97536596958431,87.15525340747719,833.1265681761147,15.730814145902363,12.947445341170868,31.815191100570964,36.324309412288244
demo_healthy_110,Healthy,2785,10.932331328057055,-7.610996375957142,48.68138672220748,83.41575719959512,39.50085140694571,74.52552254201721,77.24344785141909,14.973869272883372,1.039117510945642,102.63186457034,41.19242674131985,19.884931293111823,34.47192375186241,704.1598151547919,500.1850657161408,55.225312034400964,84.96437543886574,2102.0937466486516,54.8460042231339,12.660980031256601,43.271553388612915,36.514888094081186
demo_healthy_111,Healthy,3666,4.91462501347283,-2.67543576688356,28.732755945333846,94.63162712843625,89.33564523917313,52.917378774158244,62.80856705043816,46.63400546397275,0.9711155321555531,95.0750359233583,13.707760852498641,26.611089427018936,30.48547433470104,349.9995043531264,364.28137988076696,54.861405932220755,85.01183705309585,1019.2910297843487,61.964786586775844,13.262567887793908,41.167893576097356,35.36616021226029
demo_healthy_112,Healthy,3160,1.9664788197116971,2.920845366761451,83.0361308335132,66.81573255754768,60.81319917189927,62.52913939428514,67.14459960960318,6.483398053654131,1.164913328497834,99.27043385319021,75.33192554621795,31.959428045270435,-7.429728159873386,524.6726367406931,493.3074548853273,43.69892883114518,86.75603875826907,1162.2130448860414,58.02993619469011,13.27550065144829,53.88747967284292,13.187819233007943
demo_healthy_113,Healthy,1138,4.595732716357398,-3.8099576191349516,63.03164233651699,54.93522312767331,62.93664188818458,90.5001593516787,30.669897694448064,67.34944123294969,0.829014473081866,96.36149625460263,46.73477551969335,19.146807173801974,20.41279518546739,605.58909203282,603.4965888255015,51.65745048430123,90.45522530970078,1403.507664609504,4.537833575721879,12.779913340394124,42.234849195454174,37.86665898757329
demo_healthy_114,Healthy,2753,-3.5190939055197856,0.05491446291200661,82.8742379609715,59.06844111003761,60.79243821656946,67.70524507470981,82.30696247240876,16.00605834825368,1.1534255906589508,94.23415663196413,80.25797758619979,20.8393957827088,0.9528977338264255,281.8691902629437,464.8180845465787,33.43592267173923,84.32390076081839,1494.2987653264454,44.26079714894022,13.981789858857734,51.0458213245912,27.577017553012457
demo_healthy_115,Healthy,172,6.273840721255595,-4.326714160509171,31.211414510552242,46.617025545174386,89.82541573101331,90.55983573225372,42.00828593440032,65.06571992889177,0.9844284154074396,100.78114485492708,7.842319762369866,23.333814510090264,20.253144963005564,391.6250859726705,566.3840576638083,35.12229274612984,94.4130378137895,2101.7779861739778,54.21215800756604,13.991211156770744,28.032101790698345,22.82779330435588
demo_healthy_116,Healthy,2200,8.61003706793361,7.45062171148286,88.15047678863009,88.97292831018335,91.36366358535453,25.550260846873336,88.8641861715784,56.40918722167979,0.9720982302105348,99.04336506371085,35.834212098525,28.67646125755523,3.1004595469663236,319.56543493942087,488.4198526877062,88.77616757138874,90.82212756984138,1609.6097940470263,47.14522100760082,13.435922927370946,25.743261860162185,32.68807631579291
demo_healthy_117,Healthy,1470,-5.946637893524103,4.839994022769322,78.19895080473069,61.73821378249608,82.66337374593456,31.1945317205585,84.34554991185769,70.64694136393737,1.1075499379942337,99.98121738574582,81.17087152909724,54.74465792055253,11.327491308133379,670.6795281805937,602.5066893782955,45.2870165712018,94.97728599625516,1400.8027837947811,62.20125079038613,12.790696242583731,26.353682180451848,33.22088511601282
demo_healthy_118,Healthy,4984,1.2282401161231795,5.894772892958242,59.412723400821804,82.52352652155602,85.56477059963656,11.31029888397655,56.73386581161039,47.05460311031011,1.0411414661697682,98.02548118217442,40.878033876807365,35.459586359891105,18.771959922795048,520.4719412952529,477.18644746949724,81.78353099580808,92.43907187733001,1313.274515398968,88.06348292668525,14.136571204208101,23.67921159884505,25.480473851922763
demo_healthy_119,Healthy,2891,-0.9307987870835606,6.765367887710296,41.714973055107826,70.42631717557286,27.96121904518705,51.002938708694884,90.3781821124573,39.317678461079105,1.1352658549467547,102.88250123083505,83.7365763924647,24.137043099763687,29.7042780986175,295.4317096482694,440.9188665016816,87.07333733178638,91.64253097863887,1629.0217051074987,42.66504275908826,14.062134503646515,44.253660946084175,22.0521595884702
demo_healthy_120,Healthy,3685,9.842124563389866,-2.5681813035745504,69.99626350335072,97.47949084315933,27.253091597609327,27.470334104044383,17.554896316597095,82.45071997462689,0.9015031145480802,98.528606740524,94.17852302019841,18.449213334115612,17.59836016349653,525.898740498374,631.4257931486711,35.528153955277695,87.74477902458658,1027.097667988125,81.48967547993654,14.012476036538667,23.05654286881672,19.803712219649654
demo_healthy_121,Healthy,6432,-1.6282589575903472,-0.09950835453292678,45.91313494358426,59.953805654729294,35.0684473693958,29.484067025990246,46.403373641289136,21.337079729872436,1.010665086745414,100.36026329181904,56.7765457365652,21.445045241765644,30.84279625161637,363.9893619939943,611.8135202811192,36.05651107758504,92.95865887278543,1090.3502906188205,20.532831406497277,13.494646523191468,19.218632543839338,14.758920163470002
demo_healthy_122,Healthy,310,-7.676980775483387,-5.1601612258078875,86.7454396606673,81.77654836478611,83.27158661362688,67.85856991209559,65.67377605645683,52.258391001037744,1.0550034008168734,102.27198698109945,14.046980127503758,29.683285680305374,-4.667071214589896,733.5064825331385,464.8221143597185,67.53444706761884,93.7756809030605,2385.150409326206,17.796070357149233,14.039122690292812,50.83464723105924,9.466261305526269
demo_healthy_123,Healthy,5229,-0.44861352938836685,-5.70103428325579,70.40177540293024,56.264337643497825,28.376802687797323,17.169922580358744,15.525250978028746,14.299057193764252,1.049604414448448,97.16269766259585,24.49700943852852,43.59974843011841,23.595080025257474,538.800780331359,690.0805957582913,38.54142314414213,93.7020815977701,873.980023088124,81.3814203442355,14.379205344897475,49.324134002649224,25.38994157930178
demo_healthy_124,Healthy,3828,-2.416697646637438,-4.722114392015458,78.92767682269289,99.84056330060685,49.32166253003897,10.517365919609805,58.627215565788674,15.712173498395174,0.9081154156801996,96.95901920175163,70.79268858335695,24.80090058350452,-0.37536444525178325,301.58283639943716,661.6903707227852,69.35054243560607,82.55925051864678,796.6823043028891,61.454172612256166,13.10856192231608,40.07887496598137,21.03812527042896
demo_healthy_125,Healthy,4535,3.8325562900558623,1.6577084756684632,72.54017579072254,14.864888045673927,91.02744807700329,93.2681721117517,71.51671661147712,46.86912244072158,0.8991976381578141,101.31264706223168,71.271868743232,26.212299463755116,12.755903531234221,502.1434901520568,640.1488529874462,68.38446843340765,91.00434560956077,1822.2152472294094,29.75170873207268,13.26908026769316,19.689504561158127,31.608234074363715
demo_healthy_126,Healthy,2778,-6.065213507137905,7.522533592946134,39.65990970216002,62.90397366121263,25.92977136833082,10.778796640891796,74.07566743828085,38.882249096572934,0.9568848102037495,97.88186453364212,78.35403410672845,29.870965149773234,26.869665717860457,730.9815235741808,563.9993701254077,43.16810811770247,92.46905612405331,1505.5306600897861,45.58699982189549,13.54550969443083,29.75572638794387,11.127506488400035
demo_healthy_127,Healthy,3151,-1.5576841880746473,4.849022436958727,53.73090314888127,60.12403490921053,88.76400630850821,8.260009794077323,60.93125658517498,46.19616679850696,0.82729400615349,96.24593358344848,15.66367271193214,26.021383392063456,4.630231199202237,472.6270409834542,503.35812100488954,0.09899939263861013,84.26617104880238,904.3845362545212,60.46407391890181,13.192334766722286,38.29071623328457,14.654699065240335
demo_healthy_128,Healthy,2982,4.055873134841541,-5.156010342197925,33.88011235732018,23.189214385912646,93.31488715939454,60.58942161529965,59.92609565334655,93.80283813666766,0.8518379569388757,102.7705080328806,23.36118318986368,41.05364563179531,11.323844003928418,464.29687046904553,688.3719311005527,14.922772844025644,95.95896615506742,1375.556350801055,71.36523942774099,14.342232116670049,20.131238864022066,35.68593088775572
demo_healthy_129,Healthy,232,-3.987520033551581,-5.22631390699237,35.44289287204438,58.004868774792904,65.61623432527193,46.06225766489136,18.948666029545105,26.970716757701897,1.1275814047576593,94.31023893549487,68.7975870596731,54.977431351037495,-7.655782179088735,357.30192775357114,570.1063784108419,5.999083458534827,90.25705977398202,1878.6001708757426,64.69609829254772,13.257332465437921,43.79944495150564,25.828832840414613
demo_healthy_130,Healthy,4181,9.175880873803772,0.32294828471610826,71.67832999833149,52.46123566544624,33.9425692582506,12.729758849381557,27.016441948312583,6.00680777781892,1.1751853303089872,96.00234026915867,78.33883484168354,24.239860626784207,5.0456528818564,480.773113229616,409.2266055051383,79.83508127598611,95.40770771221592,2194.2358980239,16.89356536425322,13.998039617428724,23.47403579227432,35.40143319686304
demo_healthy_131,Healthy,1542,-1.9946552060386213,-4.087791991649827,35.991784813393494,11.062817936110415,27.31522924947963,87.26180569531807,76.75359730450047,92.28143369756475,0.8562741476036942,99.32960869155103,28.143542662769896,38.088843113579074,6.740924735918936,416.0634641168116,523.9688389313148,18.33181618695403,88.56786811760963,1823.8402373226575,14.100028050108445,14.275069687578428,36.71181387980262,32.58583915653027
demo_healthy_132,Healthy,1447,-2.9099383455703443,9.439619857647331,86.25699279430307,65.22448915422316,30.039543654925065,13.955867857891144,59.56255575051273,10.971752339352296,0.9068656426082309,94.5463646614172,54.39988301059104,23.932510622886117,20.07873669393977,659.6152628143684,638.0651315550567,30.954350813762744,89.68536345772294,1678.9677541424921,52.017590036958325,13.779205004564577,25.77322358147074,37.37729718760383
demo_healthy_133,Healthy,4728,7.069109116903107,5.281927930154415,66.58671908658314,32.036927247434434,72.11075005942698,12.603280610936476,74.69760510039048,58.09867000187122,0.8598701146227046,94.71555006783133,72.57527000928162,28.838628540641977,32.90788513529182,645.7950500944845,581.1675125701494,27.860605263345096,91.92522326630265,2314.443679449476,10.07158178076258,13.187092755606418,26.68287382207898,19.79750403202
demo_healthy_134,Healthy,2562,-12.769017251914871,-5.090588057593428,46.99084216548397,22.71603403783905,29.02402840439557,82.37122711177884,59.21752659380694,39.01898058775104,1.1043661534248115,94.58011689209418,27.85019791301471,26.513816700121552,37.326769859738214,618.9273195485249,544.1815307387349,0.49849652944728984,84.580340029258,1798.6431334055792,41.76912591298323,14.26370469062231,46.294796108245045,21.4215221841236
demo_healthy_135,Healthy,5360,-4.70555105349108,-0.6252220792994211,89.30652305429066,32.3807195832556,84.79021222996505,13.779023609568439,63.360335352888185,75.4554339550206,1.0412582389308733,98.45981323737288,60.56123899331175,23.61155722483945,1.9162526751900444,409.5516850990441,534.9784966898176,44.19010737450705,85.42266179480175,2206.6353980385575,41.131402432254575,13.402857094613804,33.1589398323128,13.458288658302578
demo_healthy_136,Healthy,1080,4.916685435707386,-1.6706036669015423,92.4809591651858,83.41872504358723,70.1203418682623,83.21826834666761,86.61265282449952,35.37407357459948,1.0399451242300115,99.47927028285035,29.056970192953727,26.21223330354149,-2.760266278324984,596.4708140398973,619.2227358741587,76.09529795170037,86.42785528058964,1088.6787532675837,49.89755963000841,13.58426422843292,52.00622373483656,34.24469462822162
demo_healthy_137,Healthy,5283,-3.1880780008131087,-10.223641315024103,92.52068431054178,51.894999745215166,9.272614768978492,12.520582893363041,40.12485275951089,28.191838214569753,0.8811786128899842,102.57883397057783,22.58776295695602,53.497033075663545,26.998586654775522,587.6539226201073,570.968721641114,33.1474323659124,91.04997853281596,1058.041995164088,103.14759757895774,13.143228011929068,27.44190095486106,29.334883945824725
demo_healthy_138,Healthy,4310,7.558235117282436,-0.5951425330006261,36.16451502325993,70.59954766617595,29.354962567567448,29.55523790088116,19.59619414494061,34.913942153254816,0.9392503817120781,98.08761110532042,22.137755419971455,25.141278837874353,16.919974296508506,341.8611542418281,576.8926236748641,94.39471258625966,87.9751387033013,2236.823766698617,10.814825023845088,12.67732372927616,44.69064846801208,30.830647189444896
demo_healthy_139,Healthy,4747,14.830854456332816,0.8525409300982467,79.38349384697813,43.88848595169236,32.300386941397875,20.572152920896723,94.64141795922744,10.729723038697726,1.1177228852588796,99.75544991941474,71.15723998356805,44.33353343710647,31.4879863133664,368.22019353093197,260.3793237439553,59.85284890432661,86.95402095052667,954.2490963432772,20.475262951466274,13.1971487624266,20.59863472280802,9.707396063853526
demo_healthy_140,Healthy,5648,4.4359561540494195,-5.808666794671733,92.50569058312799,22.83141540944024,69.34318726065719,59.07244002143623,67.15823657946382,13.65719000130273,0.8878816283084409,94.68974795305793,59.372078469536405,54.50386980641637,22.911288732265305,621.1655368105262,712.9091191099093,67.80115541717961,82.56254201679859,2180.559241413386,40.11461194166759,12.607854518726487,36.767664569750366,36.11045002628791
demo_healthy_141,Healthy,6600,0.7907905620649197,-6.467524296691879,37.16438214476735,15.192340449979609,12.249045204180186,70.43098153652198,82.76670236679341,17.896895532724198,0.9237946844117687,95.75526520880345,7.417019923378514,38.4769606858184,24.19641982633179,590.9811908248339,438.50463175903394,55.501024593990536,83.31739029290715,1004.6011358924293,102.49740815082816,13.970713946075815,52.14134654553119,35.50040853498102
demo_healthy_142,Healthy,5354,4.010506111716056,-3.3484071403610156,25.253137134945867,15.631400426154343,14.853859313073368,13.581810786457423,36.65321517652371,68.11437263984219,1.104633570376178,99.31191946910162,18.17925571012816,45.672359279482485,8.320888280329552,286.2368073624622,389.0707654450647,33.06005541409779,85.83943749305344,2089.5857527595163,83.59190373534993,13.851993654742754,23.143187904953816,32.235017291188456
demo_healthy_143,Healthy,4696,-5.453986167082305,2.092495372751922,70.36657511970614,53.51604769033129,44.541505567060256,15.091084712514993,51.64738482606488,13.993862807512729,0.8791312194115359,95.19291682847286,90.86974511630069,28.539993546423933,8.339398885416355,434.59869102209734,673.1952047819461,56.296591133488846,94.86823858506636,1244.8760946160278,12.631814187514385,13.601193214903514,30.784868696230646,32.05720500472245
demo_healthy_144,Healthy,4432,4.66084619319088,-8.806447023212725,63.71091044410841,34.38283540476812,49.00779638098471,8.357926316263484,77.36010442367608,14.129154576897886,0.9311494558610818,99.08784892304449,8.8677613082209,20.934725269713585,24.02135245019859,314.453004669169,479.4581184737932,33.86956334207504,85.19311171138983,1061.485181475048,83.97524231058374,14.31277594767051,23.186650461523275,36.79043657522381
demo_healthy_145,Healthy,6339,-7.81067842448106,-1.0322287920526974,74.69484646998073,73.37070013191229,78.78299973671194,48.51217862129277,53.0022728763231,34.14443022170743,0.8578927337619221,99.98176171833597,8.024897226762583,28.198496890084627,-3.665426235479388,371.54903551490463,553.8162199327951,62.847663020491815,87.89476878193997,898.7837612076604,47.67113081053492,13.234940769344927,44.65698865567014,25.370798245971553
demo_healthy_146,Healthy,3955,6.011003817296447,7.134923836132346,77.94059551924153,54.728160441411504,48.130035160007985,7.383119117446711,89.8258336987826,33.72565745905967,0.9121380694770677,102.99468032848904,69.6820704354072,19.752459612073654,-5.153268056823483,292.240750700895,535.8246937759197,7.156450006195181,95.06743699582903,2295.8957910374183,60.06594734228877,13.709950076512712,28.800092856434244,9.9191762722482
demo_healthy_147,Healthy,3569,-6.909561200447737,5.568298533706494,30.98903487128752,38.01007982838014,6.121909385409385,44.06320541806844,68.6912819072069,77.1214038279745,1.0375506293676116,101.62186782802522,41.58519833903993,49.404567147237636,15.297772282925447,387.05734143918176,694.3069974638144,27.497087383711648,82.3668207786291,1150.4121708757943,40.335631738317055,13.232429429920675,37.412697849412154,34.4938064610777
demo_healthy_148,Healthy,5820,1.9831171715255709,8.059552387337451,82.52411415612403,24.184136195963056,14.315924147905264,50.26957279138416,65.46988271889427,76.59726809816898,1.0322649470459138,100.964647851871,40.34390527048314,19.21610379985935,-2.659431836528399,298.5868485899182,411.3140792191866,49.54913412686823,86.98844477119715,1674.989133859547,52.86700633420664,13.820297043355092,42.67760005184603,17.541924413260382
demo_healthy_149,Healthy,2147,-4.443094923006718,5.045499018670028,66.75027275235892,38.322992227341985,34.72860971978827,67.46405118675324,63.26697405884626,17.154572421179722,0.9787750766831416,102.03435470839531,8.267510849402768,49.64106601991591,-0.49380477504939346,523.4793435816237,455.1947573045853,1.0129337341458822,94.81555711925485,1500.6266251016043,104.96951044366764,13.116139021762592,50.052203616390976,35.671687219868915
demo_healthy_150,Healthy,4809,4.224090445929924,-5.044829887941265,63.42846465706221,95.00766992673633,44.53448556294426,29.16622828758398,17.445830134469638,67.87702118180115,1.1706794628330095,94.25509393514258,71.64008193003141,52.29642341470767,-4.56004942554193,332.8816216509439,578.300265286866,64.79633758957884,82.96358381442744,2126.797541049408,57.57662326293816,14.232955272005903,50.485662596730066,32.37523307150497
demo_healthy_151,Healthy,4035,-1.567586346247524,0.09495593320054135,60.418285273779276,19.073024002160206,64.29615336260835,17.057949730610687,51.00556662506508,9.894377675013601,0.9278244964988724,96.08872414602808,60.80283884405034,47.11110834483282,-5.3640640911357975,688.1361688745844,655.9531396791181,34.22690742880228,91.22605692358451,1414.3115023106916,16.960997040859464,13.551592353413598,21.195307956559077,34.354164661879636
demo_healthy_152,Healthy,5000,4.954025719821956,-4.02859083306396,64.03190137878184,98.61466389408368,27.31115208480646,11.835352931468673,55.574683124105995,34.590703802909296,0.9360419582108959,94.06376818752953,58.661546859313965,27.76924698419772,0.641493216863326,299.4073270686418,427.60632517878116,87.89688723864573,86.7133913063632,1870.4724466973296,83.2201659742098,13.19058145654236,48.40070719544553,28.756389790008473
demo_healthy_153,Healthy,6659,-3.503321634553314,-0.04139941964793485,27.45635361459657,99.1779259695457,75.40555311532034,89.38087328956523,86.20728844262247,6.839868482847575,1.1050650243247866,98.06031169610038,76.06023836005902,18.24848401404525,5.257167855225955,640.6354123798251,624.7895627567314,61.9714601214624,86.21758665224769,1262.0982756249737,106.34403600062359,13.390581922621568,34.543645359021966,24.569982507220985
demo_healthy_154,Healthy,3402,-5.423275737485249,-1.3011431528156057,82.87004437215307,91.81459178184555,88.88992338338255,55.78665852464479,44.79337017180458,68.4716052912654,1.1217964928665263,99.06684017859739,67.99829196400351,45.73998597668618,23.11411372899519,638.1441067500685,355.97685297575924,49.83745470217975,90.23575976447123,754.0885859140881,94.15587596950502,13.698044115200842,22.77804427283352,32.490712177274816
demo_healthy_155,Healthy,2983,-6.635011092912707,0.32766290415025356,52.44297233032994,86.87822560254929,42.2624823919126,56.34582376510322,5.057807332988635,63.0385803210076,1.0785432851660572,99.10398428939914,49.69029353392544,47.96764952733321,23.343144989601125,413.47553906561103,701.1737355167935,70.72671941953408,95.83114500477394,2352.5811718436325,101.08006950910989,13.959668774205554,40.54888663438779,13.165119910487727
demo_healthy_156,Healthy,561,0.6010178279608425,-1.420495026803915,85.77673898839603,19.869030927252844,39.28463132437707,50.536797673429156,43.90927662821973,14.772789303939778,0.875270185856067,101.53855563569938,48.59458332813059,19.802729789850922,-7.241402087028104,507.26819295727677,335.6142139252441,70.51259459992218,93.13452847538852,1126.6895689542243,65.13946393699588,12.878000358273695,29.232558108992322,34.663864825443
demo_healthy_157,Healthy,3939,4.6332688641150295,0.5091030655164931,40.76734629256549,39.702190892379946,47.385692461113536,48.20720676750886,94.78831704653304,15.300078707401708,1.1267074128165726,101.77313835479683,54.78787683840086,30.72937522558869,15.884400797261623,420.38449830715064,627.5894262823722,49.827915871033014,94.96179050428431,1777.4407181874722,56.57512664261517,13.879924837159773,36.645519683918664,35.135190512583414
demo_healthy_158,Healthy,6402,5.8485108905194885,6.550198464334751,85.25133533054087,53.4617049133964,80.34813944038376,32.60966752194847,73.57533607077576,17.640514255012036,0.9305386897465031,98.0115939702376,34.00877463290797,32.31963327809479,29.724818260050107,403.20442822824043,602.8293391911031,7.371206911165185,92.72034750521085,2056.8383506691252,44.186865305273024,13.900460081701446,51.86012093856867,32.0213892066358
demo_healthy_159,Healthy,1376,0.9691479129230804,8.240560809119398,79.55502813500638,36.33351308642112,77.34944662779861,34.526402830484706,77.53915241469844,12.8120399015651,0.8359830268878123,102.9790790263284,83.25114109112201,50.665357628249545,35.75887758990441,490.3918285189542,391.94435515287,13.002499501790298,89.0169278695385,1113.079728786403,102.91059424132517,12.607205692397002,23.298279296495497,15.394275592502805
demo_healthy_160,Healthy,4433,9.409238682382993,1.9236165729261703,47.92584548192045,65.3521943713036,85.12321402816622,59.23010889731318,67.50795121577434,37.89529683992215,0.8775058483441752,96.88525656204915,91.78543838336972,41.00702122476608,4.7655114939646985,496.43932823780983,644.3359972182575,66.84435707057736,89.84913977020835,2210.5187464458377,73.96835294384694,13.756913515423971,25.021421076798422,11.191660490372232
demo_healthy_161,Healthy,1480,6.293717198168654,-3.804323725240884,54.09783864025003,63.011873881919584,10.563076496454384,78.99145465136961,24.49809820079024,77.40914056861523,1.0123762395748999,96.48914812291213,7.718895341786341,48.18583414708441,0.11716650758810587,304.8664555071393,607.7037561799052,35.00432223729788,87.4506760782831,1157.6615190131863,94.50963265665868,13.135193146991757,25.777125080787883,17.27749179008468
demo_healthy_162,Healthy,3917,4.354247899912332,3.9247714434395906,36.09710203836208,47.53475950565331,84.15201700308887,10.156167205005726,24.14072360840276,86.75111079874367,1.1404052826975717,100.11505749966346,26.642619868571416,33.53299075906407,1.7161657441463927,341.72248438009757,434.7992614763901,57.58216050703502,87.03905745650728,1757.86050826885,32.5880208917236,13.222530949969423,47.25492289085055,34.34944192681574
demo_healthy_163,Healthy,1510,8.083939449681353,9.004953003443685,44.47135987245876,14.800117753668477,71.40714632243672,20.39031349125353,43.31412713722254,48.834094404124116,0.8864097703044781,94.85099815597057,36.32117132039635,53.23457857936178,20.296237139467387,463.0769096333932,277.89897755613885,60.027328139108185,83.29160697309521,1645.1977172284185,82.71455590989171,13.362453626930616,29.0782253082114,9.421527014527959
demo_healthy_164,Healthy,3511,-11.116367170141668,4.308792471016836,72.90140737758333,15.474688075122529,18.779033822303937,34.81491140776103,65.30838567337135,44.51316010052872,1.0843102245585683,101.80838079015874,73.25350489386886,54.71314667059022,26.700609161655883,689.0460136035763,642.8885248939005,73.02657622800466,93.22522543318247,2292.227325981227,52.27281163789218,13.748916643042579,37.05276969819259,33.53110961576219
demo_healthy_165,Healthy,236,-1.581540900949461,6.681897289384121,80.95482025399971,96.56974912317315,27.40286293316769,68.8657558897321,73.12275478827377,89.26506435241991,1.1464848704999913,99.16173275537604,57.12378672775818,24.18977545095649,36.84828431149347,402.4083820976449,593.3786604875943,79.57950048053125,88.17701706455934,1098.4696380479456,20.785642264165542,14.141692801622865,36.89799000969505,10.704109461148
demo_healthy_166,Healthy,858,0.025845854058958152,0.07442937603797725,46.67002502209827,28.02437470811288,12.63725991994409,51.037802297388275,45.56638290364586,72.61809301428286,0.987256931389493,97.09434372031934,28.548942406964965,28.29142958238893,34.68100348407944,359.23772900214993,714.5611552962891,32.69194551922248,83.23746329584496,1160.3391282999773,6.425581751008057,14.02205358449505,36.964457764020906,18.109598566004028
demo_healthy_167,Healthy,5179,3.369246927717869,0.6838705865834953,90.79104624593131,96.51344650735417,66.26153980988647,78.60343345197516,76.31825903016608,49.21731794299098,1.07360498369203,94.70433106915213,73.22189748352763,53.5878212661176,-4.091161356216032,681.3355766040902,689.1708122586648,22.618888980206208,89.34735662652885,2280.966072013931,105.62486049752647,12.830188291834169,30.913156345551673,28.9443392345257
demo_healthy_168,Healthy,155,3.1341612830068115,-1.1606284524767865,35.74651766518392,60.60965449759694,63.77810596737645,63.402064798625325,75.0524423700395,42.37532723649123,0.918456657846816,94.14022630038272,23.59668434471482,29.55834905147538,0.19751539810141416,289.6693463183691,332.4258999859881,66.60995535675724,90.81419583061634,2293.87800500677,87.79851205370402,13.621961010314145,23.08958485724882,24.922154567754706
demo_healthy_169,Healthy,1641,1.370764090393927,3.1618809628289926,52.31810402630368,48.50324284266475,30.18433265553085,66.72474028614414,80.68500205689016,74.16652933390797,1.045990754484717,98.84510319399712,7.797576200722734,44.748557951601086,17.069215220610882,409.9557043186657,410.80733787258316,93.56067864697414,90.74107143164117,1535.2555171849217,68.30139136792485,13.344736184974183,35.3967441085116,16.70927770123011
demo_healthy_170,Healthy,622,7.796081583321242,-1.4101452389497235,80.65191851073084,35.468158677518154,66.43038140892497,62.8452783212054,63.73652442271748,59.73160246302226,1.1652766617050325,98.57509746425852,70.90872039638163,44.10162525567937,2.868308554803196,415.9868028096763,455.0478651522052,27.769793046320924,87.13440338501944,1395.085012981705,66.42510170321783,12.99580207692311,47.75879903743743,21.126090703145138
demo_healthy_171,Healthy,3200,4.50254132642146,-2.1973175667344513,57.89757758870568,12.539757895959548,65.83189926340083,35.93390692973626,90.43275326952458,34.17117931412774,1.0229701232863817,96.31648818125153,60.81013660526063,35.28056695492968,9.048900029259112,377.7708875584864,311.29981822686943,11.987913395667327,95.98656024507774,1430.3126993144374,0.2122678660673405,14.315271823126826,18.73925719650307,20.55758376663601
demo_healthy_172,Healthy,2608,-2.248734916309548,3.6110085448322877,57.45380284300082,97.69978350856931,8.538744472994338,93.82029822842073,81.4452396537595,88.60370154137232,0.9117180726751132,95.28212265055842,64.698375143543,37.08679920548644,16.065726194241453,723.8172056719445,545.2372170605006,31.10638351045899,87.60093178985026,970.2681279015546,21.154544430325824,12.85803012637717,47.980779624820116,29.146204039163564
demo_healthy_173,Healthy,5182,-1.4730089384130054,5.7437117491137135,81.90337433870326,89.31098941045381,54.23146053857002,78.78966096377307,51.01753580714255,47.707708026910176,1.1315554680239561,97.47736542638198,40.6321411136632,29.281719775541898,15.86027950155237,541.5280161709411,563.8121268428101,43.05023101095705,85.0497220863704,2180.289402982895,38.06009539618158,14.261298155712314,25.672073321978864,24.801724287086913
demo_healthy_174,Healthy,1837,3.4689295011871293,-0.690235376407668,88.6956021042223,57.828535495486314,57.74984455229298,50.91496639679904,8.242241615263982,49.73815956259383,0.9148778785637165,97.08419362340048,63.419143926842594,36.41479379054192,-3.7119622172968194,315.0598118856443,345.4025399839903,19.088514657222365,90.51621059759911,1043.3938656751457,96.98913656022476,12.977569189104143,21.371863480776156,34.2723804907894
demo_healthy_175,Healthy,3891,-2.4490390559337247,1.9740563557304538,92.13184688087097,94.99322972419965,69.3425200338426,11.204505655929925,58.400611287025775,94.0170141538032,1.160889842232633,94.95402243267948,40.63705727813318,29.674859598405057,-2.0325070823743445,613.5031893994053,385.9702476057089,34.48658031252978,83.26502427381985,1571.6464719847982,17.398465001726212,13.37776276244308,23.303662217822154,36.61549669850437
demo_healthy_176,Healthy,4150,-2.932095413777775,7.033077668253222,30.345326243082646,28.207775695788836,9.929669665139247,17.54576448088899,49.413574198689524,63.663396895181684,0.851442333425842,97.96916761513842,57.312232056801676,26.666350019809276,9.115606929737169,314.48073747213215,361.2602969072237,46.675292591894,95.86619050495452,2393.83735384957,107.75838492367167,13.361555495340589,20.985174001342607,17.707203117480006
demo_healthy_177,Healthy,1095,-9.133885383648359,-1.155298399497451,31.66635272018628,50.78727415441595,35.56962174238673,21.231834947103472,69.44899735928723,37.14040363069567,1.126672428068756,96.16879444236805,53.45541410779623,24.813151034519752,14.783828353748731,353.18392430962535,334.32616721090005,61.22233770420157,85.69300459046073,1034.405923831008,102.27450751485804,12.677405851332091,38.91048016974783,24.44791525499796
demo_healthy_178,Healthy,4690,5.330145149007901,3.9503777473611565,75.48891021467199,29.952743353914087,22.404682384390032,33.339063044975276,86.21329282368278,76.68199834551883,1.1608812248081528,99.86766111429777,64.6629359928879,35.76114697877003,33.63857087488087,525.221031649758,423.3276325657114,64.03750099176652,89.64595290761349,954.6326952613275,43.19979553036725,13.163985739970064,49.33284967541188,19.36527670919326
demo_healthy_179,Healthy,1849,7.847493742679031,-9.85007515985788,77.7450394411927,22.175373566007092,88.21851976926162,48.250390171902644,28.381842106367575,26.73406457283262,0.9154278238869898,97.30051755626171,69.5767579408055,53.13531258732936,22.77572178568708,542.6398100531684,466.3549916878819,82.81944670376164,93.89520083424497,1233.5121628141505,104.87622735187732,13.311207653771488,47.60288856008653,37.004596342466996
demo_engine_overheating_180,Engine Overheating,5345,-3.708326440711245,-5.173604953423725,33.31439861669049,81.02278358820337,30.318365648649465,67.56933407540167,86.90807067171791,21.290886560315514,0.96142882189642,99.8240690926621,42.7692733528551,24.468300840114463,-6.662705748235338,475.1671089769422,558.6361522276834,57.39842081524886,109.12482479521285,2552.08033160216,33.252394156312754,12.7484048045868,77.8172059737175,30.38608120108737
demo_engine_overheating_181,Engine Overheating,5084,1.700648614467823,-5.170555697648551,62.74931875775077,65.53206191445047,11.592138755079626,21.03207293675627,14.085607936830213,73.83316535202562,1.120931589130063,95.6780976387512,24.734457583078193,29.958669711232965,19.18957037987643,578.4621730240094,575.9068209290705,90.51927562134627,111.90080280993077,3176.276967620327,50.375056119992294,12.811674480825133,85.8336833967153,21.8193364783687
demo_engine_overheating_182,Engine Overheating,6929,10.336979300214354,0.8547767609375259,61.30064146459475,38.946010439732135,79.49666028740184,74.37292536491533,50.028405297752336,74.107163807043,0.9164352167478138,99.30555697363121,82.8665109309088,29.76542667081096,14.243299191814188,736.5015300029869,627.1774473069988,88.70390203305527,113.70494121780892,4189.515778903677,13.730904421543167,13.237541166432617,66.56730220333122,49.93728763200538
demo_engine_overheating_183,Engine Overheating,5143,0.9699743182773216,10.994239267411661,68.8771365291212,48.46862717636534,50.92933253681608,50.837028190233966,6.833162631593989,50.27412243449099,1.128149488062685,100.38346610028023,76.61377599125044,32.447944621435276,16.332768897996072,296.07211311860823,436.17905339789803,47.4416044892644,111.10417799198163,1293.7229369719494,62.13672979010569,13.070175501697685,63.70551869005054,27.999470161140355
demo_engine_overheating_184,Engine Overheating,3566,5.194902019078917,3.5673023122224388,65.66099439054673,10.569218251576181,86.69263131845803,11.397865725057313,45.58322725843951,23.663558771544327,1.0085616529731551,96.52207097917425,82.40058482563435,32.66531385660955,21.382755565348116,399.4622695109819,268.92682922724805,40.41545356132761,116.7297297911658,2578.6414537852506,86.5812927436974,13.613678347692057,89.80514102814278,29.802403612558876
demo_engine_overheating_185,Engine Overheating,3900,-2.373861324756006,-2.549885881671281,67.82322481139497,98.72678803980949,63.858847977600526,85.89352031032261,70.31752112473224,16.464750955227505,1.0717925357160325,98.35884029816934,87.69181936841082,47.85287454604684,-3.2098043700676397,344.27950895370805,292.02106082735855,49.32448747446174,107.61543518414706,3371.035009724082,49.712272330538944,13.871770035106284,57.590810490209236,38.76563136644563
demo_engine_overheating_186,Engine Overheating,6701,1.0256302267697999,-3.890619209302959,32.16535759452835,28.454553867086496,77.56083398506833,14.523307491621452,60.298474535434934,72.15631705536131,1.0903892177738335,95.71054797947318,10.546159853985081,34.60583619957205,1.31432588124912,615.6499883266902,424.07868784149366,44.93539410331321,108.26969866203423,2902.650859644575,16.697177066871657,13.557971321829873,48.20259701465522,57.03578369125293
demo_engine_overheating_187,Engine Overheating,898,2.1402758342157155,3.734234053171473,25.986625182329906,40.10166029846968,18.753193764698665,24.657019980759138,83.54752325941006,59.28841940457645,0.8835247550904037,99.00993460618704,28.02025880824939,54.1194319812493,-6.493167407870018,631.5128426405513,615.5786320480565,6.716276395770027,109.43738728462704,2352.9199773118726,78.13393438761611,13.273999876836998,74.48880825032808,49.320513418273705
demo_engine_overheating_188,Engine Overheating,7071,-11.046217003757073,0.47160078190548727,75.26040999614456,33.70081228620637,81.9040762728972,6.870814202825741,22.61944419887522,77.01799487328529,0.942492956281362,95.34849549423075,21.8079280140263,37.637986871634574,30.924350349869442,313.9123435701331,274.0212181973387,46.51681358368431,125.1237483010727,2037.029410242379,86.32534851603435,13.975362353180001,57.741078437438,50.67792257024587
demo_engine_overheating_189,Engine Overheating,5972,-6.145574006153181,-0.4706053228390933,54.60413001300123,83.39524803329111,76.37714894255191,73.12427023483032,94.84303560937663,48.06612148472455,1.1104922720151698,101.7623053028513,24.044232330831555,19.556458355963258,10.618426500674666,691.2336085296524,392.9875093494747,70.00101540674241,106.14696278128525,2266.093296960713,55.396502528233604,12.459514380144673,85.34731104663453,24.25095908468317
demo_engine_overheating_190,Engine Overheating,6515,-4.365442090928365,10.608374925329702,67.33240993069137,17.591040499448013,10.874951103079386,11.742952663352188,58.090347256185666,77.86212820946467,0.965066587037382,98.00352183353675,58.035893329816524,37.72250237709516,23.65083972265843,506.45714567825274,588.3759151294711,99.73107425466341,113.0059568449753,1236.6463887460525,11.306254099648928,13.307028369973906,60.49160042150935,55.5993037481997
demo_engine_overheating_191,Engine Overheating,6555,0.20506629434744578,1.5030740338226822,80.86276508904132,33.273088394418565,78.77646862541238,5.2754994377683655,60.77096259221459,89.1281435941201,1.1036295827321931,101.68270772932624,40.72592256543505,48.49684100570467,17.338256591392263,576.8993135215355,287.10105609446964,20.155169717439215,117.01928831027105,1376.403173470493,66.73021259289419,13.880114017043802,86.41630625826622,22.070738367192238
demo_engine_overheating_192,Engine Overheating,4679,-5.76597805154592,7.03879402627099,83.81757144394683,16.328002470800982,6.640796569008527,7.245294683598562,51.01432154924302,78.04370701369967,0.8658736015861358,95.12149228671586,56.16921695448125,26.668937230041177,25.5898318166642,735.82498632484,612.37536703619,87.71753663789164,116.3917211514334,3696.9579126526,16.46128655880141,12.336695780791255,74.51788995561087,20.078100150322236
demo_engine_overheating_193,Engine Overheating,6769,2.8943174239947145,-9.182551011875365,91.65405077862384,38.24979906819121,48.75424782814588,71.7521328540607,26.85010869147385,53.76639381005002,1.057408219001972,102.80927789002337,72.02329648181463,22.37084146032574,13.865338763632273,562.6099758349947,327.4466457176023,43.19660569810784,111.68011632671646,1556.4826267860778,46.08377401171091,12.53126616202469,71.57418338635755,24.78787728967462
demo_engine_overheating_194,Engine Overheating,3099,2.362349995886385,-1.9344827532562634,26.83465495841662,56.97976483411624,33.80942892978922,25.256887319713172,47.44425012486332,80.78175826918347,1.1494997939895935,96.72923756333061,18.88192598855641,44.64519655995337,18.771941370975462,376.48775136522875,609.7360625202209,51.89304352421411,119.06790399014815,2278.0171018901665,39.51878051721384,12.560684196749884,79.04321404404034,24.280452966071675
demo_engine_overheating_195,Engine Overheating,5226,-1.5685272430382255,-3.297488480866348,77.26206748385852,11.748050925286638,29.58198913460062,47.15039685126324,58.59899408451162,87.72998894321452,0.9552181499663328,101.87520986896558,19.70863593231529,31.737378037819198,-5.595027502219142,636.3948597066986,329.30026841913997,25.702001564845776,121.50466504386429,2804.15015226813,1.2575447476616308,12.204470409494794,67.97972842829537,30.198220549967793
demo_engine_overheating_196,Engine Overheating,4656,-5.6861180138350536,15.118907263111955,66.45450047794635,44.13393555276456,21.807159590281074,17.429426408187382,26.317454281455927,7.684889721168657,0.9309257063330566,102.11759221163615,79.82259132947254,31.76413899862738,18.488346454762976,552.333068326748,641.2192680291076,23.629010151696562,111.92774977586025,2105.3563012368345,3.6782990794506896,12.829375726578384,84.50611994646032,54.47950590285924
demo_engine_overheating_197,Engine Overheating,1347,-12.23166303943445,5.6089207549229405,51.69442311113474,54.04232769610491,54.924757165280944,6.8232884015971464,80.80180231290447,92.62976658560046,1.0552257323213112,99.94407014644032,52.51818720476376,30.368116233432126,-1.1470200877420291,560.3504044941043,280.67304561423526,82.45025676918739,114.41823398941231,2444.2626724859247,29.44537726283152,14.138707777397173,52.871262874682344,24.052312859008445
demo_engine_overheating_198,Engine Overheating,4298,-3.578230005820666,-10.932032200085754,41.48326192812283,91.5055657360739,30.075490328735516,63.31099281127702,8.644905674003095,49.608857711857006,1.0556451878604334,98.82687799500366,26.405184639361202,48.65438708591287,36.62627951695905,500.4141259321914,552.5228619870567,79.04132683455725,110.82978121243588,3793.3511457863565,25.218081477899776,13.751661607030478,50.04446545918899,29.535468136566788
demo_engine_overheating_199,Engine Overheating,1241,-2.282596565892071,-1.416715868537497,84.53018291404564,99.65145318747464,14.648976127412656,29.424931954253335,37.18383892007682,48.102656702900454,0.9978075075355837,101.70575556833575,74.35033725065898,18.697508424404273,12.931000986826643,576.6754423571626,471.7819700627908,13.064525602570232,113.94948167381297,2434.9670853892085,16.89443302047829,13.712614228941906,59.46303060641146,41.559491622744645
demo_engine_overheating_200,Engine Overheating,5615,-0.3328560975380094,-8.488111547590613,32.998410577742206,37.02877022107142,43.809347131325154,31.868802387692558,73.68683741557194,27.07392587983697,0.8505189073980081,97.72419828895733,74.60413593246356,49.47079191270943,25.73386302471414,547.7856056798771,593.1281828046212,68.13895353038613,110.68733264990122,2852.276676609581,69.35483993745888,12.834241323750275,74.42879160226191,37.25921710075194
demo_engine_overheating_201,Engine Overheating,3742,-0.3189389284185593,-8.276862519935923,71.63520157137658,87.9118331819068,17.72881592232765,37.94950959948044,9.380070935675151,7.666869737875199,1.1762770588018276,98.44124357475746,36.99671167717217,28.1704518351257,37.08058166746812,401.0803770504082,593.8258620393619,28.37580958059338,107.40979010713838,3249.829843553824,0.1467762866878386,13.551497023121138,56.26694695454204,47.84416928286005
demo_engine_overheating_202,Engine Overheating,6211,-8.06541838210039,2.0306862735271998,74.26156337506379,99.11310526501869,26.83628316730606,29.68147150028047,78.21738946224855,19.435712455047252,1.0578101231816386,100.7952373975052,8.344459563742145,38.48919748781337,18.490353892650614,425.65259074806124,663.1185479228579,16.27497192998564,113.28389419011721,3746.006061441988,17.157848094539325,13.84274827265535,48.558112981558004,37.5691626875996
demo_engine_overheating_203,Engine Overheating,5556,-4.070099273046864,2.562974967156142,80.34210423389202,86.48726934221226,93.31360256695899,65.4814150069628,74.21557224560183,50.518245048919646,1.1485852844252054,99.79382543979516,84.51962656262091,26.71172462951359,14.849937913030956,630.3130821106258,353.25200709883427,21.133979326197828,125.56085480811275,2503.831082211618,16.36339076313945,12.862927763963011,62.88192667196665,42.92341029880885
demo_engine_overheating_204,Engine Overheating,2478,-12.914194937125709,1.2021067706404525,73.99456525584074,38.96462527269301,82.14427359038741,24.60185016982834,14.574258437987082,92.59303910878857,1.1310899236553915,96.7328062108432,65.76536447429443,35.27967922428839,6.863897482691661,417.6516211649415,322.572624801617,54.93180822758392,114.93193380235016,2736.559260899833,19.382145073146404,14.077221341546494,73.73660383487437,53.98402629533347
demo_engine_overheating_205,Engine Overheating,6650,-10.43289277512559,-5.281224963325979,38.66002183951905,33.85191752250577,29.56403540748191,45.247906843118166,34.33672425013984,29.414666543719218,1.0534644274258496,94.47729134504696,35.6327400325757,43.520822739797566,0.08908846692627392,386.04537386219795,352.30664768994205,0.09261067314049187,115.47535503663146,1316.8763682483695,24.56458305974101,14.189606849183942,86.32782951256348,26.60303232625337
demo_engine_overheating_206,Engine Overheating,5420,-11.116786890389674,-4.833967605830173,81.18521589751637,21.361729290965396,16.200396351351692,42.50590285046402,83.30858506523948,84.3876499185952,0.8586517058871508,99.16867559168996,19.01076774126016,43.38678447010297,34.1559294047297,498.2892603882849,298.2180763583437,57.92541958945455,114.17033340271709,3632.696257001881,30.631001753374896,13.949794400945178,57.31651834356532,24.30070543554744
demo_engine_overheating_207,Engine Overheating,2273,-4.404440808861169,1.5923903339829035,44.68721768119689,69.41058704938277,17.805468070093312,15.022847550792918,16.914676212891536,11.979650683531972,1.1348687482634583,102.49703603946875,9.190503655590765,46.12265591711099,25.908980348991093,758.5165238128194,420.02050439169136,28.55089916904162,115.06164241619655,3769.7255314475715,65.5734278284109,13.143247627935004,56.005327947864295,47.08062965073484
demo_engine_overheating_208,Engine Overheating,5733,-2.1185779885068348,4.005891861408648,53.014841482361874,53.06440943273363,52.24193419594223,74.81532326200501,92.97553857160379,44.99295463744091,0.9432334022491381,97.36231905825152,17.050016243766347,28.98673329925574,-4.023418989634914,485.38924632603863,336.9843438830825,34.64067459744087,121.87155498783213,1937.7829517674081,55.07051592078621,14.002362838497225,70.5118134163296,25.751704510896506
demo_engine_overheating_209,Engine Overheating,6161,11.34275395964671,3.7130247961764598,60.462779783189745,23.37578526492134,45.21167102215121,53.876002541922354,29.05994430118152,60.12009638058667,0.8452576358146755,97.02946330208965,77.3849149499817,27.59353763360175,19.838135100141596,476.81426258094973,405.5716655110135,91.61316879100269,112.86523436160768,1910.027704461055,81.83711840762435,13.691888711871629,75.68098711641888,19.98139768267503
demo_engine_overheating_210,Engine Overheating,2539,0.40472739640717004,4.2306262295280295,40.794658994125136,80.12246638092496,30.733245395324836,11.44285719367244,8.2788752578875,44.8860188520759,1.0421662879664726,101.81996710052623,14.972395552937535,25.27689457266696,16.37082810174367,454.77201387614804,481.9672275729275,92.41246489842155,116.89783307729374,2445.361831836228,89.04959160297703,12.330431339799071,86.94510517670274,38.06647368261932
demo_engine_overheating_211,Engine Overheating,996,-0.2538283540355924,-4.176901444240185,60.51267857151487,49.45663814771339,29.52397329054791,64.29350901356787,56.26805818817854,24.291089325300476,1.0753886494220768,99.79678171602977,40.76004957858867,18.162834110431373,12.542732908104636,282.90789622252083,294.49930507755835,43.06099024808341,107.63839768370656,2026.9963013614988,58.99422317030716,12.817230685218837,89.89418673546797,54.65208135659925
demo_engine_overheating_212,Engine Overheating,1628,4.7714580724425515,9.264324874692864,47.3228963188341,77.46366213867785,17.314860560355264,66.6096281940867,49.19736438451224,6.514334532754225,0.9187227360605335,102.59843995663823,33.42483365796326,24.713814846153305,0.6264465423215828,510.02236702813553,647.618650708446,75.80017651333465,114.73704015075549,1826.1806503108817,4.1458410091972,13.125260638965461,81.66489068331862,47.18727974377255
demo_engine_overheating_213,Engine Overheating,4239,-1.170026265926515,-2.9646293516019973,55.537256466235235,62.111449881116,51.57547199541943,66.28699401126431,50.693795917981156,89.65498983508027,0.974090145369407,94.1432467273574,26.27361818680861,36.522453749946266,16.86630518687845,545.1446988697857,588.6939652042378,27.46481426175279,119.29807358082954,3312.096819357638,37.01526773587437,13.004338198292643,53.05161535454024,34.55949505021495
demo_engine_overheating_214,Engine Overheating,6069,-3.3653945450629577,5.547120945960284,45.955924034800915,71.40607467937582,71.61315878264035,34.89915009025961,79.3893075340592,11.632624892450607,0.8238713383360091,95.10673695368847,19.040751304475876,50.52037421906569,11.54915830217892,411.9672121457832,457.3745533539369,39.48408927006323,112.02923335976034,1613.698747235896,59.03239157764926,12.47320880555931,79.89410037027034,26.067520531218143
demo_engine_overheating_215,Engine Overheating,5677,-13.44422556598767,-1.9416695156632309,33.77282068421155,17.807119145920367,90.46154935882939,46.674212607732265,61.721194547568956,7.0934396109590985,0.9203356650002823,98.54857889103448,84.75964820504636,28.04325844988192,27.6588007135011,597.8622055641769,313.0245531906427,29.337517279199655,110.7572807287724,2527.5827627198564,57.18008187428258,13.066839511017012,56.00414590883127,45.835150729131016
demo_engine_overheating_216,Engine Overheating,1796,1.0092348426675353,4.271923303391859,40.533045240567645,71.23879549832105,39.87504819848915,37.71210377570176,18.47607874400935,58.71536010954018,1.0369591877967423,97.06270579299876,82.38650511789807,49.28194225247085,-2.98350190180816,613.6184261487608,441.1639878451102,99.97148510628928,110.50047259369305,2041.5726162434682,39.789566510015476,12.737430297361325,76.13970148739314,37.236324487259225
demo_engine_overheating_217,Engine Overheating,4233,-7.835894236725645,-0.3572270152380269,87.21514364555269,81.31560821650476,49.89460319841389,30.96433428277529,21.1897818232275,84.05445894682059,1.0756600985795306,99.14946972832712,84.14911813583015,22.50254063284131,23.39450715609514,384.02190995835133,315.465622867354,46.56085100069332,113.74785859528707,4023.5208279755566,29.158159207663477,13.829804518104003,78.69721502107552,44.71695480234145
demo_engine_overheating_218,Engine Overheating,4246,-2.5565134213863923,0.12631415549195243,44.30334528465484,89.17988104547837,47.69439196202312,35.721798997163944,24.4500849573954,48.64642252192535,1.0779995333672303,96.58022822911367,73.19448687313887,41.30214766482198,28.227877876826398,400.4366218599579,550.2729465772009,15.373527948884192,113.27593964329273,3373.080284528404,56.85015470219423,12.575721450675044,83.62542024416382,20.134039293807277
demo_engine_overheating_219,Engine Overheating,6631,-4.033895197922487,7.3486188225427265,62.2053312289924,82.06046379634786,58.56628758701919,75.47794834306933,64.00347218197585,67.20188130837758,0.9020120143910982,100.67638822215626,26.41188979978977,54.28369018027576,2.478210784215417,393.60832172687503,654.9896354225775,24.298586196281914,113.21805586982566,3343.920483537081,14.287372217528691,12.518143509655005,66.88612904699785,27.747870169309074
demo_engine_overheating_220,Engine Overheating,1568,-0.2592589613760899,4.340883898633342,47.277538823288225,12.804022974400336,60.91098603922972,61.398966380301864,11.3720424596293,33.53374066185077,1.1342099915183432,99.23950361420121,42.07772516107891,35.20877135317155,1.5808797440470368,669.7031203398054,680.4421645074451,91.06640422500436,110.478687833846,2132.220803329371,14.456049732858311,12.814402267264626,59.976241745517015,43.32422948258542
demo_engine_overheating_221,Engine Overheating,1742,-5.396641437414525,-1.6629833038575634,32.2169629059717,10.619020993089975,81.94506157674799,68.33928269894447,36.98238833203986,58.594973531910625,0.900475876302124,95.51550683780839,47.40342216248505,31.06794969967555,20.300582324623438,384.7116085892951,564.9467422578846,76.68615203028132,109.33272286056949,1331.5748502537479,39.562863777120484,13.748048171984873,74.28509260083642,46.07526881658365
demo_engine_overheating_222,Engine Overheating,5870,7.076026858315237,2.796850336536791,39.305598562443784,75.36058272865591,22.72698103635293,31.21369400429073,50.58903004907048,48.803894072914545,1.0363057755065306,97.93700140449926,87.75259776590822,49.077561485295966,32.43921875688537,582.16795427365,552.1036412959709,60.919868371594866,114.69768308842913,2166.318003201788,53.280259870398325,12.2510636742769,45.335539414071135,52.06567305186994
demo_engine_overheating_223,Engine Overheating,2936,3.0027871499107084,1.7845442460785228,68.04914340647515,27.835410666019204,85.61577544386336,22.10861945735375,84.60634886300072,73.66912423997316,0.9066674632687097,95.35669749648484,33.46094391676116,32.724170952000165,3.306095118950479,759.4679434021232,365.64007467020724,83.0634826982857,109.18235494180945,4140.733875827842,20.297111245477637,13.043377109567183,70.13538300455579,22.811428606243734
demo_engine_overheating_224,Engine Overheating,3910,-2.31503264766973,-3.34135002652649,63.47436674852728,64.23765870932064,9.993738787188322,20.17568856484111,19.50730186310278,32.18461334742667,0.8721690964690023,102.29729188696861,51.16590054601706,41.072280464999324,8.44445606831356,412.5981476962776,491.46149830681793,29.43229748348336,112.87291851459528,2558.2526228125716,45.516031846592,14.168628023563677,55.04951646728732,37.51904659530589
demo_engine_overheating_225,Engine Overheating,5892,0.480495747738513,-10.625050624515083,75.21175030944829,25.70159293845171,57.32161767950389,42.503092121120645,9.642158996402568,88.97677173306,0.968897130505439,101.0553388217605,42.46821398586203,52.68233189841503,5.361635383729283,477.8707118500945,609.0775505192717,34.366731528085694,113.28714142670358,4184.46952024267,50.00530731213168,13.578760907340296,73.95580053691245,51.11696588626289
demo_engine_overheating_226,Engine Overheating,7016,-4.274429240112961,2.932911686667409,26.59601733024786,65.29629259578881,79.29219499390577,45.548582496049356,19.823552644177788,30.927386564207684,1.0035960146242713,101.530130970799,20.45778314615786,40.64954540125203,26.65495624172509,729.3028097607151,313.68369817227534,92.63916341645574,118.02935070348958,3500.104762296858,4.8397238611699915,13.21229631128119,73.01833533363572,30.27335359491361
demo_engine_overheating_227,Engine Overheating,6213,-1.7969153447496895,-3.483299562527233,63.67835578410859,13.767537286615426,44.553358992100314,24.243633931300778,87.50255702768148,92.89219911110007,0.9278728826867448,95.57666857525953,24.755373585350878,35.676833448059284,32.22725755920621,520.017383170067,285.4803483890369,3.988560271314401,110.54781891245698,3728.3138328282866,55.93325017816296,13.325915707572582,59.353631666218895,55.17701620184749
demo_engine_overheating_228,Engine Overheating,1909,-6.260101101703889,-2.131507940069007,58.83345092512957,90.48603425326684,29.91229586519424,64.25900835649483,12.916737367194763,47.65407926831545,0.8982394487770052,94.56486950137543,5.335295726985866,30.01582830830991,19.11840734869109,498.5105668725555,398.8138773189682,99.12000307762511,124.79050079959356,1576.9599205124905,37.35966840016453,13.497693867987222,78.00708588884714,32.654886196379614
demo_engine_overheating_229,Engine Overheating,2424,8.234324604861456,4.5190006470071715,75.15032230291335,66.31145112343376,80.34891933754895,9.217132040043957,20.695254604074368,9.364512404476981,0.889161120729716,94.03854529569641,50.37892715109796,37.547632636025455,22.26302194467576,464.7579746565009,261.47553771518466,67.38911544076372,107.08582175495825,3798.511292453232,2.0388588937143624,13.260950246513264,85.27130470734843,40.8995830315512
demo_engine_overheating_230,Engine Overheating,5378,-4.061942085672985,6.099816473885271,72.24489705673916,89.23193938115337,92.67987495517848,44.874679942251234,36.00543665097922,72.79786540366854,1.0154347437143132,96.31574189009527,20.494209647273266,24.298521121931515,13.122143683882996,361.6597146955121,269.07071424528345,5.208877496969,124.59769087905931,1418.8840234804072,6.586262152286359,13.102376891067063,56.02951270507646,56.50775408689991
demo_engine_overheating_231,Engine Overheating,4404,1.828016994730961,2.3990116002578885,56.41120635913815,43.76022877680132,8.40795049788154,31.35621553292378,16.040612265078572,14.213329701361047,1.0219101662570995,94.88888371942205,14.263819141573723,35.779007448315895,12.344988795641381,346.0646968635373,262.046551412077,19.297444176784385,110.71784508364081,3600.7453308266026,82.38945154744935,13.011888794975938,63.22620269254401,46.49925135039467
demo_engine_overheating_232,Engine Overheating,4301,4.77213248275846,8.232465377419166,55.63283234585356,60.83455268464867,17.483684284292835,31.39461440676001,32.53486967875174,28.516838092174762,0.9858740558650447,99.87757225887765,50.84508952543931,25.453892803151735,-3.2648038358196114,674.4978221913761,480.48015405018145,6.21391841338772,111.16242999299116,3612.1013351524643,67.6553692296195,13.951633265794754,72.09395217007614,34.9162373743222
demo_engine_overheating_233,Engine Overheating,4536,-1.9396955910981744,2.067397720278607,70.55592730625173,62.65618804835686,18.93779702859523,84.70966280408373,38.16213829795373,9.476488896896164,0.9380371314807221,101.82871043240418,87.52609272756061,36.144741438606445,35.99163724337723,700.1160684217484,639.6061298656437,85.9710064682206,113.63750824337647,3469.406822266631,51.960510276853434,13.639368003480612,53.00037484113486,47.25575647099768
demo_engine_overheating_234,Engine Overheating,5493,-3.74472633037764,-10.586216560602635,51.486321036375976,27.97511473189296,15.105760682021454,75.646572195936,54.934286033891155,32.6418164295826,1.0390421331257529,96.98891069056904,45.35219815956128,49.91857265286437,22.73565793552158,645.9528830582639,528.4070336760051,99.1398048885621,110.82820132581786,1986.8734821564444,8.33030448644996,13.30803900414142,72.60116563837656,47.03846291595279
demo_engine_overheating_235,Engine Overheating,6897,-4.014270745042934,-0.3992318205286973,69.25606759618239,99.88259432683444,31.509441841099324,21.554100722211775,30.359026204371787,43.28739272993425,0.9103286544229232,97.12264022830777,62.43860647214264,30.766035513176746,10.218711460048116,299.2150061436467,682.2535507465201,40.688595991485364,112.56287032069588,1459.4525887361535,57.076489385566525,13.92764990052751,46.851894002358016,23.81089869464142
demo_engine_overheating_236,Engine Overheating,3867,-2.8699965689963705,-4.678665995921758,55.643785694585674,40.94258033744656,73.92566170370222,71.83121555800862,27.208052534948866,19.474372607709746,0.9488116116695282,100.98043053003968,67.55570509234805,42.636587135179596,30.153713767507377,413.022549923869,416.25451371597467,4.233945060917598,123.37491551607067,2947.2892047665346,26.8310062695324,12.33883306289873,77.55342764231068,47.94950078196244
demo_engine_overheating_237,Engine Overheating,1105,2.352372699502453,5.053906920028675,88.92512409560234,77.78422171187887,64.19806912255733,63.58495310796088,86.3921930082477,88.54764197874114,1.0344294704836863,97.75002469866294,37.73605816034746,48.30591711998673,21.65184563237934,317.08769452175375,325.4055659869125,90.01858951048463,123.68996296209002,4055.4973460924066,38.50658705954913,13.768121815281413,82.27012622914447,30.627876233527722
demo_engine_overheating_238,Engine Overheating,4315,19.447554461860715,5.27266848271041,70.51485919271963,71.36104077726836,28.006496957218076,69.94213198689657,24.475960695313898,79.61344301765142,0.8988820026704684,100.2703542616847,75.50721372505782,24.990992767100984,2.947378431099727,653.9697945924961,299.55952695207833,19.076095246666412,115.1106181237983,3990.545786234312,50.56900514037094,12.97535569641645,89.02666000001145,36.54845224885154
demo_engine_overheating_239,Engine Overheating,1097,4.443856259058444,-3.7656219689547936,46.85260508247573,39.31253287638259,66.90533539365482,8.675203760769303,66.3635053081687,23.108404831328553,0.9583148811536174,95.318850753043,54.74759396652228,44.98596646322916,8.314156498592773,358.43995721932623,364.1925676883408,81.81129185255726,111.35297470119704,3524.1077790336813,29.807946612558997,12.577465108685924,77.7288851832344,36.74180117900827
demo_engine_overheating_240,Engine Overheating,2445,-5.384524324628597,1.6946926123103412,49.7384883517164,44.63151714961366,49.0486909332572,75.68996201007536,5.548125170761409,88.92248462024672,1.052556205673084,102.55583991234042,78.56505836748372,52.33001406907903,19.64602534304119,451.5083117810439,463.7404690322577,65.8032310384113,114.53863719532673,3395.0183504033675,8.266321447202662,13.859973297969777,54.188488783890186,55.757904380988904
demo_engine_overheating_241,Engine Overheating,283,-1.0636479689039977,-0.1321497737034877,81.83132774111749,83.68316449327129,71.48834778931226,91.44774175142342,29.348566581687443,79.39838650912588,0.9467345908156315,98.83658763012407,45.10400267311959,18.216450838923468,18.425260902801256,638.8028261266975,340.29409644462476,93.16558618930374,116.60799078837007,1734.7380094532805,58.13528138251967,12.583845417030687,47.85900067329014,45.41260969676969
demo_engine_overheating_242,Engine Overheating,4569,4.774326485283296,4.461866872557261,28.86415632456498,82.87922611431591,76.65338827830449,17.72540852699894,51.6542582549272,13.696294187204812,1.0477256391229552,94.56637011673492,90.00327706904726,25.68603720867452,23.413154173637672,341.5798837010128,356.41436623031717,45.09496488833706,117.46192282683032,4196.589721175049,2.333360528184972,12.200628839288173,60.76651926217266,32.64625471209679
demo_engine_overheating_243,Engine Overheating,850,-0.34541857443242424,-2.146456852737693,86.63674834515231,22.8860875437443,42.08943516629661,72.12966460655208,33.13499610058173,64.69142256594961,0.9053714307487931,96.91077332164727,82.43866844136355,27.26883433529282,36.35890799670369,427.00458924968655,270.8229305187076,25.490090380257048,109.42409884486851,2720.4808986526496,10.144445969507402,13.452097754490818,84.37045817504226,32.500755272149426
demo_engine_overheating_244,Engine Overheating,280,-1.5046952050666373,4.962383067915266,66.4041371855717,19.10288919948428,53.346843889433,47.12768433100339,34.440103041904536,14.914453644799096,1.1732002968232988,95.5843898790393,22.34686017116709,23.386559607782726,18.228879780151154,492.96139575169616,374.79630373221573,42.94233830215282,119.47043702123436,2045.1015944958904,82.37211984273424,12.81269247435541,53.9180563870284,56.18271387491258
demo_engine_overheating_245,Engine Overheating,1263,7.054112419386099,-8.815427971169646,83.90022958007131,56.693282423842,36.207724843495654,80.56504305852928,72.69485601779964,31.808735837879524,1.0384042654928705,97.32451201167818,5.094677530434932,53.587182431810334,17.28293749935049,567.2476487995759,535.9500558115557,55.06414608194028,111.80095689547187,4114.728374724169,55.95015712637564,13.541842721107923,65.46567407926725,29.514456019631304
demo_engine_overheating_246,Engine Overheating,7001,5.657734536657979,-5.997544137788784,71.34617877799083,89.11034963224475,32.247937242108705,34.95943628726419,65.33280534461105,18.434429081711272,1.1545974736039717,97.27462102922935,14.10795013340972,24.463308182063734,34.90631949634307,398.6172584171296,564.6436497623918,15.616522353826511,109.88203384697556,3837.7146566999327,13.322989809230563,12.237501173472557,67.55549352868243,52.509072530517386
demo_engine_overheating_247,Engine Overheating,519,4.366716901861135,-0.26479331831513964,93.75615806959465,70.9064766540472,81.56215687533408,72.69244450960313,67.8418046590271,39.610766041782824,0.9367623975533101,100.45262736305027,69.50417073595071,53.17177020981645,18.158351621022828,421.4181307780833,485.1832476920196,61.371381672591916,114.53459599153825,3573.3993700786446,52.61518909942539,12.2188714552553,70.64279497044038,43.34415143767444
demo_engine_overheating_248,Engine Overheating,4899,2.916931860458301,4.033899152740508,58.249821550006175,57.849078562199686,11.05736636020968,85.75553007797913,86.93711058484631,54.32536488583694,1.0203599856595402,94.51800432349559,58.81554618077811,33.878616225529015,24.616006990784115,302.6199599658747,587.0083340555652,28.689382383231386,119.03410660906216,3081.377925936369,20.415733616900926,13.080904690432533,82.6034966573996,42.22366574379096
demo_engine_overheating_249,Engine Overheating,6594,-4.223276046298786,-4.929374874962729,46.82400211445419,67.74811110204695,60.31075471657347,5.935829135912648,59.692595847661664,71.1364688586443,1.096742811664567,94.53078193350964,32.329257539888204,33.58712174040638,0.2694985585659424,481.9522581592047,292.7195864797725,11.321728300705159,119.3738952568684,1987.7173834804648,64.02652627316152,12.296217056033335,70.32163738695763,33.657946543473614
demo_engine_overheating_250,Engine Overheating,949,2.414192090518934,0.06180565952629665,68.58998098614,30.47939819375393,57.23661525623782,12.31382245527702,44.114385570674905,21.44549133842982,1.1380172255529482,98.00410736170149,58.16963737737814,31.334128832210386,5.282087621030932,377.4014958695361,679.460928026829,79.94657824269527,108.66522288862062,3440.174628875395,37.667769933298786,12.23079330992114,68.77652941692999,23.201857603394643
demo_engine_overheating_251,Engine Overheating,5750,-4.314512873330772,3.0506525189855473,42.999942599883724,90.26993816576349,64.1452782581753,79.90551364197282,60.367058449716566,83.19646319198142,0.950206483007974,98.94226519197022,51.43013603999002,51.44025619888491,-0.413891204003777,557.4691663296123,607.038349344411,37.004976053366036,123.35163049231953,2319.0443012332025,15.597788390632449,13.368096710810063,63.92556045167906,18.60760418728018
demo_engine_overheating_252,Engine Overheating,5474,-3.7970607291127,-0.8646655641996444,87.44276612236237,59.10767866128002,14.500891626271113,53.09770570176614,82.00449145372505,72.45298662103306,0.9247953389310549,95.11501548359522,86.06135297860187,49.60128362539181,-5.529093203319613,675.3637551157908,304.7178133810722,6.328363340203702,121.1720179429252,2808.931865774874,37.3093221681287,14.007724391952044,82.76866074304891,20.304938861882263
demo_engine_overheating_253,Engine Overheating,558,6.748775791027429,-0.41295730872580344,63.53434058424664,98.47049491685695,66.74427541827934,14.372871142732278,22.84682107999581,79.36210590795157,1.178832402331948,94.88505340185151,14.029638606054355,46.245321003301484,-5.03970304103918,312.90885571112676,668.8555821844448,80.04498123184509,123.63126399728765,3151.540206398261,29.02827797449726,14.012626380665582,58.44255862384943,29.020433578193973
demo_engine_overheating_254,Engine Overheating,4298,-4.297314690667588,1.44419175829688,35.91309024777807,95.70671179890682,60.146794103029436,65.12315396840849,87.26545222938064,39.26776772251658,1.0790469980905102,99.76306559012036,75.89774469793642,51.18688329783237,23.282799349784355,312.4669861614709,344.2445590908989,95.39781822670841,125.37300946754452,4102.2399410950875,3.311946036010618,12.964896335898835,79.18527167945982,48.11543214631324
demo_engine_overheating_255,Engine Overheating,6388,2.836098553431679,12.674963730499156,35.000873297860025,54.3888399581014,26.571713075700934,9.78450545612549,12.201748297394861,86.98036547569174,1.088072547112552,102.38641583595656,47.29909391001974,33.29182246125376,8.486735455096397,575.8274061050032,421.71731800681346,74.62732339820062,122.02634652431725,3827.533780288143,21.852083722074955,13.25404409858475,55.05500775284275,19.502232936813645
demo_engine_overheating_256,Engine Overheating,4991,-2.47005667403437,-9.30694877610511,31.1336037984576,99.59735611557478,94.49137102523288,46.84998429531614,82.94528436654524,26.921170022500114,1.0855238180403868,101.91303271132209,78.31996394727007,48.03564089492282,13.299225076087794,673.595174933811,577.7242139897983,13.245139814420437,108.2836880812904,3515.7664078039197,56.29176798956314,13.238752234382755,85.82678058819727,44.38361427484874
demo_engine_overheating_257,Engine Overheating,5113,-1.5860621835940232,1.4309747127715835,67.36710525723095,78.42477562177136,55.79179762542117,50.78847939972617,70.42106323887637,68.47380949163326,1.1189248626208819,94.56296607649566,72.9456918873781,37.009136685212525,-4.564116478475014,605.9248135213695,589.6084892408937,52.362716954468446,121.87597955299526,2100.744325887905,18.17164966782925,12.901467903486557,63.45227309831899,45.83734409608675
demo_engine_overheating_258,Engine Overheating,2222,-10.403534419377973,7.663139461965639,50.63519593601802,24.25723421030002,66.80517796022463,27.335469039520472,52.28482395666621,76.2646858875216,1.0615381389717813,96.6853659159862,34.95800755547067,42.17447860431218,17.27551646963743,326.2688739856213,662.0361310658312,51.26132480536286,115.46722026394932,1795.3180098967869,33.929443707348355,12.865649724630197,57.183105727324204,40.69626298587092
demo_engine_overheating_259,Engine Overheating,6097,2.584315538819907,0.8336758481667959,90.89407839330126,29.75260863052818,14.009488589048946,75.68037963389745,94.53752632747481,82.72400628687387,0.8285310647627444,96.26137195635819,8.900804933713752,48.36883695052316,18.74472090944655,526.5848997601859,515.0469457184026,25.245125869659113,118.03276738277725,1292.00093539209,58.14105515737557,13.66886766035766,75.28618186703223,31.28470073248881
demo_engine_overheating_260,Engine Overheating,2704,-12.945343045811729,0.16157735593787412,38.66009543768205,67.33975718604148,31.047452020042353,15.748964730161326,18.947209383490296,19.905546248636057,0.9920047264546176,99.46646908086548,20.876204736897346,44.36237458343918,4.9265799450703085,429.5479064291012,362.8093656940895,78.5206135943191,125.19627665873755,2677.499546034278,3.782757728879298,12.721138632850952,52.11226310034807,51.71049139408071
demo_engine_overheating_261,Engine Overheating,5959,6.702634868736188,5.742476492901755,66.19596436372382,56.59658083667469,81.26155601772682,7.4792859162310545,74.94374744663087,15.49436410116649,1.1226801156185555,98.76258597314076,10.50164621240826,48.830066435649,-6.743550614722425,346.41793258892966,626.9992809602493,46.487112385789096,123.62777408709667,3106.2878183732505,56.11758789333672,12.78447021226403,51.01562355982801,56.44689563586731
demo_engine_overheating_262,Engine Overheating,4110,1.9044626927965278,0.583800439362832,43.48984645070183,63.51275973725318,76.8140705460982,74.94615345481508,83.19215202741981,31.36124641211304,0.9876704974174265,94.08401115898022,72.21718608227289,29.186695149264473,17.82870253042858,361.2641353693363,636.9237732817911,81.72722192782777,123.54905829505911,1337.8109913201686,89.32128387975123,12.695558828879388,58.924515872130726,27.973429167617844
demo_engine_overheating_263,Engine Overheating,808,-1.4950183756265139,1.0267784112572873,41.786738101264575,45.43941802603643,64.00459241988938,80.24235832199541,67.34673502401915,58.48905603085909,0.8731822825147847,101.34504041387154,8.354739919373483,27.775091539706175,-5.375289821129785,600.365908280542,429.45069799301666,65.20484832048668,112.9406191860718,2567.2221923984825,41.216490914956275,12.291161307335088,64.36019368557015,43.64257452460811
demo_engine_overheating_264,Engine Overheating,5781,2.0501453157489853,-1.9133013043210094,46.62039284406826,11.299132250111988,19.00360013758207,49.78036915849035,32.93614931270618,67.49447123781957,0.9066352512036752,100.95516551627652,30.782946325458195,40.97195718062338,28.76395349155429,465.06694174899945,281.5302732351164,53.54455210588809,125.90818123089001,4106.975599130741,19.89199745497514,13.711393018848504,60.52283243190297,24.41089920732366
demo_engine_overheating_265,Engine Overheating,3958,-1.6775469211051632,-0.05645423480415068,62.74613903589741,84.46533960119577,35.28893082986808,65.03852836000968,37.95723202663628,8.845150692238626,0.9560854386410855,102.55031016883721,48.493623387957534,22.004526162964122,23.640034151306388,742.4220878648903,677.6548134103582,57.196083780813865,113.52561488697063,2942.033005527721,73.43379559793246,13.922474684036908,81.84797482240985,36.21905513766951
demo_engine_overheating_266,Engine Overheating,577,-2.8038312587202068,2.4131774972788786,29.267083372849918,54.88010500859748,63.98361050419651,81.87325757657537,75.45519985588733,82.15164614808934,1.0936247574955205,100.32915457215526,5.912381222662967,41.16578553694079,-2.4578370096005866,308.1602235196197,331.94958996860146,82.32921614417502,120.87698786200043,4046.317215615637,88.10786327853694,13.986567972747963,50.98167229396496,53.13530963699922
demo_engine_overheating_267,Engine Overheating,908,4.695109084034389,7.76782334247115,35.6179931981544,20.51126449959858,88.14279916256734,20.644398422105407,38.175955793834106,46.038636454465426,0.8647993100186432,94.18570859229293,94.46814227904045,50.43631805889356,33.96754475012931,416.59027325061686,361.24672346290197,42.58665581754266,115.06638737956014,1216.798316592722,70.13278013038496,14.193334076284033,68.79108915459402,33.53034780049805
demo_engine_overheating_268,Engine Overheating,5965,10.308599977438934,-1.1985688926540088,60.149295204424185,48.866320102122764,54.053127116879914,81.41590837736659,25.271807242965078,7.4897762815680755,0.8337611603017866,95.20751924776172,56.343468632396224,47.902837971403216,32.79307320690905,584.8543369479862,445.44589612741095,15.451470815614742,114.02836678886958,2197.2454017233504,78.30232927714239,13.173438754821214,55.1788154979538,29.552042672631195
demo_engine_overheating_269,Engine Overheating,2864,-0.6197304902313304,4.478902555186285,28.5242092365528,11.15616237003048,21.469004017418186,77.97866161195631,52.112010796797314,61.32589586392877,0.9487834031496645,94.61810186994254,82.05423462429513,25.100088068640076,-6.479276774924724,554.897985247933,298.3130413769165,9.576185185983421,122.0075406296505,2674.8287679539862,21.73576070224287,12.897252846719036,77.81584404794272,20.654165790264074
demo_engine_overheating_270,Engine Overheating,424,19.24896548349897,-11.365888150605628,93.07235291747602,43.70945331299047,10.856986445976428,53.37836913646651,62.45121305856113,17.564250720762416,1.0190303104726708,95.77990409492438,81.02570520929615,48.900975344001694,11.762938415928321,744.036731446146,710.6959822468812,12.92510889476195,113.35427609664936,3000.9644101399335,7.635402862329994,12.965311007628273,56.752743780746584,56.082008838668166
demo_engine_overheating_271,Engine Overheating,891,2.62510628020269,0.8814631054822963,52.06937544585216,21.863086337695194,82.68363771447628,5.037522521279348,10.034678657700502,37.79459653073389,1.0672833719867452,97.07533865761698,10.968153585887746,29.76008124816351,3.2691195135474658,282.60150391273504,506.0088800629849,11.664591474418607,111.74992577593332,3123.5694906672434,65.26041199406795,12.726911253712045,59.81371519793553,27.87636952509861
demo_engine_overheating_272,Engine Overheating,2011,1.4581053680891582,-1.569712273739259,56.15247070820724,27.037572328051223,19.10376106570473,13.629158393097693,62.61541232974245,60.087402941170645,1.0540586410760677,100.95970007208457,34.37222115133182,51.9816781436411,25.727412109162778,666.2601225189696,591.6425953602871,35.84556454325618,111.6606497612527,2467.5512087370425,8.73273244800226,13.102561003131893,46.94134423928579,18.15783840108778
demo_engine_overheating_273,Engine Overheating,6892,-5.205741781362292,-4.89689002094646,64.32928629461782,40.699183548075204,56.34842132165667,85.24181987044986,63.714212054947815,59.22337981581538,0.985673621069804,97.11127327585773,67.86924025295406,54.29629481758513,11.538853901947146,468.2584979268164,456.9321972879195,42.55439680497215,125.8124954673699,3320.334772528022,32.32660042895325,12.943004747653445,64.3858616134825,19.468487503217986
demo_engine_overheating_274,Engine Overheating,7011,-1.8175547634338525,2.7190362395895304,38.889459273307914,75.5230817240533,69.75127456988272,28.628529408409737,61.05871911712416,59.98541298097425,1.1223235445882254,95.22465080650097,22.535465406037048,35.98087163940879,-5.969323150953876,479.48521484881917,622.5807593198726,14.871439398399822,115.1989747387305,4169.307700147334,45.53280120823779,13.19664764824418,70.14571126758756,25.440174813309646
demo_engine_overheating_275,Engine Overheating,3828,-3.2212147972247958,-5.2596391098991155,52.703676693403914,36.09159653939282,7.825245792790783,81.14454474606342,7.909597926034947,72.49848116749874,0.957515881239489,99.38819029454186,27.291020062114608,23.749787650586704,16.535848038407583,613.8964935779888,349.92691567476743,43.63589474325642,114.89309940582791,1847.9374472383884,50.8544501626918,12.4918713735634,67.9387127993361,22.53726045463998
demo_engine_overheating_276,Engine Overheating,6156,-5.365632024921334,10.259063779694788,55.36245516102219,91.71398105367335,49.094203996081646,78.66490134891869,25.30871536205437,36.687451517083296,0.8470321770279486,97.78673015339345,65.18298983674379,49.012180262047664,18.03208594276114,587.2348814046777,341.54285570379614,3.7206038233439376,121.83376290354632,1701.1146223238593,8.205258197947717,14.07512464181319,88.35846138266294,42.65029166409978
demo_engine_overheating_277,Engine Overheating,3526,-0.2645108226467824,-1.6229844794850747,39.33039715347887,48.64530946867137,37.13155691005416,87.14299916675135,87.77996738260462,63.579733369129976,0.859866450498169,98.33973510692472,27.079552960165106,50.74187953782583,-1.6334712452547127,306.0689324131395,584.037355433036,45.32860749681529,122.7672977520617,1423.8888935079353,72.09685193470582,12.274669505688315,46.263150536128066,36.45263006924119
demo_engine_overheating_278,Engine Overheating,545,5.665934112709585,-1.3218284675670025,27.477267965408497,75.44336465547464,23.91486462430805,64.07754112946603,72.49299453506826,10.339804915247068,1.097111423607126,96.41579096165158,40.05913623797734,21.20565011492672,30.576979234783224,549.1498174363667,492.1460278096992,96.85548109027556,112.69011519881342,3872.337859430088,64.77190929581438,14.057056271704477,85.8510923743107,57.641192201042784
demo_engine_overheating_279,Engine Overheating,1640,-0.2576464977404693,4.766517758213905,81.31460484632522,67.99361753606382,30.09748624143818,91.86334444654835,23.39799241011886,49.96178405225951,1.007735360614907,95.45646410352435,70.02759400999167,21.28808507466887,23.882497826948704,687.3354382195057,420.7223555379038,70.94208085992003,109.135480162957,3737.847004358636,85.68285286979022,12.505387386999553,76.13367632875494,38.233243862261034
demo_engine_overheating_280,Engine Overheating,530,9.68547656624938,2.734797575080192,67.02284744124017,30.781091747023947,39.06559368397672,82.87163150643518,14.891226048354705,58.78177348402759,0.8863433424045605,101.61885638131035,57.11395584681948,32.91280495880003,3.4919349879836243,489.6854556110245,700.5016699240015,50.920928974362056,115.38979063399721,3438.821440500927,34.1142363748716,13.054847899761587,60.16264792072286,24.036790213175657
demo_engine_overheating_281,Engine Overheating,3854,6.058114431112931,-7.257266621866361,88.39148544699358,89.27226442340017,45.66054221941936,30.565957298287667,62.41313746407411,90.92344207154285,1.0817382333406977,98.45363705431141,66.99277170621033,46.58390276081269,34.28638602109125,646.343561906634,459.2676555925166,27.36065184654841,115.99763329459182,2184.5338338164156,84.84881334190325,13.215931686899923,66.24253511838037,31.927848726194515
demo_engine_overheating_282,Engine Overheating,1032,-1.1589640616317713,-0.3150250791838848,85.84454675813461,42.31115489294186,43.93205869623388,23.510035099722117,54.80583868561003,68.18495561857247,1.1372195154253382,94.46446898475037,92.59987187294405,44.041256454753196,5.0777394829298,378.14788240670373,396.20044258111506,87.57257516664424,111.82780346391901,2588.463403671707,63.51642488180093,13.94397972744777,74.63570230557468,48.12436786137691
demo_engine_overheating_283,Engine Overheating,4625,4.552368123926006,0.11932210594791007,44.30034285326775,21.554034765086413,92.86198613066024,23.14759329087449,17.298677307017883,61.341881009160794,0.9347907338185942,95.20014284662444,59.10090054942884,46.082453407222715,28.487125213529204,354.64604848589073,516.1588512523734,81.36783706814606,109.22174022848371,1823.0467553120247,0.2170257688509858,13.249268312790576,53.76067635878779,46.969703029075966
demo_engine_overheating_284,Engine Overheating,4598,-5.118539983410946,-2.476243100968279,39.8284123020958,11.62061730817336,73.26987747931263,44.060420898580354,90.21081753631877,53.0857293929065,0.8766938328312461,98.0479699761755,23.260261532541485,50.48708308940326,23.78154632082614,443.79462623425775,502.7973484912846,66.94801882130285,121.6571543329085,1440.441629611625,2.0266957795722105,12.428905394339779,62.77483395776534,36.66826440328368
demo_engine_overheating_285,Engine Overheating,6930,-0.4752242459280694,-1.0132449665010415,55.91359504532814,19.818096730973803,87.49939641761607,58.92313348289368,39.96819774106539,50.6216465124986,0.9331110951287703,101.68897928480133,56.75135374116533,36.31114513256111,33.90072854239749,682.2302551523525,633.8888700558907,22.560920423184417,109.06246222936714,3270.289559138243,42.17780307072563,13.567425425913687,79.22822544500023,29.812540293790036
demo_engine_overheating_286,Engine Overheating,450,8.91690387516297,0.5172858244684865,71.71066932113396,77.20574012926451,47.48350514479199,70.14197890387788,50.93938121636986,69.15845497703083,0.9009885692064611,100.64958741339737,69.36116211113159,27.86441116081957,17.57466558784805,690.5496005797128,374.78041760732197,73.59797840146763,125.07933434293774,3798.7257592726946,36.13680744122485,13.414415465976276,89.62965604137167,40.73749645502874
demo_engine_overheating_287,Engine Overheating,2092,7.328833201245423,0.3911440717841858,54.65398277812923,32.213160156627495,36.29048275948523,73.1635579891807,46.872260207044626,83.16495432732889,1.0845732119599716,102.76612735400883,84.9653390110859,27.41824683608234,22.31672470891745,289.86065657350906,715.9090932376153,26.100610880259655,119.29590187247169,3747.460863598696,14.44181964551743,13.895758685620958,45.55105496058701,35.6790855234163
demo_engine_overheating_288,Engine Overheating,1865,-9.71840816287044,-9.178493452135513,89.03896440918425,39.42902028702602,57.133389844978176,83.97162731689906,74.56958555912404,8.665993832494639,1.1594046750859583,94.41982213832752,57.98826269368966,39.28808395166109,28.17395061230654,351.25266488750924,342.51038034884374,75.21069327383604,108.9900950482325,2608.3353811969187,65.84832811898387,13.502483857565363,54.477188375089284,30.15841034744342
demo_engine_overheating_289,Engine Overheating,3430,4.842582693929774,3.671117495130682,28.112023350546636,29.76264095196994,35.81915806956539,94.95404638651273,32.242239272922674,7.375626390429048,1.004651767919921,94.75244846476579,29.666083882614966,54.718177515475745,24.413371870787103,304.31998205577776,466.39589055222615,17.16375126288493,108.45889312804242,2961.1962400464063,45.50903006761941,13.685733168631016,85.15378027043369,27.867274297266476
demo_engine_overheating_290,Engine Overheating,1166,1.9408445009540285,-0.2877733123295944,84.20500866718265,13.197692622612024,55.355843972566454,69.945938152697,30.197991844052893,82.71427258068961,0.9065024428088745,101.55886854458565,12.069046744921152,23.91732089913196,9.525290859487775,689.946646143126,326.5092679583199,87.54382397942415,110.59463053225588,2557.5251957835862,31.746096383430398,12.436252453229047,87.4939382783613,35.52713163008854
demo_engine_overheating_291,Engine Overheating,6650,6.502384683644248,-4.786963630371962,60.12011417965452,65.49198612011641,85.8508075582186,67.93811381246985,52.9232071509699,63.06673645993787,1.0383019409832477,97.89809086737682,61.22876091174053,34.41208260607405,26.850261382107966,745.0779920906971,701.5380644487254,82.07357864249805,118.0351779411897,3447.9959642122217,16.024346573179894,13.158036914627845,56.57871442461139,18.139799244373883
demo_engine_overheating_292,Engine Overheating,280,-16.035525493316406,1.0246966182678743,42.790660168330476,72.3677689179313,44.13209760949348,77.30145800804294,94.95662991628545,36.417434674088305,0.9079850956520972,96.40644239915282,13.401162111260476,32.579709270505745,-7.198447575022172,334.9098675526123,384.98004374542836,15.986277590948072,120.64318199001451,1516.814372603701,77.93946945220722,12.642229007421905,49.886577763720545,18.40426577725034
demo_engine_overheating_293,Engine Overheating,6962,7.435032372528176,-0.45448070041069366,60.66490235964424,20.045444200494018,93.67663309126243,16.284626516295976,42.07333339776904,81.64845521010193,0.9081593014529464,96.40274606811556,77.76495643016595,28.113567316104472,-7.867919689638603,485.39858583517594,265.7661964520985,90.97922838293668,118.83626448358442,2949.042798663727,18.14305597761268,13.599892370857273,75.47645896552555,20.418542957014598
demo_engine_overheating_294,Engine Overheating,4532,-7.414475871395711,3.3636468924887284,43.4039850490191,20.984301977810873,68.22046158681061,76.4494417629646,39.74301802573623,7.132304778468011,1.1145714488753913,95.85484515697397,35.512874770773934,41.24454728775382,-3.402082916280075,314.5579677464623,271.82373492462614,91.66398602394554,112.22765488537311,3181.9764453513953,89.0311724115968,13.538901587123886,68.6292658135281,38.83679734068954
demo_engine_overheating_295,Engine Overheating,6349,-0.16988001391360139,-3.8397771687007554,92.1153972681993,80.92396303284791,43.180395532991376,34.92003461292799,84.51783766608092,17.220724306393443,1.1258506925071485,96.295690852081,69.4066312198326,47.83016148866871,13.94183979411974,372.2963085482917,648.5931619926927,36.750834505331476,112.41360520965038,2730.048547060319,39.15776169935259,13.566104434077447,51.17390137676994,35.42758616191492
demo_engine_overheating_296,Engine Overheating,7172,-3.911454528118921,-3.4346424993085884,71.23723764696472,89.89399783377868,58.440760423985814,79.20358441153957,25.04219170633578,36.75284926050736,1.1591676186140953,101.97377601783418,55.21576844198341,35.593068498409274,12.749100006905092,308.2190375521677,670.4934678200208,81.81495084153354,115.12502289455735,2038.3199181584203,30.86285457838775,12.446321171745778,77.48053835875751,40.26679426219431
demo_engine_overheating_297,Engine Overheating,6426,6.916097264889421,7.8569749847538475,93.54611499784824,21.015562192856127,46.2636509562795,49.474293882991404,20.011749244142216,52.84221898975833,1.0381518130773124,95.41610084936646,18.925150910798877,49.684902478448976,6.323822086822064,582.5600257977428,548.3156148105985,83.9170875582635,120.79789262463046,3721.7293003148334,56.269331068559914,13.098914321027987,62.71049345908836,33.16119066645743
demo_engine_overheating_298,Engine Overheating,2858,0.3868135566160349,3.1407463887890668,52.26114350418348,13.111449698640833,29.761767979370603,72.67162772661952,57.01510142686628,77.55507470804271,1.0153676959770752,101.68675388927741,76.6460389641545,21.636529095263143,36.94229292873565,287.07877451263784,534.5454974476245,79.25115093167622,112.63788279701807,2995.7093768914738,32.591027776270344,12.321229950015002,45.38076835901989,21.794481204447532
demo_engine_overheating_299,Engine Overheating,3047,-10.558861581218956,-8.015000407642193,61.810566167375924,50.99169701558279,67.27293280421759,6.514352331120356,29.388513327415783,74.96534581588651,1.1475917583461626,97.94502936613823,12.333558212461973,47.55296335145405,32.71783993054574,478.5569299329853,371.9434168033274,4.39716682229453,117.82165643789712,3929.6084716874975,61.00992229682931,12.834497195789467,73.92997459304851,51.28273629792102
demo_engine_overheating_300,Engine Overheating,2627,5.300109826552752,-1.528389306507536,49.39539750170394,62.46897632906986,46.82177759250332,92.94007284149748,51.47504811753573,39.66548260244194,0.9621760755262729,98.93145955551805,36.94208342073758,44.747544272702626,9.510494674275481,464.3893055321167,543.8076947133302,6.084687269600996,119.10709836230292,2714.9166514760614,40.77235028579775,13.638505981415902,79.12151019021874,51.85043453649837
demo_engine_overheating_301,Engine Overheating,3457,8.513436292171825,1.9624946850080685,65.72634013983121,66.8621391716635,54.99706163952518,74.54237208834691,22.103679964293786,55.014091946725706,0.8769166440197067,97.66526745361892,64.75944410744674,36.243649507624305,9.461210686920339,704.7856006794909,615.4998286688401,52.629078500037494,125.00106311350976,2473.0958683049816,70.92656348292954,12.535872479602835,57.86066146997686,31.523423253358192
demo_engine_overheating_302,Engine Overheating,802,0.1179005708194174,-3.9314306082624135,69.3930122614761,27.108312361571645,16.11556316053478,92.2178054839032,64.24162752299956,89.28058232376397,0.9963596051175634,94.30062216757037,56.693405338829955,38.65816881292122,-7.311122126916677,693.3961813128792,545.1865130835554,74.46911693761461,115.87842212315029,3055.207313724789,23.172290390567177,14.147515535537293,63.03240033964493,24.493064853505164
demo_engine_overheating_303,Engine Overheating,815,4.87055459087615,-0.562849534839954,93.8365895823519,90.62150471616535,68.18941107377722,94.15381360935747,70.05454358378958,35.53260110612564,1.0364385279016624,94.71789978237005,24.951424120028676,33.44898872935421,1.2836507039000828,737.6804871175219,717.9748623025387,37.093592012166546,120.18457972154397,2423.3121919897217,12.555828394758576,12.873853695404216,55.50172644220484,31.12312881629679
demo_engine_overheating_304,Engine Overheating,4336,10.923795583234323,-1.2412676631608868,88.402992228089,17.669950819887585,34.2280979379711,52.56049050523718,36.90613905605211,51.584638551699854,0.8356312216843673,99.8371267002794,55.71309214004542,43.195751836623586,18.093859528052903,490.1937195643183,421.06510945527793,22.64351900997762,116.00135453613225,1278.157357132521,29.541674528939318,13.555744587129059,49.892266785886164,20.515649692781142
demo_engine_overheating_305,Engine Overheating,1595,-2.4291379940510867,0.9212761120227668,81.12775255845668,94.35801735741916,91.13364083593193,43.30335685047613,28.78945018475291,59.775236486823026,1.046149453334165,99.60110442468307,33.9600752346993,20.35881424744021,1.660222585977552,354.1213254506722,316.9941590603227,92.6283321071573,106.27695291947936,3005.573217708965,85.2726416166123,12.920106254988255,68.71941401276081,45.83134653900639
demo_engine_overheating_306,Engine Overheating,6053,3.5744874402702984,3.380686923884289,77.17489656961845,82.76044703435566,93.86061472648903,38.32947274425611,72.23821366421959,59.250611039178466,1.0599777161996307,100.65886514349641,72.47581852516834,50.77257052390833,8.068797060858547,593.6710509337171,388.93359853455365,59.45687051169751,121.02350280343856,3573.003258484921,37.811205269021045,13.217440446402719,60.023243302657775,24.76145386158522
demo_engine_overheating_307,Engine Overheating,2324,-0.3839139337713915,2.4445500587890225,46.62786796865212,97.72834001910492,26.733027669384356,70.07639787329403,56.65129642146521,67.71830445723188,1.051824860779305,100.3607372523783,86.4992343591913,38.84837135431181,-4.87895598641622,409.99620853451177,585.7807309880313,49.407462797567334,116.97103965239374,2989.7413661408746,34.4366345686113,13.74779105017571,77.55906977534468,46.571976487724555
demo_engine_overheating_308,Engine Overheating,7029,-0.5688513563399312,-6.172511398963057,92.69505396478708,20.727341595157412,61.876307893447795,69.5233891342216,47.949836985892354,30.93875478112428,1.0180134829759957,97.28272912261633,86.82116639610348,31.201319263730433,0.08252166429793739,556.6667872794173,442.1565920349699,9.589814480084103,117.29684701995816,2813.5392334971043,15.58773779698756,13.395276337919686,70.531153823587,48.944504921663636
demo_engine_overheating_309,Engine Overheating,5167,-9.393163364810631,7.600530612084353,91.58539208795429,60.50957705045093,7.442596299576227,78.86405157005689,22.70822548270467,75.74326858812591,1.0738584737761472,102.71932351836841,91.90213714350736,28.153193112263118,27.256680736277247,432.0904411743635,549.4310518616134,59.77460849545931,107.09087031242329,1215.5452495060727,5.198761313532856,12.455884095063482,56.59436211064981,54.278208929702494
demo_engine_overheating_310,Engine Overheating,1852,-6.033311645369526,11.728665194805037,76.44601690133788,45.224661197851475,82.74734544568845,71.78447779888286,71.88362990645471,86.14168944490123,1.035518850084766,98.75716986965959,85.11463018373678,34.81508394207528,29.332252017326773,305.8462530135077,260.5933744499082,52.829248960435685,107.47223787632761,4129.62904035919,0.49510566358188957,13.636299272997292,55.95231131037993,56.70208021088225
demo_engine_overheating_311,Engine Overheating,3763,-0.35801088336317155,-1.6387120833338187,26.88550357861479,59.803603455221975,93.8040781128153,93.17961815411475,35.354567506033916,48.44332842700073,0.8561640900872137,98.69959170392559,58.97314391434458,27.289281627618877,20.157264052097993,711.8525208142019,260.439453374801,22.893377430794448,110.19839126647877,1571.658609101481,14.949109146339168,13.451825090730775,49.62124755677892,47.54126436082887
demo_engine_overheating_312,Engine Overheating,1926,-1.7349863904636735,2.405870443372688,38.817748744353125,17.67669179859171,25.882245842629963,91.57614672065382,91.61106815756409,39.372699552650786,0.9372849547951182,98.59009524033159,31.251928232066064,54.24751071125584,2.17618394113056,457.1884874477289,457.510602822082,12.506402308116215,113.6564965354026,3770.19216030592,12.632490131108261,13.368043901652374,63.298671212700754,24.82146904469819
demo_engine_overheating_313,Engine Overheating,6393,0.9744363050563595,-0.6298021627349952,29.328027248860135,43.90916241670617,77.91888701294111,69.77167347898512,90.26453405315903,43.431387560336226,1.074808503493067,99.98807549891818,24.53416728424336,29.232552693608366,16.372158536296972,662.3955131228424,472.433857852949,22.774153617552727,125.86931380560739,1546.7364190610053,86.0300016742195,13.818092576860977,82.75020836885332,49.796703323659976
demo_engine_overheating_314,Engine Overheating,6349,0.23536756657053876,0.264256549344744,77.1980054471156,34.440883348966985,21.300744898731327,34.53106855230943,48.18600323396526,56.64026723573089,1.1213021304348976,100.92130804934155,65.85354730998645,27.749103838882142,14.028502951007393,441.0092195814213,368.0669625932457,1.0245360383479452,112.78923941141382,1968.3488031438644,51.4712094270135,12.324603540567423,57.17338185195905,19.790779599536613
demo_engine_overheating_315,Engine Overheating,1546,1.2313865502178678,-7.007255738620898,48.623601615213126,23.260114039198942,91.21278494918616,57.59532026497521,66.12020299148611,52.82138779425067,1.1103519691526338,102.0674204459331,39.44394892378668,43.530936552532594,2.574824289134259,592.8904226377784,443.61158978921424,0.6781599401304961,125.11055736845242,3805.3246366161566,26.175289531142557,14.19551462846572,59.270745355044035,36.353767458362995
demo_engine_overheating_316,Engine Overheating,6085,5.706991024673561,3.531900732122927,71.59110169862788,21.74207992951854,43.011533182254595,32.84689436254638,65.90968752783363,17.23724510543346,0.9037833324763374,100.40238583377234,19.06019327517033,33.61471270287592,24.79251321626046,647.4248245264025,303.6453421889675,85.19956094194782,120.47944602259932,2217.8837660799413,68.7422567097216,13.656597730681318,72.04010519287735,40.33924693623378
demo_engine_overheating_317,Engine Overheating,6137,8.665502378414276,-9.335300904474824,65.49865745211197,82.78460845860232,71.98463455840246,82.02275618304431,90.90723752457245,22.37748867147337,0.8795654691022419,99.2771664557341,45.4365556597854,39.116739638009264,28.70996578633339,727.2229504236383,452.01127959133674,71.79326455436245,109.9359837568282,2803.6558480635704,1.9624300002467931,13.207501134266193,69.5401406606475,47.417813431133254
demo_engine_overheating_318,Engine Overheating,1405,-6.265332093456951,0.38047239461258103,33.084011153606426,97.5754588165707,88.00998424837752,34.258384677303084,28.29676459314989,44.27746643210337,1.0683784106603462,97.21144905392177,11.056446295804,32.90341842044266,3.9870937461458684,435.96640538138166,334.96033306216003,65.88400694456475,116.5326186649045,2012.589351886063,49.84762331756173,13.185415694334475,80.81886854547126,56.239370773608066
demo_engine_overheating_319,Engine Overheating,4697,0.5670689602054378,0.6200765930280251,74.33578567994314,72.32981907681143,38.6870807428225,35.95173759184289,5.507553634026527,93.39843871735769,1.0383420996542976,97.62095761531533,53.939193970296074,19.49950026156171,-0.01205605658323261,579.2127639824332,496.5603956544652,78.7074822927633,119.17485380890675,3004.307027938162,73.37391338747821,12.3365262111038,76.08990583940783,46.62362853156062
demo_engine_overheating_320,Engine Overheating,6678,6.901342550984721,-10.761235323118182,38.86986044023959,57.140397181323515,17.206368022924565,64.33572752774154,14.45704330538926,7.420067627923058,0.9349444872805135,95.72673751359737,93.97958498690741,29.210863122837043,2.2149479571736332,374.44951527962303,431.97233620960554,60.584889533157785,121.63890550092565,2293.728743229205,56.33738820385105,13.164119796558774,83.09229058140292,40.76167108633741
demo_engine_overheating_321,Engine Overheating,2024,-1.5191432723664327,7.895015557949443,82.40451416160971,51.88965910875686,93.8477514994087,84.11871912721821,22.72592026989423,75.80802849406136,1.0363424479659158,98.81330168027051,51.25447279216115,49.576212282949875,20.100148289558632,538.0988728257921,282.47555710870256,44.830286975855735,124.16083124091016,3335.210188033857,4.585858025053808,13.967984564302084,82.20002496196743,39.867368462781116
demo_engine_overheating_322,Engine Overheating,1556,-4.158483311929247,-3.1761701556116497,47.42652717462363,66.60186570124651,87.1621775493957,37.20160735335308,82.40214045951079,87.65249093604646,0.8275757969646331,96.15485053977278,68.88760693047489,46.0031925939433,10.051175109984488,595.2422141309704,541.5929639865362,73.977496160106,120.37316855490243,1457.612393971084,14.242516284605484,12.465454294518631,86.96160314292686,54.54170593411957
demo_engine_overheating_323,Engine Overheating,219,3.4941156442027355,2.8064026320060838,65.199002894371,26.850756348086627,38.154554380292225,29.038214897367165,79.60378833387193,18.000625956734588,1.0526245006996273,102.8550519739855,66.83491249282702,20.93163909325751,33.761077090276146,588.6782452910062,469.90305061839365,65.96924785411186,123.58088660945273,2631.381683745748,47.818933453100634,13.104894798435906,48.266614184564936,49.48280507709434
demo_engine_overheating_324,Engine Overheating,5572,0.8877507925487522,-0.9535993890405142,44.60285544607166,46.22564133049765,60.62081993441857,33.024858098694054,20.52607439284488,83.24307594565398,1.1694997539485688,98.12725441488689,34.43177411101273,19.756836877794484,-6.304829131937556,468.583357909793,687.9113284184443,73.07085434015644,112.9853883774155,4104.139275546183,38.58821129301576,12.753585487949291,64.18589601259607,26.46172907935331
demo_engine_overheating_325,Engine Overheating,962,0.8084282611053204,9.00821302173253,71.05782751460251,45.01424789444472,86.15582761675662,62.81426765440671,48.94267012531695,16.892867226320465,1.1446899986267935,98.92135181444594,30.654767566527575,50.48329499721805,-5.4957403398572415,430.7569203181944,506.9410645529879,33.981433604329304,115.53468510757716,1992.9487569929515,11.707478183960745,12.273708277233702,52.09409542104638,56.11786056099247
demo_engine_overheating_326,Engine Overheating,5038,2.666360421466025,-0.5375007721536271,74.58941021883697,22.7133528315484,29.85168808873971,64.03119076973775,48.11579281267051,74.30832850631798,1.1429595438243951,101.41035332233591,21.578694283465882,21.384398714498204,-0.20573237492776908,656.0947319681106,680.3623011666468,92.54488677038574,111.9643157874089,3721.024134040675,48.2611981519887,13.845583696696414,69.67641790710005,23.835728791164726
demo_engine_overheating_327,Engine Overheating,4168,-6.072174005499215,4.164756038113423,54.80617895021052,41.54685804075861,37.06727762914794,39.10409703279248,90.04971451049043,10.643412866285828,0.8628620634576276,101.10686363933664,54.44685422061249,22.755860044555224,-6.414833708196527,387.63248717402917,379.97293934672473,1.4213029574641989,110.32181076674387,3414.956810857199,76.98903206733034,13.996471659539434,62.54613146895945,30.776549036142306
demo_engine_overheating_328,Engine Overheating,4370,0.7463208783158752,3.2536971382861384,42.83400028825776,38.91749075965942,51.38279139464485,53.787462781167555,6.231077984631003,91.3460076744327,1.027218249046563,99.3024241996822,24.032402037843728,46.30452561564617,25.914167924224763,325.67582723428677,533.6974112395633,65.81937453298798,122.71136349147754,1818.273536753132,78.98713171257653,13.12296214341519,49.34356286875401,22.22484886043504
demo_engine_overheating_329,Engine Overheating,7199,-5.653085981755831,2.101002534316271,59.74840631218598,77.38760779701039,21.805331181748905,94.3386615049583,19.536973859328135,58.94401709499327,1.1544185569136822,101.49256680589144,63.31002814968439,44.473240881263244,-1.8265411715532425,284.6382658049192,459.7084408057715,8.951892633830305,113.15505123825649,1871.2283807092126,82.47120501426684,13.960111998016114,81.85242818389537,46.557771936559504
demo_engine_overheating_330,Engine Overheating,5296,3.33041832042807,2.1058954183211305,69.95806960225696,43.24818562790329,47.54179997920374,49.023444941419044,26.593531947185575,33.274995071682724,0.9706202396788606,99.42861126920431,91.02372854156532,37.92393055220448,25.633539838987268,667.3605291498656,312.21373580193466,65.3124667553941,115.6422144050885,2917.2928267436764,3.4575242192140134,14.01243147309477,87.87528673089525,18.13927694738447
demo_engine_overheating_331,Engine Overheating,1160,-9.369582270759176,2.7199480716130955,79.6913162095896,63.827205320063825,20.960029696705856,78.25738597869744,36.81273846251736,46.477118866379215,0.9594303779154323,98.69242185797107,48.21282219458528,28.15960809851038,11.529577724716653,716.0018319300641,491.33130278045275,91.63864104223755,117.0025409563593,3506.4518797924766,26.423217869374163,13.780826980088815,56.89447258432435,18.78199886571892
demo_engine_overheating_332,Engine Overheating,3407,1.9436378525161095,-9.073808743375984,94.9983914292386,78.60072372575685,14.731534737642885,85.90509142993847,71.93985649394939,34.90200638618791,1.0008200482512155,99.95583407135771,7.164542810594411,36.55701374769612,25.690189929729314,370.34817851023973,464.1436638004932,53.253012918493326,120.71130743918465,4093.3611323793225,76.34479932038623,13.4430368404599,71.26383036756641,42.12746772290683
demo_engine_overheating_333,Engine Overheating,1207,4.037924544986864,-2.264343426895675,73.88074762117435,74.47031201166426,51.12323260403247,83.33488448622887,65.51931224810107,37.639819207131524,0.8270899672955083,94.53245481847912,36.66184354776077,35.09789703235127,-0.3239285026124481,370.87758708286344,365.8972250384947,78.05133395762726,121.42575681903543,2348.8169562413364,15.512794342595624,12.421816770126938,48.920819042122794,33.651170035974886
demo_engine_overheating_334,Engine Overheating,5018,3.724277035371282,6.853982803819203,60.525323092702706,84.038019115167,16.633935130585918,29.127090416873436,90.18918000896079,39.519670724062124,1.053426206241396,102.7851410124633,54.570898069766194,29.29780012146323,16.469628973794865,306.2258556788125,311.6901420826379,0.7171105052269922,123.68420083130009,3213.841286698787,26.849678861947332,12.642322838414609,75.7384470521001,54.7812825914113
demo_engine_overheating_335,Engine Overheating,385,3.637381235306073,-6.901213216555816,84.7968507635641,90.40382342953771,87.26329101468006,31.38387872060253,15.828131083671401,44.59978147986879,0.9264753514508252,101.95480000130652,8.29714476231904,41.45357737654207,33.68434282441324,748.8017760669117,559.0600756770998,94.992295702238,107.51318925250135,2277.8350379887193,0.784322759406032,14.162367544381636,85.62269154450146,19.122102249928055
demo_engine_overheating_336,Engine Overheating,5161,-8.054126024797208,0.07350912639718601,36.23390822903036,81.15845164307716,54.90137299915969,38.9652594264489,18.114778556004087,94.79221753637039,1.0424750035317532,97.95444009311194,38.40148008974585,51.51194453334165,29.77482317677501,669.3691784167474,543.4512975627007,88.79565826958017,111.98556744244141,3311.1184054898677,36.40029681527032,13.399997617119384,89.91688502757117,57.380991227012736
demo_engine_overheating_337,Engine Overheating,189,-1.3686910902938383,-3.761674187334092,87.81252383961106,98.70721412624695,75.07470223634718,10.866601216276763,34.03757609094775,85.69061059282771,1.0966069021061728,100.68009763921984,65.1130907421327,33.36476243639819,10.549100735856278,668.2875940435845,395.1389342119326,68.48318727009735,120.52417046847913,3733.6679680845864,28.789703163631415,13.683778533676403,49.79204539104091,23.522469158076188
demo_engine_overheating_338,Engine Overheating,7106,7.041374062533616,-4.307794404389047,88.13270673565523,14.404032597325884,80.4480549703051,50.79867566810228,68.17665995361949,84.82380523683686,1.0277108153479715,95.04694390256167,5.232074943792763,36.38609669330352,35.664678077720566,554.858498374334,431.55200352058546,3.0922017080913355,124.299588345564,2181.4699825741263,63.42996611835865,13.588474404222929,56.42474226159366,20.551100258429013
demo_engine_overheating_339,Engine Overheating,3039,-0.9254809643765642,5.246341744429053,74.01794792106281,83.78042460938552,25.02008756525072,52.54079627987981,8.65475126493455,24.28302406401157,1.09423417791595,101.14058488440165,74.8764017106623,23.268353224565995,17.347597463547196,482.9000389328238,716.0836965257416,65.4069869058336,124.70404182791458,1636.0509150253129,40.57859457902062,13.743215200211736,61.55359776136812,43.30033984614587
demo_engine_overheating_340,Engine Overheating,4608,-18.098287479121268,-1.9612680906807587,90.47440867310894,46.14138584229671,47.1193669739565,52.574169532098104,28.882989449022187,91.72916983497137,1.148135393884524,102.75614590190227,94.72276149885707,42.78260352169596,12.777532807064254,688.3522727182262,270.95024380471574,83.44040447135033,115.94572048422013,3219.6600812502534,33.664145520825684,12.93724630773363,46.42727187648995,34.95157721716053
demo_engine_overheating_341,Engine Overheating,3713,1.3829378605791312,-3.6323480226443494,42.312629147783724,62.57256223982605,33.59942982855527,79.72267181155608,15.024659617135983,56.988045191753926,0.8776161017700768,98.75416564228593,54.72912982552868,41.76501440145198,11.661547574553111,524.5478488620421,343.23820339739495,46.30153497363296,113.46060778188581,3198.393313963229,39.133955114683744,13.75868330196044,64.16964443581614,27.430846918958345
demo_engine_overheating_342,Engine Overheating,1568,2.525274118034217,2.9731811250203926,83.16166187302252,79.22005361358131,44.401051970462426,22.650831963006098,82.71359989677075,10.110293064056156,0.9637201810728978,101.70953628145556,40.38590186637768,22.36139241800752,4.233677015906622,568.0141320366151,329.9365175395026,65.49353268423557,114.76323862398492,2203.1685024615654,21.683293247084748,13.846659971713418,62.85032763585307,47.53917062424911
demo_engine_overheating_343,Engine Overheating,2014,2.826403649096346,1.3784536637102376,55.83541826170823,55.69190017621876,46.20579741440392,78.46175405734454,86.97662141387264,75.81008076899306,1.0298014847959454,98.87304964499401,63.01544271112931,28.649720968256858,29.344954922839513,691.2871252497573,382.91989506364206,90.28182081400776,122.97465447983335,2473.460302447531,81.8100181883471,12.440877987623015,46.259395164400516,31.914673023762173
demo_engine_overheating_344,Engine Overheating,3304,-3.3489107153743065,2.265400373438815,42.82971603386015,35.309205423341105,62.13448512903696,5.347749410753738,70.48013471191393,38.97225347838415,1.1719892323515866,100.22275833726773,9.699345957410877,21.427228923453026,-3.9442670814887064,737.258684748133,574.6637089600904,42.76060072889357,110.00965379760062,3820.9192393074095,18.14003349042064,13.613358432951634,79.34959626954057,29.78624355421633
demo_engine_overheating_345,Engine Overheating,4097,-0.26897330598123914,-6.505472482656556,51.52507602188487,96.8620958452008,67.38242311889871,81.19527855714635,53.65396143200669,26.513576793622054,1.0766367484001895,98.5051116471151,20.916398129635283,33.25990591587378,21.202650074750075,632.9592912074743,371.8815661095618,87.59973393493311,113.59102214149355,2013.4101536782453,17.56080499083523,13.808342668805947,60.93740587347281,37.335961115517385
demo_engine_overheating_346,Engine Overheating,826,4.9927929687427035,-1.2750782632993056,48.759767426733916,95.05714468342619,7.754954860421249,16.964879294663632,57.99083284044418,68.12661758435416,0.9102458762232611,98.98663987202214,33.65476223385315,38.50130208799884,22.329073177155614,746.9478657131476,469.62055560974454,64.82160402713805,117.56078495839864,2152.664681662719,22.775771852794833,14.175741443489446,54.30835627656819,49.61101068296947
demo_engine_overheating_347,Engine Overheating,1650,1.4379521793537529,-1.7703440468472906,38.00099100926836,97.04409796145502,66.73888909170657,13.110641930824599,67.38594075131098,59.325868650339665,0.941516648809825,96.34662397981043,69.6884703573337,45.43037079914504,7.051469051816682,700.5890132029617,383.660520688706,6.986442597481101,117.99735689655157,1521.2117184948484,24.899765783983675,13.214372786096876,57.88618300607839,26.599853696801777
demo_engine_overheating_348,Engine Overheating,373,-3.7283806303442013,-4.348586811624519,65.68677162588344,53.51024905964005,28.51307164497094,76.28592875821676,22.71839077079305,26.800556987584425,1.1229718948311052,100.67073273156291,60.158614008156846,19.440059639103218,-2.1461495589025823,519.9795808900526,603.3159048021298,46.41008641918233,106.34586048829566,1752.8099960004652,52.98900296581963,13.588434119375982,46.5042740720357,19.733270138420014
demo_engine_overheating_349,Engine Overheating,5080,-0.716951462639974,-9.321865988776928,62.936236253535526,21.13317837610124,63.339740141128026,74.95027873768282,92.3464997376896,90.35662654739428,0.9184114540847002,94.26468642360855,34.647099450059116,44.21376439236817,-5.249144373463192,452.6620756822858,397.09589187157724,21.93456358189767,120.1226150946063,3177.2910150731223,48.1944684630909,14.021549279363194,49.64124837286226,23.987568979125232
demo_engine_overheating_350,Engine Overheating,6550,-2.4602977041830325,8.780940340425698,30.182988122755237,96.25823233718206,32.45583348152523,37.30753524047845,61.126681913908115,90.06489657137612,1.058567766077178,102.59295996592934,21.883200693843108,40.895967371998594,30.1284290263091,524.3317447623266,426.5998908814966,98.47585300318772,108.81974680793321,2432.78858258597,78.60363773045941,14.000961493011841,89.11719457018984,53.39390369057526
demo_engine_overheating_351,Engine Overheating,2797,8.937828544743743,3.2452306447784185,54.97170339847497,68.64572687109238,40.484828225040715,78.23012689521939,56.83273486904895,81.09901782986039,0.8897577297474761,95.66484785279413,44.63391214263083,18.17580716361178,23.87123592522787,422.1057893478453,516.357699258647,7.000356046084688,109.41288718765388,3068.5775100657984,27.509636439993876,12.629443885171266,55.29809253634956,26.592774589019818
demo_engine_overheating_352,Engine Overheating,679,-4.132032241935809,0.9310793117906736,66.80966095428387,32.58162815173736,88.9443385848685,42.249132348470205,30.82675429511011,86.3893565652625,1.0559042614951792,99.52551276824606,84.80611869495513,20.165990592041222,30.533257552348694,605.3748948664484,425.5966855988595,25.635134252385562,108.09611799763115,4023.22251074007,12.772089299658257,12.718877071461767,76.09982308062615,46.406097515439704
demo_engine_overheating_353,Engine Overheating,4507,-1.4498257029742248,5.294072335663974,60.720108842345375,86.3611010303598,12.855685086279006,8.854699918432072,62.32913433449148,18.502141739883516,1.008981656463988,94.12697883356059,75.19363344933802,51.28261629660456,30.588607050357247,740.0093503122008,675.4240471430433,44.40180182903652,113.96696416887293,3888.5510039146293,83.42449158215044,14.145671896636074,79.57427556792521,26.079553197655216
demo_engine_overheating_354,Engine Overheating,5882,-7.180200705507092,-2.885735887774275,85.00961864446393,60.50587790475571,89.97142508705504,13.454275693288206,82.75673268362937,9.995326613342542,0.9420785387984874,95.21793078353735,48.1221583216621,26.593107845721388,35.79532944936387,548.4742401536366,672.9561386997134,27.805846905115096,106.51955119893121,3526.965011051765,63.21398939747747,13.290983291348386,81.69042283781457,51.6033749059253
demo_engine_overheating_355,Engine Overheating,6806,-16.50089095203089,3.243776489419324,75.37983633321291,70.91878385463659,37.52796133027808,5.20327207400069,26.68484065047602,73.7528456133167,1.0755536515973827,96.97919930347085,61.302467708459496,25.225636740506076,4.126875086376026,734.7558850731984,450.0630635503735,24.498759429885453,115.74216493677983,2361.0476393620984,65.65761336141951,14.124232212981761,71.62818410059613,41.645887477476606
demo_engine_overheating_356,Engine Overheating,4992,1.6439308372379964,-1.1325262298989478,25.076445201863933,87.94865555906365,43.64996769695347,49.2879636548597,12.515082388333537,80.33994620648528,0.8813213453359325,97.69559042905884,80.62389923574932,34.93796878790022,34.83300743145733,380.470865641931,589.0071017791948,97.79985235617275,116.99227274440622,3276.5516959319784,35.39039936409076,13.702674679450936,85.89933254356781,46.12222268202117
demo_engine_overheating_357,Engine Overheating,2664,-6.608485267084702,-5.2056073369630305,65.3996208315674,37.41646492982398,68.86647420474073,84.37572695805399,63.16846035160381,25.973529853872467,1.015879281299807,100.80343675256273,89.54269833854775,23.794053832260495,-2.1351338155382127,478.21289451179484,317.781137952801,98.04289125051184,114.48608734565119,2800.8315572037145,20.437900316349417,13.098252247073859,89.31122706875489,37.54748605467878
demo_engine_overheating_358,Engine Overheating,5433,9.12572240034638,-5.770338631271045,94.23472593875128,28.94437807945351,60.37376790594681,11.9217497454873,56.96974782001662,16.33286313377937,1.1147181485113569,102.45617488842021,20.568812724453437,35.120350238008484,-3.3060220701668284,442.787203395028,289.9449671898422,26.454652801742707,125.80447334178604,1333.8098019642055,77.30714966568036,12.35490515550821,68.80486190028121,36.08479169709383
demo_engine_overheating_359,Engine Overheating,123,4.448199185585428,2.8744595895696534,37.577741076574455,77.3842679711049,70.31475257903185,67.92635934435188,7.351440455514266,28.396371805241778,1.1223622640275477,99.40772309311096,59.197542865896345,28.948914399978033,3.967962073619603,734.3463462487623,594.7674282724777,12.686611780183753,124.75413884287528,2947.1104554541644,30.00261302613793,12.994278892799196,77.64320296586783,33.05090606744334
demo_alternator_failure_360,Alternator Failure,6803,-11.725628320527512,8.680125729300887,91.09690403697846,42.05554942918688,42.743728136922286,67.86629310810386,59.79065804489877,44.61078532452613,1.0539071345082849,102.1254547681484,77.02552549808767,48.49758336832662,3.8867867940963965,481.31360766286605,514.7568051608672,4.4190819161482935,98.47501232905579,1642.4853898169677,28.259607804101428,10.963008813098604,32.752066943902896,21.830519125524127
demo_alternator_failure_361,Alternator Failure,4192,-8.567001797479893,8.220181576824432,42.89982275213127,28.578184891588673,79.37223710642212,13.345100390872988,51.154055708083476,51.85047867703485,1.0266892504521836,101.97085104316422,61.152254608529084,54.02444935117686,32.08224183404147,383.07532455386155,370.94432270363853,34.477413591517056,89.39634596192315,2204.838044753854,23.251263289633883,10.911283253559272,37.162548081563585,33.520808962446324
demo_alternator_failure_362,Alternator Failure,5686,3.9523217221025444,7.893963699249312,52.50014062998865,96.82097481451544,67.10078683989968,58.305067233981724,53.568144626121224,11.79593421226309,1.1416145711737276,99.62954693873597,56.450066713523064,37.96151270290818,10.02805353677114,402.2390518532285,607.4481132538627,50.95675177616621,80.81454877494129,1827.7815244418,92.86036382228325,11.123452386157208,38.59548535665081,31.838639306926247
demo_alternator_failure_363,Alternator Failure,4973,-3.508416463406754,-2.5287105228847033,84.50383117860625,20.257352833662846,88.2133297986784,86.35297391702474,51.723372792702904,61.226801400848096,0.8966126980725045,98.0315269418325,23.24330248278311,18.81313712081772,37.12154113384442,404.39032754089845,532.8298220930042,30.025038353786304,88.89491888505043,1824.5158185265732,33.50467313247577,11.49235966307591,63.24213217198727,25.002212750218156
demo_alternator_failure_364,Alternator Failure,1030,3.527507675481732,5.746015688352715,41.59726962592461,15.662863530944273,81.67412932626459,56.65829575498421,42.29724761823937,78.07705898796351,0.9318089377278347,101.05255530368038,34.51674518652173,52.07260389695406,4.326476225012918,346.0259764357942,581.1244858407294,16.28472530647708,102.78471320693566,2456.110025352722,23.086066128452597,10.8923465079996,61.57437676041897,31.27502694974618
demo_alternator_failure_365,Alternator Failure,7009,1.660212105629308,8.209650879268489,89.77745369054233,56.80443807946795,65.15797246982154,38.55879243871526,10.322628980524357,91.21751972076463,1.1780553984790534,97.28092163884399,89.94811367767817,24.205872765577876,-0.8845153157055261,315.0936832044023,439.98392748870936,5.230225018159917,89.47177255070952,1189.0565501916872,73.05277955729574,11.766707709070971,50.95169425083296,17.017295335265455
demo_alternator_failure_366,Alternator Failure,3889,-5.722644236190525,6.384868303750816,30.84446646112404,84.47585588263232,89.56876287184028,64.93260020005738,91.80874100240949,89.0700277138692,0.8900590242893512,100.58091113738392,36.43743374939251,36.03814234092816,-0.7795901671530956,747.8941254676731,594.0231962151479,26.69083096309681,88.91532056403281,1885.0831707305217,74.75337241438402,11.895976173477418,34.46480598430573,26.537503089814685
demo_alternator_failure_367,Alternator Failure,5535,-7.175271769629216,-0.9838399440876815,60.292692635597966,19.51368661180918,20.090694894814945,41.09911314981304,87.34451105934973,36.44222411701702,0.9099254110978049,100.68575998764348,90.42171494689484,34.987573831351256,-7.6041720439095775,610.3116791082966,450.9279687434266,67.36455366162151,86.66519637990089,855.8999523515579,34.44962187456038,11.586709279658118,37.69009773541352,17.671094887862907
demo_alternator_failure_368,Alternator Failure,4168,-0.2943256407681866,-8.632502128011776,73.42264235526534,70.06096214235527,38.36640917165642,92.3302572241545,85.52347695323164,33.45453327218628,0.8311927936217834,96.77474326070569,23.424974828693895,38.248320819760934,34.26224337437911,697.7620048180104,400.6814116058203,42.859753355563704,80.8770127779096,2183.2005937404165,6.336798005072886,11.914048632720739,59.01202256835225,17.496566925312607
demo_alternator_failure_369,Alternator Failure,3373,7.508764255083748,6.602523537411916,81.09503987613282,52.80868960763679,22.25947735992002,62.58590601105485,12.22522942963505,57.612919205157986,0.8965737299672046,100.16442793411204,79.52388455552978,22.05241498343668,10.412353398835247,632.0903621324785,335.3034082986749,56.652367003571314,96.12413556501735,1719.2443377364866,83.19822742026011,11.314921459065399,48.21476779732295,14.930547884667256
demo_alternator_failure_370,Alternator Failure,1398,3.8062779269745057,1.961285385355742,86.78496689737759,82.68322952456583,22.96508821113747,52.291278675455295,76.6505390493536,65.72022631301965,0.8615876297233375,102.0598707983118,19.4614153500166,24.35644065629341,33.446396941852576,512.6161307653678,431.53023993997476,55.36567422980565,103.55353598797068,1143.094615340555,75.69488487920653,11.068056207141778,25.267217188143068,24.767667437352852
demo_alternator_failure_371,Alternator Failure,225,-4.12200440348345,-3.5977345447906615,53.368862136762175,67.21084229250614,56.88032177482,70.08445346493654,80.27640796436611,41.822629859243634,0.9722682191664018,98.47022921009638,55.97180405431732,22.007938946801993,6.381226292959607,362.5080617809716,437.49227067830054,97.33540725740365,93.98554296034351,1901.9847238053385,56.59368952237088,11.536707177598052,39.57290584806805,25.66984314885105
demo_alternator_failure_372,Alternator Failure,573,-3.351985362261198,5.529961375639805,63.3129468552391,78.10770350155428,93.43802771029922,76.61793081081272,50.34097513854212,20.25078616464607,1.0317739497879415,101.50868998041418,88.91726572807993,48.536484041281724,0.6925558926779214,622.036414887679,664.8712758434879,68.10169666269752,96.45804898227716,2075.3976013151428,63.697622212550506,11.01213300691223,23.996453905358536,38.97002166608901
demo_alternator_failure_373,Alternator Failure,5068,2.4501094766498217,-5.498353540044045,48.373948764656205,18.417713617713545,30.21245488682659,80.85518382289101,64.02330568698945,92.00248196926434,0.9433651666373571,98.96324908262478,76.1034399474405,26.657701881077056,36.348138834344624,564.3508827960711,263.63287912704044,2.5153275628012395,101.17318439363828,2430.93974301464,76.30725190638621,11.697622401339672,38.92068993128494,37.95139361498056
demo_alternator_failure_374,Alternator Failure,2978,2.4648935351967367,0.9917958365941698,46.54544053308955,38.93437027484685,42.14793659327476,82.73475679172769,6.985046057904425,44.05335861292375,1.0648171538449374,94.9937391245427,76.30282373156749,52.85039612220206,-3.816998230458985,353.4151061588215,708.0847234752533,19.785564078574158,81.8945522168769,3182.8717141699553,89.2622709809469,11.518015661826384,44.8143917279399,42.173144370596965
demo_alternator_failure_375,Alternator Failure,6753,1.1622567968109425,1.372177846971049,84.0579894941367,68.79211095631788,50.33091983339098,40.07493481086031,50.282050351211666,52.0230784178475,0.9498994772025706,98.03306568082311,77.16847395771691,33.410994641007846,-6.824250734770249,415.8492744514476,366.60125748218115,79.35820118319684,90.78303340332342,1536.760830436076,81.07048838416246,10.626903526379257,27.84128792290479,38.943418678853
demo_alternator_failure_376,Alternator Failure,5681,-1.2860663207827667,-1.8690130940648766,90.93744420119778,15.70821393730042,76.93112689686248,68.78895333978514,23.632304060890327,88.85320397061108,0.9655126769103011,101.98849474709324,59.46023341984329,37.48967402201539,-0.661899040784947,718.8772596579101,516.0644773866333,0.6092405496817443,80.4388289856868,2755.1998822942164,16.193635337838963,11.438233809879403,50.64868828702912,19.77779575319739
demo_alternator_failure_377,Alternator Failure,3991,1.8875700121868655,-6.9849005788758785,91.24207991575653,87.41531407142503,30.923851234772222,52.59330418553058,50.05695714385151,91.40209321550667,0.9618503608661874,99.0600479915941,88.58359353986934,24.024008893532653,17.322337750803552,330.7230017736782,544.0495086365103,36.56832033870047,103.22326575631041,1867.7524938138895,13.618763754170683,11.767599945299766,56.939001114031136,34.32008668399746
demo_alternator_failure_378,Alternator Failure,6854,-1.4177753172846732,-1.0940053513136438,27.661390984377555,27.72011295010311,88.9051502797778,71.53117673743928,25.760528689033205,15.02447805673593,1.1616110001526605,95.0096889945412,28.13630432425234,24.757457740979916,-7.6566642610586735,430.78469156706115,708.1222809354308,34.190330580935644,92.10331710722657,2677.5426706083645,55.10801020792161,11.64102811037723,49.77361406857318,31.299705804965516
demo_alternator_failure_379,Alternator Failure,5406,1.720985220880058,-4.2184667388984405,74.71339763607729,81.25974286346724,18.10378744551782,65.99063594394863,71.33197210929798,31.99697892471511,1.1348478380235816,96.7424044297243,26.944890743884756,50.08258217277891,3.3629125533556277,479.441181967264,429.2445018169367,89.80618225582724,90.92565771891114,2551.056886575728,79.4038904643829,11.479065013046046,62.46625242462116,38.087763523960284
demo_alternator_failure_380,Alternator Failure,3672,-5.861328818324648,2.2586467281175806,26.580412606142712,33.40119516876071,60.95566283335399,19.113341209199305,57.566124040388324,37.54382200767768,1.0123787728209785,94.01687363085928,81.35792192018286,31.39124304769455,-1.55271202321416,490.1996113624384,483.6415550048637,63.74027104961889,92.58949856845472,956.6327760643035,87.15123220777647,11.239112504501746,23.464449763985403,37.04898827852148
demo_alternator_failure_381,Alternator Failure,2917,-4.443152467501779,-1.1286159650981773,54.88398012148927,46.944735635888954,53.27047727486085,9.553497160919294,31.90619877961288,93.91047562061361,1.0583892960861072,97.7704074887559,25.012679264640774,45.57274639030864,3.973354246484803,357.9376498462218,331.07685410777214,72.92632791647324,95.42744610292922,1021.024943459515,11.504281536220251,11.487385614295007,45.70022458424715,34.009967113013474
demo_alternator_failure_382,Alternator Failure,6027,-5.488772431051782,3.27677550724502,67.07352201748088,27.651701767850547,66.15894697556959,35.87735151914579,9.435897174714928,32.21048258172486,1.1460106367020475,97.70025388158378,82.8198804227983,36.82039571034329,15.780987492141602,282.5038341111493,553.0678737129272,10.781384503042023,91.4899619523693,1487.7762963623422,39.23829658293149,11.351908297933521,20.650885157088776,19.960425414506798
demo_alternator_failure_383,Alternator Failure,1331,5.103681537414768,3.746104484554595,47.35754417101579,38.92793274681834,39.144732883948635,66.63028265981109,27.296941881466815,46.42424097224475,1.0521508840668816,96.9008985249573,90.38953224529291,54.24788749287921,-2.495015886374487,445.03354451238886,355.66715211097863,18.678959555711515,91.7835161201187,2231.3764149304534,42.56520405975992,10.981576822336304,32.53797084141378,44.724485471925576
demo_alternator_failure_384,Alternator Failure,2511,-6.696647956106024,1.9290923393598907,56.981432523939105,71.99326874792459,58.726463498649814,85.03271600741758,11.02894828599425,36.463812085193496,1.1747778852792106,95.64056814091555,16.460009555598248,44.97196422202129,27.76201736080332,602.6913028838369,617.0500812295656,69.37215720931722,83.25849637494024,2340.1436488223426,77.68766825595324,11.811723248854255,31.080585920766843,14.46007663284885
demo_alternator_failure_385,Alternator Failure,6655,-1.3580125981928064,0.4794147963753201,27.235063482462113,84.26922072843738,50.5392020429774,34.39698191855798,6.028619470839425,8.179470023715291,1.105344377401706,98.40735296468378,18.474984436681414,31.26470820821367,-0.3959632132739461,334.1831455265856,387.10159751010605,54.95085474623974,85.04015858749345,1691.9941491476793,47.79308839564597,11.188041634856413,25.788250960458033,11.360297243756087
demo_alternator_failure_386,Alternator Failure,4368,-8.689005127815943,-5.633991788799705,34.18787091104895,80.8282104727983,69.41068783824531,5.354914179705007,7.40730856836606,22.552989398424646,0.8402035279782105,98.78208794743276,8.56645353125742,47.69789600582972,14.676255171507282,629.4180960027893,605.3231734304869,50.67639396702327,102.20870903008318,3276.089895945505,35.921468601454585,10.776209796348926,36.34571803915401,17.817386395499454
demo_alternator_failure_387,Alternator Failure,313,-1.9453634995511508,-0.26592575858538964,58.63145900007536,78.68688184684014,29.66188770876669,53.372725217575294,35.164512439581955,75.64647777085952,1.0502331876667705,94.07654257459549,64.40462069946966,24.295994298463548,25.32579434933981,552.3225600858199,444.68203175266035,69.40664292072584,100.55823886085072,2757.9220989620794,54.53792765719076,11.611772048363342,38.62615494767391,37.61591425470951
demo_alternator_failure_388,Alternator Failure,1537,0.5775674986138348,9.116809863501894,43.899211614441086,24.94735470838824,40.328150620767865,22.372989030465106,58.598537983394856,14.145389860785434,0.9171708950896322,99.98968581351721,40.86906108200143,33.59412144857609,28.704561636085906,752.5655455796735,519.931180296938,7.9067171463607755,82.46967138136726,3222.826768972069,67.92349127484715,11.653456765667347,50.409369095849364,16.286616059330363
demo_alternator_failure_389,Alternator Failure,5979,-6.390266219733356,2.275299284566053,85.64540740594512,31.360196327173483,58.63656117504385,19.139171246460805,91.24491858095764,27.698386009323883,1.0815886462974027,96.08001649804169,60.44485485906875,42.392779359838286,7.107692758918624,673.0402554045046,667.2706131938272,85.50699302539951,87.93915726715322,2673.6336345810023,55.94907548692242,11.429679654288815,41.48412883663078,31.009140178910506
demo_alternator_failure_390,Alternator Failure,2415,-1.216967781959998,-0.7073554680994244,44.6073871679998,21.50330823299204,24.124604469981804,75.37363302089443,54.48528159599032,7.12788066610115,1.1038688141687616,102.18521556336542,84.23863482043738,48.45162466631291,37.6419563688431,561.4729386582078,702.7903091168562,94.88442325014275,87.51772953208254,2965.4127023368833,79.24726655587772,11.68611828836152,60.33263470813649,23.44665034721077
demo_alternator_failure_391,Alternator Failure,1028,-1.9706506734270661,-0.6644340231119971,76.64631764700394,89.17633923918531,83.82607885933537,69.92056619476338,91.12035000393705,21.076575705161805,1.162122344984831,94.57772333830259,55.00596930727264,21.337287409300522,18.128044859114276,467.2526619787453,297.54033849109794,64.81168050241884,97.5487519909482,1276.754263368954,69.44367193087689,10.850666568806826,26.182840219187444,15.1577143283661
demo_alternator_failure_392,Alternator Failure,6461,1.5044437194679647,-3.6959226891090866,81.65460171127715,63.23296069633323,76.7589122613638,92.88702510199705,40.18638271714021,18.494795923420526,0.8687428522137847,99.37729836990938,54.239275926980774,24.816709006055138,32.57682828271298,739.2392168580104,376.47919582751877,20.6882930901067,85.13412445538114,1799.1827477438305,85.32271752989463,11.434344853917565,23.039904427970146,26.554267981022353
demo_alternator_failure_393,Alternator Failure,4337,-2.2088192033631193,1.4682964557585447,53.24640996123219,68.3517399138681,54.45085702667909,83.72793041051774,6.464766439892511,74.65989398851842,0.828157002744103,96.7386084562873,84.16968243616071,43.5453243520535,-0.08815279515740837,515.5765811737326,592.0759232498735,93.73433213395293,95.2237087812369,910.4547580106719,49.97018596962835,10.814146294839158,22.15007977137146,30.94787221385545
demo_alternator_failure_394,Alternator Failure,5974,0.9172242667200106,3.479278780133889,74.4471515868056,77.67881993515252,27.025553544413043,40.42359099440862,15.777574448649707,26.500185521101983,0.9290042817318748,96.87492975583108,20.753589928713062,24.982336528632302,33.46763839043937,656.2689351114908,418.4597436060612,94.76435394809607,85.73414510701578,1846.7101109526243,81.35253114345706,11.220040918285077,30.55813953086657,22.89874136675209
demo_alternator_failure_395,Alternator Failure,5607,0.055270155792536704,6.011890582888778,53.39245497070663,48.817389800797685,28.75492515212827,53.18125685756705,24.751061039259174,83.07735962972683,1.0890521452958684,97.69251089572765,72.2505062329563,18.258849846946802,7.846504241550242,491.3445511104585,476.10731347102075,74.87314777103389,103.10737826148113,1780.9929695848673,35.059984952787474,11.454721317212554,32.65641263862105,14.947261683531623
demo_alternator_failure_396,Alternator Failure,3853,4.213816722128084,6.554691749432202,40.24830150787417,11.602829347270353,44.353541816429576,89.02480666924231,17.4492804984583,15.546697055113853,0.844823002328503,100.88516199038777,75.7333880450185,43.728914059548174,-5.54857512437254,627.1784011912978,466.3692518923761,15.789442193660497,87.08302425163045,2077.809757835754,32.96514722696811,11.95764891743823,41.36337837682397,23.025267858825025
demo_alternator_failure_397,Alternator Failure,6925,8.44818437943369,1.838516145898568,25.170749628368718,65.66263284706687,26.93920772921303,38.77102774291294,68.57140016613599,55.16475989096262,0.9527158518958349,95.50669316653412,50.493396852297785,29.81654286976652,33.99467918677146,536.4863873387443,658.3434373183898,39.018102848351134,99.85849193091104,988.5154103215926,29.811902556801495,10.70944630626258,21.424258132169324,42.16017858630916
demo_alternator_failure_398,Alternator Failure,5209,-0.010096862969830402,-2.212951189946831,64.86878253517894,67.48213432478082,79.39218152660929,58.71997002159754,72.37226867997941,30.28802466467614,1.1716342256139298,94.28707487593326,39.791893574958394,50.635833405637044,0.3040562835647478,347.8422846081558,428.09815277396024,42.81947005168275,102.40145745588146,2898.4928600366115,46.40896376905141,11.962165141234244,48.9025281871579,40.5780556193662
demo_alternator_failure_399,Alternator Failure,5178,9.119310450660498,5.064281040742754,27.08020493495033,10.799217393980395,68.4907898845518,15.646426021904064,54.302741339973586,67.6406733989018,0.8316044510426701,98.03867259231114,66.57367432872559,50.92004655062945,5.7645846276761965,747.6239342484785,648.4890898434608,65.06350720818543,89.40621217390715,2592.2204216887712,81.61932690703534,11.02461982484118,64.67735292081632,41.801677941412365
demo_alternator_failure_400,Alternator Failure,3156,10.553304489070523,-2.24530812622295,78.26513865379184,84.42839834901832,7.090029964133827,12.121882673058433,35.282067428905435,87.58522693691145,0.9633784899316202,101.98760993681732,46.61905213685776,28.687558051528214,33.42967842087478,549.1219690809652,425.822775713819,4.44070036278168,82.66239517875738,1191.3103027217498,36.48362904106063,11.450266138042082,33.84155514898684,12.293467181768007
demo_alternator_failure_401,Alternator Failure,3526,0.8001128495778937,-2.0685149001041143,94.45889500706303,45.36882142758448,13.027587687269957,57.30033330265401,87.76760653636607,75.80261289755751,1.1210385913074052,102.35408616492097,62.28891530469842,54.812141034179454,-6.469047785536063,680.7230445489099,654.2249079802403,91.6700390761965,91.47606698326038,2780.00201287047,19.50803991211798,11.4443823152495,36.139031856355764,30.866077773169142
demo_alternator_failure_402,Alternator Failure,5158,-7.090530733227731,7.639855893615079,47.51815362015343,69.75615205966983,65.91868103055295,71.7185242421689,16.38829477154354,78.66656512290155,1.067733208554744,94.27454569021575,35.20380644915457,35.26831646853965,8.588404557793481,336.3601063400383,355.3792908723032,2.456139491013254,82.23385187246151,1502.4352884251348,81.99702656357306,11.33729251391208,39.102405081099775,33.175703038549216
demo_alternator_failure_403,Alternator Failure,4883,-0.42887096197194563,-5.077833309527432,40.57656526934254,63.99572613511079,46.54619295704118,39.88265563047683,55.09752555936092,92.31042072043014,0.9331096441801155,98.68175890270166,48.23330140797041,44.51579217459626,25.59335232721414,629.9539462782594,352.6990067718226,44.909313636118775,99.4681925846993,1784.7489178245773,98.42551172899289,11.110701438509079,42.39500723038857,26.60839581808914
demo_alternator_failure_404,Alternator Failure,519,9.749916289064098,0.9477542295708252,64.73652944897881,65.67414196198813,81.60991772624337,59.82801439334976,91.40183130090026,83.49509410348361,0.9455463814069833,101.7391580076175,91.26300326841101,27.516295694209695,20.06960510656279,415.26587792422504,558.8009483778201,9.36428045470219,97.62051252485739,1878.55858005859,58.730717867643676,10.636207363532897,51.29486548446477,27.35969739473352
demo_alternator_failure_405,Alternator Failure,3156,-0.008286481370047508,-2.413687221616715,35.207412139499006,49.188604779652785,89.9581209157727,25.50146239884248,65.82551108317264,9.485918963108725,1.078515922696094,96.14593468121343,45.63653542063992,31.60686472200664,-2.8093442074016473,445.87933720565235,421.05748081486536,52.21056390297516,103.3364367905597,2001.5429301510444,91.44261556326339,11.246180721987578,24.839448539372277,18.055351334657907
demo_alternator_failure_406,Alternator Failure,1554,6.9140221495458185,6.4915123296988995,72.5051921537586,62.04776067268061,49.21065961130215,40.754355646016016,60.09731958488102,16.21464488999429,0.8785119477580859,96.7280471805703,20.406615481496697,43.05265260391822,-6.860657215312717,356.8851960000401,675.1997303694495,99.75431482220868,91.70217146787424,2063.6566789033077,77.33987622374381,10.650665408668806,39.21596668554402,13.493975863523595
demo_alternator_failure_407,Alternator Failure,2969,1.936058619221812,-6.653662184303828,77.75432965623529,98.65412881166962,72.14437631035415,59.72990646259296,72.87987496345191,64.31825056738862,0.987063770764687,96.6329170060469,51.81602534009194,27.56425853435293,14.387111936338684,350.14499484212126,520.0817455262188,24.528369081210478,87.04659449459767,2072.618947366852,16.252625302158073,11.947331837090287,40.11249419267943,22.329773036936288
demo_alternator_failure_408,Alternator Failure,251,8.554772841463528,0.0360623141681741,54.14836083889081,32.09795194046281,72.06236768078466,90.09271181675004,39.27287350868182,17.138846154130814,0.8593101090181854,94.05725775100497,71.95598966945498,54.311629278361806,37.66961662666414,656.4146820846042,334.6045380161801,97.77094559131216,87.86752263204683,1667.368043256732,68.73369528924388,10.668668861904232,57.159637845840166,44.90540467707104
demo_alternator_failure_409,Alternator Failure,268,-1.197521526983028,-2.023334348330174,52.32195693965857,15.932925011409122,76.3400690810981,58.74422782143205,86.8404820209876,15.436661015014927,0.929844302713879,97.24590538351048,66.49517376902223,47.14657103481673,36.206938794883335,421.7954359955941,487.0727479395538,2.896093008129841,86.07170907461331,1766.3085948931189,59.38062065254483,11.259183691038844,36.40137768996488,31.842728828526955
demo_alternator_failure_410,Alternator Failure,1276,8.221698707943457,-4.956221559997615,74.3446554780914,80.01465388826773,79.28571845611826,23.83980970073258,53.53402651199741,86.0009988672756,0.961102163832937,97.868947811994,93.63406495106172,22.182947903202702,24.457691515235254,688.088380979628,329.36501765164803,71.44532360072374,91.27371732825061,2939.5826674528757,90.74523168359062,11.821478864416402,22.897331191055574,36.4899346885241
demo_alternator_failure_411,Alternator Failure,5976,3.834975995338905,4.460274468849143,67.0613242334943,14.05048486582999,82.04297199853445,9.176320474624537,33.21586457462065,88.3276758758494,1.1619082513826244,102.92710486428331,47.87620570515976,24.564893216097403,14.445446394137857,329.1102040398636,661.3666101261861,56.053723326650484,89.70814158000212,1044.8502210779707,40.52406768166305,11.812668251746153,51.65326696147457,12.88594311288383
demo_alternator_failure_412,Alternator Failure,1622,-1.6986258939367285,9.370659499305283,90.38288343952897,68.70628401677882,13.534070117355055,75.92517161424146,38.15653357147486,27.038358009789874,1.0251945790982888,94.12034919808487,46.88578940938295,49.22078474452127,34.690649415336146,444.4262581198911,555.5208305559204,22.682343836883355,93.44511370363301,1472.367929075313,57.135650862745294,10.840410964210523,62.35546505423345,41.04211167425521
demo_alternator_failure_413,Alternator Failure,1201,-4.965294068413744,2.102410063679999,31.68528915125362,76.63248178348816,30.421321665143374,17.20775918082761,66.03720961132524,47.282613603745034,1.0108502566229598,98.68476805724129,10.350318389541759,19.90106921642905,19.65370518161246,579.4550283306,281.7002959969527,37.843933188781776,94.70843070945025,2458.8676065950367,82.82757592765515,11.189025197035633,44.671600151613596,30.249613146308604
demo_alternator_failure_414,Alternator Failure,4671,-3.342135570408244,-0.16404154889998795,83.52877912829675,28.020864027014774,61.7229197743222,56.93427307795276,40.96697690664671,80.01439778305703,1.0714245744496163,94.20467317095256,74.90246660210163,36.758956266065205,7.962887297810955,628.9046351256054,575.5901896372839,31.058823786894905,103.59293291594915,2439.3357924437955,60.577971245389364,10.69783250887448,32.56934511551319,25.644090081425453
demo_alternator_failure_415,Alternator Failure,2288,0.48586847609993566,1.2389252942344036,78.41230534299739,33.63109412211117,68.19412957542359,78.49373422020463,73.8544978024658,74.376192612923,1.1398625406143794,94.75760688232441,67.74724142366927,53.841093441309056,18.387929894228755,384.31182975250846,719.426750656138,17.467729282147893,88.05338473699662,1271.5523616220612,46.45128687500682,11.186426413455342,42.105840342975775,42.47941900194004
demo_alternator_failure_416,Alternator Failure,326,-0.8355438731429828,1.017614913882559,82.24305958103827,31.57498281028998,6.163335970596519,61.6549632981846,81.0364841453768,54.75651013493601,0.8960236912046242,100.67219581607776,65.2585354350143,38.90620388411645,31.713464004965253,656.4363294107357,567.257962054479,66.47586690232184,95.8928632231586,2136.653625045582,46.3921644643847,11.593440643298207,47.4722516661604,27.149319680519007
demo_alternator_failure_417,Alternator Failure,3475,0.059733514321685256,-9.317115742364422,70.21989994045758,40.80235833761532,37.06908495935691,27.205014572172704,91.57237307285169,82.41812265818504,1.021977650588398,97.61487831902663,71.3142737326781,37.5259425166619,36.88914756009524,306.4588546826342,275.7714376645986,56.861101797337334,84.87870134453377,2330.5452006979713,78.14230285471774,10.793353665658822,39.82737008852875,34.10334792072743
demo_alternator_failure_418,Alternator Failure,2674,-8.47223707727709,10.467433268854023,66.0059478909943,50.906536185249955,74.47328843040373,55.00184577826532,30.14805604733877,72.89536277490693,1.0063889246663054,95.59791897050495,55.6765090827795,53.0878422142973,24.453748003135864,423.42561349982986,587.0016606347147,28.260631100217893,93.02453210099029,2140.1596212795043,24.739087891180368,11.087033679831745,62.39816546537205,18.770948774540177
demo_alternator_failure_419,Alternator Failure,6013,4.894022054231801,3.582326021552044,62.28403927680351,22.37633825186471,23.411367743574004,21.107986123136353,57.811483307637715,92.60448770466303,1.135806134598998,94.2272669463662,29.635396201611186,23.81852598066982,36.88118072730348,393.09291260695124,352.6040651178452,62.08752935822592,93.34847800579487,1403.3361352640254,67.03648645372422,10.735810095812564,20.871607971390148,12.88451767472214
demo_alternator_failure_420,Alternator Failure,6596,-4.325387205926437,2.863258544952032,77.83082721108269,38.93461770084034,69.74051589349962,91.95630783101217,37.19848012538479,94.91534912615225,1.0498275823713996,100.73732271218252,27.695051496333495,41.79435845955794,15.506287567269823,739.0732698291692,676.1505219831771,39.66725989250772,102.7248740369176,3017.7907542375237,59.03838503691392,10.714965072305356,27.235560829679198,12.690598563583007
demo_alternator_failure_421,Alternator Failure,2665,-8.099771124028667,2.637286545734935,39.85171094513066,72.17691241065967,62.28754319144927,61.80303783677034,23.60335996364268,57.14119349461486,1.0451938058505825,99.133647849806,21.75462205481108,44.753242091764236,-4.630814551840492,563.7760056734185,460.67929290460415,25.028659313307365,99.37733573662733,1280.9367883468506,93.2981759897951,11.838391039649661,36.22643962229373,20.680352580050766
demo_alternator_failure_422,Alternator Failure,6626,-3.7747151648723927,0.2099954357204581,27.22485075003822,55.98994731054494,12.721905304644821,56.63756164575576,50.806554648873124,12.45614409524498,1.1137098135220382,96.3608545944965,53.73359277500291,41.644438435329775,36.26600854445766,517.0296125823261,681.9652552524449,35.485734134769885,100.57849283959987,1427.7742560309712,70.74797624354177,10.724056791256995,64.37226605076467,43.38777399518288
demo_alternator_failure_423,Alternator Failure,1041,4.238926534782814,1.7827118914772497,66.84424036226156,34.7533803720703,65.70242916846463,67.87057519440644,52.25688430927481,18.296662323669594,1.150906939800976,95.03540574111054,61.62549518394603,21.81427807456094,-1.27936737988556,289.8583907338379,427.1474785741094,63.95825644220379,92.51706127358892,2502.62092055879,67.50188608709529,10.796243241591934,22.5801831539772,31.887534915213447
demo_alternator_failure_424,Alternator Failure,5921,-3.6676952224017647,7.949211169514918,81.75356518875778,16.811741394663137,61.90806103892234,15.837038229143493,63.900294478990666,42.59532090411468,1.0785170999575615,94.46972982229241,54.95746896323312,23.360482258562946,23.38955505408179,337.57870302960754,293.8483285578859,71.31227981836126,81.52476642963877,1400.1005039322145,82.47351971256721,11.733563630931517,58.43565910013492,21.41349613560498
demo_alternator_failure_425,Alternator Failure,4724,-1.1368807859165335,-1.3022314188526773,34.58898605077563,75.19517912941464,13.773771445518916,87.19255477641809,62.35791642604633,49.39747814207803,0.994502531680179,95.6322584306042,36.132563520918836,44.903575616734514,16.88340655930187,534.0669779681261,349.81311149096655,69.0362311953684,89.4088136254724,1297.7456791744087,94.37847515963293,11.309518245611846,43.76164913805644,44.34801685751821
demo_alternator_failure_426,Alternator Failure,1494,5.751077154344897,-4.313354721269153,69.31669429213599,31.09764717482325,9.65801051490111,44.40054544566249,5.915386579615259,11.390225969334509,1.0343176320499743,100.52024649765724,20.115349873184925,45.102515268929636,35.68738802335858,636.7245187485744,620.9690010045151,70.07125802683719,85.39369857091403,1734.1803582817984,94.92669627698173,11.525694810558166,55.50611302703325,43.90431165956371
demo_alternator_failure_427,Alternator Failure,2676,12.239784960431757,-5.00816901579787,70.13611569841498,12.19217264056066,56.40971696003351,77.78195415630489,59.93990364417127,31.585395550649977,1.0806774700009822,95.31428462211952,85.52961223506651,21.733856148496848,31.720592153071998,518.9485253133917,457.17762160438883,50.06617605754313,84.8049512742301,1971.3296699190932,84.97198158986585,11.721337339106318,27.33718405210982,33.56973423451716
demo_alternator_failure_428,Alternator Failure,207,-5.873790172582444,3.477762106471049,28.36649882422811,93.80524806763742,40.62966042632558,37.48789735307094,73.35634500309317,28.75749939428203,1.120509252340225,94.68446404737384,71.66400806445898,53.73421114633667,37.805364656211985,723.4260928307999,660.5507064869023,27.888022445773018,103.19956070311434,3123.3466548451643,53.437250702518654,11.16290871615115,24.91702641011847,30.672192723879366
demo_alternator_failure_429,Alternator Failure,6177,7.8568820428003345,3.356784874740631,53.422069244137234,61.59802516428734,7.500568631644562,91.20793067480741,31.091513638703844,17.68017755919921,0.8219758226084525,101.71202387247142,82.68866382197022,21.526344367155275,-0.9969000671151544,494.99307100372863,345.42391961050515,73.58211368367569,81.39295389693734,2196.787864345372,38.27915651139041,11.250925077169152,39.114070296302074,15.360571388712877
demo_alternator_failure_430,Alternator Failure,2306,-2.3301426537071857,12.870118126366862,93.45263756932404,35.18081305095268,32.63229854056078,16.439569738890896,72.96477840470763,88.17285291685538,1.1043101933439943,99.51354246490754,78.19096240495186,32.95651861851576,31.536878333711627,663.2890478263273,260.79333635790675,48.7794134917517,86.35079782590142,1061.270645100854,84.61960427477749,10.61112955802157,52.85735759249121,44.58672423490152
demo_alternator_failure_431,Alternator Failure,1632,-6.3641550373909475,-10.103699319207086,67.40830681322994,82.4228044882905,26.622679439775094,27.56312862381826,59.64602126781621,89.58918387688747,0.9274383912731547,97.39079196906111,94.39999713142606,24.520220112641084,-4.459464254736012,563.082514662691,271.1628146739512,18.043323127482267,94.93302033657123,2465.805381693766,51.042524964761974,11.137247264721136,45.928891298983174,32.518501356163355
demo_alternator_failure_432,Alternator Failure,5384,2.7789652267636766,3.1955888651667532,87.5962808259926,85.42227282358769,16.99214073961462,91.10114971911351,85.25680720861284,33.883446155716385,0.8272663906985341,99.43578352082459,44.45758191797493,45.73396651568688,16.131589167396637,316.7154089204545,372.5562133171969,88.25237561265295,80.90455269716121,2654.8406900258033,29.19435079514323,11.233695724259496,43.89524443602238,18.752847505752037
demo_alternator_failure_433,Alternator Failure,5796,-3.7973678715655463,-2.7904349990671595,30.954163576954258,43.65343682662785,71.99395710856624,69.94738038570186,54.01430095147152,74.99073018812128,0.8587521614943435,95.06390141060078,64.17403702667103,43.65335311211977,29.468235344769234,366.8977013311634,497.7149633383084,66.08312971355824,85.36878977189636,2116.473270705277,63.8445024390596,10.900229316068753,36.90035346125636,17.57185835474978
demo_alternator_failure_434,Alternator Failure,4887,-12.546497058819769,-6.054589175998213,27.46087180690006,14.045812517021515,22.242761147013525,59.73876601762571,6.588488706001039,30.806953228143243,0.8409400808763877,97.63292893269251,9.371906404687184,40.47904573497064,23.667516213874702,631.0420238290064,363.19796337727735,86.85001619617432,96.56691601594224,988.79303728456,44.076670870142706,11.674859090721473,33.99022670241034,23.35455708675427
demo_alternator_failure_435,Alternator Failure,6507,0.33629367777316277,2.5463249646245294,92.68545283555422,25.70329095487551,7.400479968163429,5.479068383637823,40.959893749945614,84.58280289278399,1.1151143485184543,102.20841218424725,53.040408739600906,34.60361065338108,9.749604900912548,302.2806763798268,678.3797779003706,49.617609228472745,90.92161834523624,2112.1603431845874,79.41545181142004,10.91425952037559,51.94553055477155,34.87694092989115
demo_alternator_failure_436,Alternator Failure,236,-1.0181589993974978,-6.635290211807542,57.973279643132884,86.54863487153305,91.86051754651857,58.53817532114612,24.092057788071813,21.61262262421811,1.0501998234350562,95.89062232353464,54.777868152879755,48.888041378324374,9.931703829256143,461.666651076126,276.62455496989395,25.40845784245549,96.75659503086258,1732.9585505738814,15.829891728992196,10.748074827264457,24.2774020167819,33.06967015912633
demo_alternator_failure_437,Alternator Failure,6125,10.109298135495234,0.8446799787937119,60.02285137113976,23.782316741908442,50.05438022840785,10.394399894034192,88.3272612742419,10.222479860234616,0.9724708701618106,94.00513950762856,75.753539490492,24.14829697581831,34.54613681979719,301.10931897307097,637.5621738996364,65.66378128155883,85.99365725326138,1345.9280426149576,35.76779333770224,11.759764036445496,58.7880446750955,16.1349882833514
demo_alternator_failure_438,Alternator Failure,2055,9.715408820358807,3.689362953160458,40.776883134343386,87.93979961517786,72.34861378132098,74.63850338267082,8.527630206495214,87.36174043079596,1.0269058160707245,98.53422524216067,5.952681142500305,51.21350178606187,17.018961642356025,676.0736619234569,561.5350419396151,79.66936135108804,96.63036196538727,3106.3615607227753,22.54841863395497,10.88294014662607,52.06437028753049,27.548818020421415
demo_alternator_failure_439,Alternator Failure,2583,17.392803681357126,6.331043890472853,63.31997379000018,80.89241028995765,33.69806203422672,82.3091399239723,14.690871763304067,62.06035792650681,1.1404477027096471,96.27424715111535,34.415120743152166,29.30134580423134,17.956130741651553,478.1784714712713,309.6612710976551,89.128722175646,84.91223909980818,2158.4960269218973,59.48048959372615,10.657052581106559,24.307054744445175,44.00913986503431
demo_alternator_failure_440,Alternator Failure,5272,-2.6287228272759022,4.784006349574355,60.59799664942398,16.767961487062806,66.26768882430122,49.94166252816216,23.44278209998309,83.99320448799376,0.9248967489880915,96.56100971907978,29.549622361305087,46.39586375229489,24.481458837504476,713.5099290257715,365.49604100876866,78.63645955428083,93.75309383667431,1606.2650436490362,3.545413240775064,11.746526569791554,30.848211718101034,32.111006267522185
demo_alternator_failure_441,Alternator Failure,4804,2.7584681966929323,0.2600805463116338,94.60405409578337,83.28964202201159,48.782414357301384,66.23072332181448,47.893481293169536,72.01276441508577,0.8683582764948018,98.01715895710628,35.1983459365574,35.00724400927929,12.721742031576753,348.6850958940133,709.1847425261533,1.549214278812805,80.24175067561757,1764.9312304074615,62.03763493468175,10.851514517540899,43.99373017568725,35.29701887872176
demo_alternator_failure_442,Alternator Failure,4838,6.758621208025817,-6.005900615132932,69.96907896510743,19.964787236791814,68.85377498491937,80.64107123562374,14.475662809756013,16.32768389330596,0.9211770691794019,94.10742233837796,93.74461649035068,40.140210773248036,19.949114698323093,740.3018414327853,642.7334569869365,81.42429309683494,88.14805687763902,1670.4153139883813,29.173795981264682,11.085374066486848,36.627894261193276,14.900129114320766
demo_alternator_failure_443,Alternator Failure,731,6.612993839517237,4.622551341570423,46.6543137122661,24.8812271341793,38.606935836064785,48.281699589479224,69.86555480004155,69.01139853272034,0.8929702111899966,94.32989855651414,32.34195696263623,23.81404327978118,10.206270043921926,750.0861371932501,343.29283061640166,31.887394342296894,97.40274359166973,2097.4978180117077,4.392814357338493,10.82636602542585,62.086229964793816,13.610774745865996
demo_alternator_failure_444,Alternator Failure,7136,1.3972906710973527,0.9861693870352282,75.75546021970831,25.29056611271622,30.62752473504113,33.06398277957867,94.67914915078012,24.311506569616157,0.8665146872680906,102.3312229373327,19.573762443831747,50.533357026287995,21.92100487174774,556.893519073849,605.6158073114253,72.599895714805,82.65262854603952,3298.6919704963884,94.18897264487286,11.855228748006683,48.003011027408306,28.297696596630995
demo_alternator_failure_445,Alternator Failure,4594,5.369566148695494,1.1368999429920872,59.96286513618101,66.13926108939279,64.28355878974537,34.89255185461817,47.415411526419454,62.2679545996317,0.9741899836990654,102.65921679085173,68.48978988668003,18.047128611282947,-6.929143851816361,611.3440976648196,449.81674487093125,83.94709492122662,84.15236982767028,883.8759394281151,38.80823501137123,11.630489746030428,63.727748001990584,40.92788577728694
demo_alternator_failure_446,Alternator Failure,730,-2.3267152558197055,-1.7354659105759227,65.05906433094182,93.18685717130231,40.6746632741666,91.40905666968041,24.861658705619476,14.507042858005416,1.0089144409894124,102.16522184783102,33.01512968702698,47.60593181776124,-0.21692576950707654,637.873790080451,516.2323930382183,17.501697539437224,97.23409398650261,2598.702477968247,51.54352291434403,10.915654692699745,25.953225151024846,43.50392669609263
demo_alternator_failure_447,Alternator Failure,3516,-1.8931200074803254,-2.8201920468966195,73.78793703351691,84.652629867306,19.624173777403108,49.725520209234,65.0412293452064,14.305090990569617,0.873984501758227,99.70584334825853,83.1835223828438,42.43539862083911,-6.334578581020521,745.8078002033551,324.1731744168727,23.256223355248974,103.39921476571338,2739.0308418007685,93.65766803785066,11.729267569931242,49.328051375144,19.95935496020521
demo_alternator_failure_448,Alternator Failure,5549,4.9531524442744495,-8.963834145500888,50.16433139096286,43.59406758586334,31.792495124829625,34.35171283625036,82.4600719659907,5.945617093086216,0.9769789435994288,102.48555710675117,53.837271966452796,34.66649423532443,6.369011016181052,315.47806233371386,363.2637798926559,9.045840993687126,83.04078631317027,1250.615533109361,30.202943208427847,10.61542335199375,62.75647485169615,14.33366824369411
demo_alternator_failure_449,Alternator Failure,2393,-0.7574662766086854,-0.20648657670281373,32.45975791335336,53.52438265787087,81.03052377872562,55.12663616307261,23.930923588048405,71.19585782713231,1.0652827826323028,97.25967315892233,9.166564542323762,18.290993526155475,29.968072623849892,434.3475335483529,323.3741533587161,51.85512261629821,102.09999909740216,870.7781180798744,5.614354067641447,11.183862905619101,50.41846580397785,26.663516056846756
demo_alternator_failure_450,Alternator Failure,5663,-3.035514248895911,9.191561898433928,49.59435225721045,40.61145033877075,48.891732091105155,76.15193406751494,33.609435476253566,72.00348859689824,0.8727275696604656,99.04652370070555,38.75792230989906,37.950799684936115,-3.043511482876526,737.6621664452362,676.8584937288178,82.63963042906289,101.42678776131325,1209.385281944641,50.372177301966595,11.045072822259133,59.93236735868714,16.630318887481327
demo_alternator_failure_451,Alternator Failure,6468,3.4137336382436034,-4.045027624558193,31.222976136136772,75.91304592249757,29.13145594827101,64.48418287404326,83.57340077245944,59.86502359114915,0.8965661439829992,94.44248972985295,9.015257452555929,21.286039634518293,18.671623973606934,447.14456993951256,371.82920960211317,21.93065577971912,102.76595676567437,1141.1006109355822,30.48144107726547,11.260068166826871,20.020228673341492,42.233361561650355
demo_alternator_failure_452,Alternator Failure,2875,6.449570067518135,-0.43647072439748547,81.6344698573316,68.62489575059372,74.24486754943815,42.912374790967476,48.98340450964609,68.14958919479774,1.0246336195798182,98.60384695240047,23.50025654490944,27.55000564983589,8.490873088732101,284.4565050032815,451.987186806909,0.27684757639128144,93.56037046211208,2574.870483982255,56.21486316151264,11.570927962486826,20.000592585029338,12.080469064950835
demo_alternator_failure_453,Alternator Failure,767,5.485824757377436,3.9742410245767563,75.23910996225761,69.67110182981965,68.6644397430404,71.56309332165492,70.19397485308123,71.42076299195058,0.8466470946694651,94.56944396345162,37.50079489064951,37.52107843830544,27.080476480399476,440.65975301968604,386.553855251472,78.14483081185296,85.98408443489588,2861.0613731954354,17.71335497200386,11.103262932021467,38.048402424187564,20.4828656557675
demo_alternator_failure_454,Alternator Failure,2631,8.804002872464881,-7.879616790934591,46.95374261686639,80.69999468294864,9.26309862828257,40.00538296897167,8.376391002149713,88.75828095161084,1.1044753973311947,102.83945439314212,86.91444785264167,29.685072568295123,23.812836967206692,427.145961989636,668.577146447627,41.07528699673414,89.02130100570157,3089.4684233716666,83.67402876198543,11.952978974710023,22.99196385085011,18.516860731360097
demo_alternator_failure_455,Alternator Failure,83,-4.2817552610753715,2.5803803816952495,58.11910321639752,36.232518526006416,76.14053808305256,25.09197300365508,67.68655819692017,81.65914840328877,1.037331366097451,97.1874303330354,21.91021179769862,22.970809192936752,26.232038000856832,505.18335884008764,281.3069935369891,98.38395069426203,96.11127639173576,2918.247250996094,43.81886713170115,11.937614069131236,28.978625941585726,16.479764302858563
demo_alternator_failure_456,Alternator Failure,2427,-1.1457165772290354,-5.9039501641000305,33.8050448747785,37.46948123829448,72.8737104231021,81.1392717201173,36.28892729703354,10.511031363518105,1.059661605366201,100.65547337294464,43.16132082773233,39.57461162986117,37.41908888610783,397.5993276926365,523.5697391476554,61.09604135626425,93.17857270458711,2979.3674169622996,60.50075319221164,11.311046031347805,25.535676199752793,34.61232197526989
demo_alternator_failure_457,Alternator Failure,6416,0.8173157952351108,1.7942576819048415,59.197181414442355,61.52007449329591,94.9148655236492,69.10941150097578,81.37312882048195,36.174923512767975,1.0032092857287882,102.7684209159567,42.564969692849864,47.869745717688204,16.195499416246818,387.5016887344308,526.992573117006,21.806202837032153,80.07264775701779,1427.945237909691,19.314383235509037,11.119289648079207,59.986860671417965,23.574857575953654
demo_alternator_failure_458,Alternator Failure,471,4.66227957892129,0.3940112023622084,38.21156990322506,93.81502406872328,59.37561015779467,88.65921727150466,32.91080182731076,69.49061404544686,1.0979290575630134,102.7812964246263,6.635883485206463,53.23277695956011,10.013150009791595,682.2363547575362,510.5679423816986,56.46495430333655,88.62506931647481,2879.757846426584,26.40135708378334,11.289137940650049,45.20785244453639,35.988238269962096
demo_alternator_failure_459,Alternator Failure,6094,4.944398853821635,-2.4402793211518983,58.97058674435828,69.33885732627351,65.67291285873333,68.84974044763194,79.09698144742934,53.66503048639256,0.8895801389931616,100.1167675745715,11.940627514294569,26.101335831063807,28.439246318580764,488.83366927843167,489.10031711955986,98.739691848353,85.64413966037404,897.9042363630397,11.13726095178441,10.94230260352516,52.66640109784112,37.15377111946667
demo_alternator_failure_460,Alternator Failure,5342,-0.391840392992885,0.5981350793640725,26.047028915375396,71.36208484676166,60.28677998682511,6.961688544338922,78.53104702695161,73.70838816459096,0.9309605484045926,99.71838985569076,59.13436671184758,23.2976703313942,0.8899278512608291,607.9389453895021,689.4337572842039,57.628432069875316,93.62751549342907,2434.3701520244044,44.05783001781288,10.67584086090188,37.84267310261137,41.50882735412614
demo_alternator_failure_461,Alternator Failure,4097,5.367425940688564,-4.520626532798718,35.69821095926874,55.53619813349466,57.62553393316493,23.8932958993677,23.087321534207305,75.38296393785221,1.0618666901387943,99.82468783133645,29.028871218471345,36.75046869714665,-6.93878213949092,342.3741052482054,498.395396869964,30.96722756319128,103.1760741655164,2005.137572004176,8.356415635685066,10.624979286157437,52.636604323145214,16.002735831760987
demo_alternator_failure_462,Alternator Failure,4779,-2.9987120474616247,-0.5117986699487796,68.16039558223326,53.71232565013874,15.030554132950707,75.62667631185036,43.32729689728233,59.97508876303705,0.8214192397117653,99.63760030092884,30.4564871327841,36.291717498769756,5.695147775779327,758.2051574282766,366.1874647673468,91.28596014892565,102.031199163918,1881.451599689201,30.400311552335623,11.133449765658307,64.52025893263091,31.65786795681621
demo_alternator_failure_463,Alternator Failure,1400,6.220772595001239,-2.7700047294182397,84.3490121277918,17.54249102264791,9.227513033094322,29.73722775061928,47.82097445517664,85.57600640039604,1.1044283676698219,95.77868930055259,38.48715755845489,46.86888979089866,16.246252583578478,363.756132171558,442.18539323203333,62.593580450970684,103.35741619541203,2471.4395343982023,1.6195162231396942,11.58701158728554,31.288916335575372,40.17556199748352
demo_alternator_failure_464,Alternator Failure,743,-1.9667988000950218,2.1735393438519894,42.86385820205038,31.22393396480655,56.59356206961437,74.06116437657916,80.1458936743888,40.790288342335195,0.8440493548948981,98.35577498618999,44.040332932554726,25.28822108536246,33.22266545262953,747.5911614499307,283.80370649521745,79.57463798574325,95.49719739059692,1490.5188325064746,63.515611828281294,10.780100468356864,23.123292873387378,44.772117626829115
demo_alternator_failure_465,Alternator Failure,2800,0.1832298274910259,-0.39748187847427074,56.50237691326362,95.50793640680564,44.48525615481287,86.04000788021098,83.19282781806155,35.9740684481759,1.0705632414677568,99.94448653404334,74.40906835578576,31.53937907789696,-5.597121069085895,362.0988357340053,543.6146963299293,77.51001868973535,98.1451672288543,2280.019883531825,8.475814571489249,10.624204078060137,55.19637907949327,29.228175196645196
demo_alternator_failure_466,Alternator Failure,3024,3.7970685865452287,-2.489525413174496,89.34185009545811,25.44381921224491,10.53742134312899,63.812064540357355,58.50827065595807,90.68274552719599,1.1463286315797552,100.74487351198513,6.724151409042697,35.77431783104272,33.220689080703785,488.1525222949491,702.5870310219775,65.24879806439824,82.62697106102706,2097.7165842073746,69.56171356451476,10.691516561135469,35.50922894318454,35.09783720688952
demo_alternator_failure_467,Alternator Failure,5648,3.3696525044976067,4.102128146663543,73.29372257270637,79.79868116777024,51.66606144428785,91.11717749300087,88.27977729190968,47.60933485170066,0.877698787640076,100.95638407495562,26.88256178538296,49.18438846996688,19.00863969313452,469.1646430709184,515.9363449479704,53.280876845792726,102.19358830159803,1375.189471915829,92.81584525516764,10.643877458043796,54.614147668988444,42.18838457490478
demo_alternator_failure_468,Alternator Failure,1518,6.761973011587578,-5.0244345415992155,84.00053989842147,40.26316491896081,51.67339571173155,77.85221612091345,22.283867952510757,61.607818075214304,0.9750270374256949,95.56974177028837,79.82961865258636,30.01319079139729,34.983601320130745,553.0882575135049,496.67459143697965,42.330594421935906,89.61610135655133,2854.0173733509046,67.7500849486126,11.68316618357279,38.94878718250439,19.15030286459574
demo_alternator_failure_469,Alternator Failure,2873,-3.4378287932362457,-3.540176414792466,54.069350136239294,55.83012328870147,47.240891167734084,43.80240707323161,66.55096193610648,59.786070418274775,1.16993936751195,95.25013516884309,56.61673819094451,20.339886045885617,29.1642472605772,575.8294399605247,457.0542553565674,80.22356546439461,90.92006260379787,1408.0759335179455,47.25007611103369,10.699164515292274,60.40374993377244,35.583543115706135
demo_alternator_failure_470,Alternator Failure,3102,6.166378650882646,8.114206236820976,51.135534598666695,94.067624294175,90.41814421082417,74.10837789714161,23.398752476424875,22.500487261774456,1.1367177439170593,95.27724330710012,57.57237295992403,31.99531224432551,5.8925063662141195,605.1433723249506,701.4017752598913,77.76337382402986,91.66790223443729,1929.74319509543,90.76641883223868,11.409349937863256,42.34875603797879,33.899255433599805
demo_alternator_failure_471,Alternator Failure,5488,-9.402338698094287,-2.794435614408229,84.85780083397408,64.65355306295112,19.83893911025619,31.824313385067246,94.09401613305776,62.098126921728976,1.049000370748164,94.6494729688785,92.20925608195387,51.03296691367267,17.197992344108144,428.5066798964193,581.1054050576022,83.33743944718691,98.86691383575808,3243.766061517303,63.68553986669425,11.049715604182412,42.406742588084015,38.57110087827158
demo_alternator_failure_472,Alternator Failure,2388,-8.659580326039938,-2.034322572773527,56.109919856078754,83.49133556707504,17.931522754309,35.212681683446604,29.128991593109106,67.80813332596462,1.0933585167975939,98.10402426297901,48.02264387590421,22.88517966319779,24.284092315400414,756.3124641276388,617.8440467826323,22.31123231876281,94.95494575026166,1572.6441861274197,3.017655291628296,10.851751997918166,24.616710751872862,16.857639374886794
demo_alternator_failure_473,Alternator Failure,1954,-6.109360581606315,-3.829729700133459,77.99279656615784,95.39762993584938,56.68458035609972,48.686804780904914,72.51144580312373,13.738112590378101,0.9741563514945586,98.48942135438854,79.79461793585399,48.12605342855808,31.020206553099136,614.9790053764968,504.05567130502527,82.78793213433822,100.95877796612646,2027.1872520140937,98.56619078887717,11.824745374970849,42.97113494396336,12.425065837148724
demo_alternator_failure_474,Alternator Failure,5106,-1.2296846578382983,-3.6205461155181142,57.886004642348425,64.43669728942547,84.05121455334637,81.24024766041319,73.78501289537596,41.69248183500791,0.8712097315632269,100.02684378602063,21.31597602396254,38.76863588611879,37.11119639331384,544.1486923874918,556.9561589398058,67.75754719161739,99.92932058421212,1915.7026613622695,49.75099010524977,10.846360819494425,47.660594948187594,20.35153022135362
demo_alternator_failure_475,Alternator Failure,1662,-0.5945915512087087,-1.293957747937832,26.229893327739063,60.752397392593586,20.610051557962073,30.14450058054683,8.124195207829814,20.2516484167312,1.1751865815833746,102.98670485079381,69.78631279006827,40.638703626534166,27.74231984256619,710.3460506488776,498.88032740008776,3.5283999417701217,97.02549969392126,3262.276130077435,25.80529559719613,11.24885179164554,36.25734804730765,23.666362298045218
demo_alternator_failure_476,Alternator Failure,268,0.2700646529480864,-5.786069015084444,80.27609176344922,12.48823225789256,78.66939938303523,74.55716801947928,51.48443555431102,49.713565707177224,1.1207896852481032,97.82306760246732,19.35161089639686,29.57725681541421,4.19931055444451,606.9083342326961,342.2817410187888,64.4772436432807,91.18320673433028,2907.1692770588656,48.499874321746795,11.901725508397137,60.52111075485145,16.4850652686408
demo_alternator_failure_477,Alternator Failure,5210,-4.89378860187931,-7.84719447027129,82.63130143613205,67.21508390829122,31.4705924853486,27.421126554515578,43.6619889540887,77.06506743150179,1.1066181792542025,94.30038602999441,32.20584939238101,33.64548564837955,18.93677261843519,351.77296423105554,414.2301894433054,88.55970205679587,91.43714032192759,2673.150903806427,48.47785064963399,11.25097560696065,47.986648628757685,19.077757926636615
demo_alternator_failure_478,Alternator Failure,7146,6.913469338678139,7.146963200506601,76.64284275147511,22.343008514997994,7.7202240066289995,20.78712537773837,89.3957868056768,78.4660793224089,1.0083073644958875,102.71902532231539,18.19238926120709,38.68856628022336,0.42821781434065187,427.0857303060668,692.4621087230837,86.82785165486835,82.44317085513407,1461.3823236242993,59.45074695820506,10.685893902277154,44.75380913081468,30.457200252790372
demo_alternator_failure_479,Alternator Failure,1843,-1.9569013083036895,-4.623671187500536,41.03554881390495,94.21087331764384,39.99840266291697,57.674215680250136,32.14171168281631,68.23976039734139,0.8565188575811112,94.64477388785198,71.98553845236977,44.88671445766795,4.190061462470464,450.4224221078504,700.3398306130982,10.433029499531433,84.3955295971201,1903.5939941844215,28.209890605552513,11.50861196808509,51.077077532600796,28.42358293615333
demo_alternator_failure_480,Alternator Failure,6688,3.135928865186523,-0.783756447416214,27.94689484923888,38.16022029902928,66.59870372554047,34.668059708784426,12.06817523986545,36.051208562009776,1.0761381178439187,95.09786378727986,70.21682277904891,46.69186150523029,21.22383424344415,397.2323433079092,630.4358643097282,21.444250177846534,101.73970285211242,2581.281962898101,5.471992664705971,11.719001966126328,42.78950931619583,25.8427113709568
demo_alternator_failure_481,Alternator Failure,4423,3.6103282356338084,5.459452644473311,75.72049505480729,90.63789541521047,29.565033165250274,61.769864561938135,66.77083503213169,65.73174258082034,0.9974802332018691,97.51920293383331,73.61409353603825,29.10036274950965,1.570445470319184,541.9980130048594,383.1009945246014,3.3233162764539026,81.23781784117533,2552.775789647843,97.31458459920731,11.236563737076505,26.617750651313038,38.63291236852736
demo_alternator_failure_482,Alternator Failure,3648,6.517421428997033,4.671572398671521,41.28427839920704,54.64042925719095,35.184314464668375,75.1524786164253,14.523429722725021,82.13024453292934,1.0962412819350884,101.75227423511339,85.54943714374983,26.501779448894005,15.966267132516556,687.9626656798612,433.59846717341134,6.040757679563247,86.9992245569244,1442.7047631132866,87.00626186891046,11.249384889172807,50.759490685084096,43.67417023920549
demo_alternator_failure_483,Alternator Failure,1926,-5.089922337287464,0.8129549045752913,26.5934885063105,19.370455778037535,19.567858100295027,33.11765031852576,41.26884936164406,47.931430165902896,0.908319284662023,94.59593787649122,65.9770782656219,18.875470080767784,29.23564920350134,725.9943160725767,586.7697002834318,59.59605172748319,95.76844470388718,2447.944014213106,93.17051360665005,11.950028219671555,39.20202388586998,31.597771165194633
demo_alternator_failure_484,Alternator Failure,5674,0.13758210340567484,-3.9488116170668146,70.70134378723884,74.54849047638234,38.191046845665305,31.6079978550433,21.392830991111765,55.203399414741604,1.1509492356107636,102.06380335651643,37.396933444192314,27.5406401777135,28.28451584285574,627.9904087572104,492.45632232324647,38.90302595388575,82.9711496898842,2773.58954327598,61.74644435816974,11.127634351633223,61.34545892300598,33.08854472441517
demo_alternator_failure_485,Alternator Failure,5792,4.139457909814997,-7.278144962020489,56.82324768447509,94.35153612826717,91.38122854191799,91.46905869909976,78.70076545166985,46.616553034190474,0.8957077459368611,97.45096793150046,89.44677423660097,31.451508917971097,26.809001633882723,723.0420885237318,706.3803949254576,94.7674146875356,93.32138234533463,2055.106182894632,98.76405087679862,10.90545088641243,28.438861775814317,43.71138042110423
demo_alternator_failure_486,Alternator Failure,2254,3.287125066841977,-0.3336156949141651,60.92681743114305,94.97990381693995,59.26021910138045,41.41657601955813,54.59927013186155,84.7530578316006,1.148625518008718,97.60079349087606,59.72549021908898,28.33049666926474,12.749923623289916,385.5436656559086,504.4772404581646,57.8240134964662,88.10808166713855,1516.689836564688,15.102560663145193,10.795361132688623,52.01575020713529,17.757330125044618
demo_alternator_failure_487,Alternator Failure,4980,-12.591130649440101,-15.597374619340052,87.72338207996924,64.82673583767257,69.35631501261335,55.48270203496718,21.2730075553972,81.23464143073423,1.1180701959352422,97.1471691881524,73.74656267703175,38.09248955874383,33.81626046576297,665.3556982259046,278.85805410893414,87.92759721912583,103.24559403148376,2668.282696431504,11.991353084706802,11.730326245771968,49.13700691806136,21.858921113269307
demo_alternator_failure_488,Alternator Failure,326,-7.492927990716501,8.30189409486486,71.90796240089699,35.966449333443535,92.75168262749328,56.390499314560266,51.5079717643813,41.315866542792946,0.8690839131079674,100.17591592032545,43.77192782052326,52.58066288315876,36.39446975646932,648.4676105679764,371.5475913031662,71.59796808039664,80.49012202316133,2874.6812318805623,49.36185670905291,11.911435509839261,36.99920185966843,19.211076156934553
demo_alternator_failure_489,Alternator Failure,6371,5.592400853856669,-2.451938048817565,85.42277796873067,91.99514476189078,51.6621841503281,46.01425329672689,54.759735929511514,81.29655525932726,1.167277683376288,96.95489898432744,71.4767343907862,28.5588556597285,20.10383990124925,666.2990023447699,667.7837093441949,44.87161842792467,88.8741363815814,1470.9564494266751,13.341717041818757,11.110884596101144,59.239001213653125,24.65833306737234
demo_alternator_failure_490,Alternator Failure,2941,-6.206470822148276,5.637013635322892,42.94007617413777,94.23177835044721,12.343072335549504,42.316806221908095,56.90760731553239,25.723464405314502,0.921164494324499,95.99660828273798,36.06670148545774,51.24471293790259,11.853017942296596,480.55792793124726,437.8272048802191,96.41157269375744,82.81518646927557,2986.0947813014477,32.716106772797545,11.939116228387494,34.18522608096465,12.900602713971217
demo_alternator_failure_491,Alternator Failure,2325,1.4380454615777984,9.98483666640442,77.7092870831363,69.1575056495159,66.7822242130139,22.414053974957298,68.77672383966265,33.01979242823036,1.1795226501016256,100.58590896766606,58.13703566676615,50.083357830975274,19.108338187093647,545.319936052256,369.1651772904746,67.8111995325425,88.99146627798707,955.5524381397194,81.60617963699576,10.672622433308238,50.25350552782366,15.48523120197203
demo_alternator_failure_492,Alternator Failure,6617,8.915739326855094,-4.111523402282209,71.70054749868346,65.13568682374768,83.07767717206634,20.546138419166006,76.98087541722244,45.51090770671954,0.9743118084975684,97.25605915755888,39.70167315763261,37.23850617773333,-3.0872081455205738,484.0316175390198,559.9113589273805,49.81923534383146,83.97990725239094,1739.4766693894985,44.29616744259298,11.536424740486154,60.5344845141874,29.263142940573648
demo_alternator_failure_493,Alternator Failure,3148,7.13594789132039,10.251537894890056,91.81269205433152,38.368782131997065,36.88625747191293,25.055850257736136,12.620306458899428,76.1042111127666,0.9065764294142221,96.54418961810782,21.361664894564537,54.07075537105857,27.927600674843404,726.3518319907362,656.3927488446147,90.62967995452617,91.49681724438064,1267.8265215248962,32.688033435754434,11.009432123774385,52.27102269206104,10.898544020756985
demo_alternator_failure_494,Alternator Failure,5230,-3.227891562934833,-8.551060781608449,28.380429553928014,19.829364815007175,67.16067377387867,17.53927334642301,18.167392502283324,25.727017708318936,1.0903278535107481,95.80317621034699,8.183785705178648,51.5169441563098,32.31064751738245,368.71312043030673,382.0575912957893,18.855757144364095,97.26882893508152,1462.5217662636187,93.14497573785022,11.758697434136996,46.4780507406353,10.312837864979961
demo_alternator_failure_495,Alternator Failure,1074,-0.9907353800357381,-10.040739029001074,80.15351775787045,16.464268411479193,68.7704153196688,77.41305262617293,91.09718205413493,57.2423425504192,1.0028950667197376,97.82857110983721,68.11589128681794,52.07038827444071,19.58873224093764,389.0961479240031,268.0840171422213,61.91131182675276,100.75034931245726,1011.6394300548529,39.75712089613459,11.916065696513265,42.57546481355624,17.723038042600756
demo_alternator_failure_496,Alternator Failure,4114,2.3992541084014367,3.671701442359671,71.25545706938878,63.29478961832287,63.29505900790196,59.97124118121691,6.50048614595057,20.701656460968767,0.8796059207005097,94.88156337668191,71.19281958784488,22.445076935704193,22.736927378715833,365.6273486337642,314.4226819940461,16.253004861607934,92.20168295691248,2431.432149151501,81.19248600576367,10.779987087650483,47.72840363236236,37.08438597939366
demo_alternator_failure_497,Alternator Failure,2585,7.045196073864904,5.664475859456813,35.916217414655975,18.240278280441103,84.84907379204101,38.90315015242111,52.10137446222074,74.18193366238832,0.9537394319634606,99.84192389164852,11.901186789659395,35.79350896003822,-3.560127556165849,399.1763875265095,394.9367806939156,71.75838038869466,96.17850047094208,2680.3462178811114,6.175504723733516,11.991479897042266,22.448901291939602,38.90117270037039
demo_alternator_failure_498,Alternator Failure,3942,6.230088025495971,6.007598386173906,77.99926472891279,76.58720229419615,17.34605019408241,76.33692256647832,12.070129769146872,50.049152791568126,1.05222945756419,101.39519971637705,46.67991962837484,26.763748869910373,14.570342311003898,400.09989300981766,503.2136754698282,46.25081831065179,98.73210761000946,1438.220777934196,19.99851841903395,11.263859475393744,22.27269643358828,18.026921995242702
demo_alternator_failure_499,Alternator Failure,5345,9.856906007090815,10.180091060855762,43.86056978577548,60.45728452375657,84.05731998006544,53.93547152218419,30.81555695627886,10.57828748020834,0.8691998697093964,99.05095631692471,66.53379542939419,19.83771391150061,0.535292166820156,433.15900992475383,407.0956300850311,95.8407014177961,84.89049435061814,1003.1748562238167,35.30148293123191,10.78821875944155,25.69618843111051,24.26077313909949
demo_alternator_failure_500,Alternator Failure,6219,7.030852084290175,5.566040502944239,60.118983621424505,16.938970205617483,82.64700266127299,30.624175239109945,91.52427064524615,88.8384769300693,0.976274785438751,96.05710246394501,80.13674412772002,31.367576140030533,-0.47666804512028094,544.7717035930918,485.12512364258225,85.00178788139564,97.50275311614396,2996.5417427500465,73.47029123873745,11.499044944906915,42.50797185246557,44.56436513237566
demo_alternator_failure_501,Alternator Failure,2247,1.8730417131091768,4.789046277492909,79.27234496498696,61.98035951066609,28.37780244735861,83.78951243791684,5.973452139106195,25.46959701145399,0.9653436802304091,99.27541439710664,55.479138832432035,24.505185576255535,-3.179282808577538,386.71788524093427,420.40604289238246,1.405368792008621,96.61893969319654,1456.932217556854,35.14044365483624,11.06886236681746,43.03234103953348,40.092990273311386
demo_alternator_failure_502,Alternator Failure,4752,-5.182879315081973,2.038945029789527,28.096198929630575,84.69807716460014,91.56426264476839,59.68734823237917,91.08575339276491,42.175564648857296,0.9694114230358493,94.95624018472094,8.190224149979272,27.046659770977755,13.993918226652795,523.6875476141868,360.0846756010593,61.280567466142756,84.34894099612131,1649.2172936592954,19.570951518932745,11.575329039986192,43.24576287000403,35.76353846754154
demo_alternator_failure_503,Alternator Failure,1126,-3.886815350298706,-3.640119974098882,92.68710052869945,14.825756323572726,42.65408207263659,8.63583969700585,18.198798887372,46.62738064157463,0.8767048231662589,98.66879882467458,88.04585144930626,25.415079653304787,-3.069420553238902,676.132749751817,471.7241298103274,88.26110988441378,87.3469590719693,2387.45341270837,92.33135543016643,10.840374119227068,56.032785168743146,32.10308624457946
demo_alternator_failure_504,Alternator Failure,4078,7.565235030501015,4.400801920337707,34.018605993386686,96.40738971868282,10.642255066412103,10.893505819494946,85.83405729635321,32.06859333239075,1.034927211824974,96.58727976016576,63.38825380647784,25.121366662991008,13.107995070367586,536.0762438945893,413.4757295320798,25.170061126895206,83.36496002410921,2580.0536239544035,16.828271599442324,11.008976947663403,35.160894407743285,25.902837894288453
demo_alternator_failure_505,Alternator Failure,5864,-9.219443074138526,-2.0902543202848483,85.97655350048385,71.1807081958166,80.4638044517162,69.47185651978465,18.376861985338966,93.01345716776811,1.1031710556766114,99.15449591770611,19.870784666431355,24.389183997422055,20.259234043566515,479.77462384096543,570.895370236967,37.242772489970264,92.30828411495828,1310.497193011707,15.520114429382659,10.705902669177886,56.88376872043485,29.438518805288144
demo_alternator_failure_506,Alternator Failure,763,-9.624552010131378,0.6575347722642279,82.08177555679555,94.78571007824351,69.9566227101894,14.50300467983012,63.591787332815564,15.838989101698274,0.8478000720707204,100.23610364604345,80.13068887316346,23.877135156986565,-4.589164033561943,705.5309892121811,320.8162950157997,3.508609374373717,97.30530485039574,2926.90310753359,51.44733414642263,11.355895341731303,35.15872307273204,18.34621196031814
demo_alternator_failure_507,Alternator Failure,6822,0.3231658038950035,3.150767097141593,47.48713307156377,34.64372663880862,29.10125475905451,9.553587622012051,30.296752235634294,7.308582527210451,1.103826744088614,96.30334146127863,67.11396704162273,38.097970265000576,30.52332697895114,740.9817892273704,428.95414249941587,8.834081988963716,97.99149834526214,902.1906991879993,22.29633344862463,10.674550935862394,60.416676722891694,10.18539785955503
demo_alternator_failure_508,Alternator Failure,778,-2.415888948921208,0.4855520521158157,45.282086199847484,88.63258604225125,71.0911167423254,43.90649833930096,37.22236245612872,78.4299422747826,1.0925417074728774,97.59100052221643,35.723467634911444,19.438855617514058,-4.241466709753301,305.8808586660326,271.23112372009234,15.28723821407809,100.5714036243338,2805.4903113518694,84.55738478281971,11.47332050599566,48.08283955583015,14.337611129355583
demo_alternator_failure_509,Alternator Failure,3578,-5.547598451605383,-3.636604063392783,61.34773308503408,95.92503434207717,83.35538548865846,25.98741565662129,71.2985554130264,14.368167496328997,0.8296272948678517,94.25356847303674,20.32218357962111,43.713090877470336,8.712071099068858,287.65237070401207,714.4904104333473,53.337840323199316,89.45312516267163,2121.182242869637,51.99709098585499,11.25833120793019,47.58270070092368,40.99693169539073
demo_alternator_failure_510,Alternator Failure,1677,-8.251689279412068,0.31266706416885337,85.18699969227418,37.53135000218046,29.4167208495532,94.77834522899312,57.59536448706692,16.073892152689126,0.9155889891616855,97.1790392943968,93.74540430835886,33.93300208284974,2.5861634614692175,553.4708643581523,446.1894427062248,5.4960388141870435,100.66207069890382,888.4344418440946,89.84836357454766,11.708602185042523,23.412044456408502,35.32638772345689
demo_alternator_failure_511,Alternator Failure,2214,1.3545440585085138,5.788375801403637,65.43695601092863,14.471832362317665,10.35467346405043,70.45597848521271,14.500866102701885,26.76596906358298,0.9995811737764091,95.47747306251414,76.0855604495023,47.87298687982628,30.73858771800103,303.7926979718584,456.8216541674672,84.69176727143358,88.71726536736077,2554.759926891405,58.92459041900096,11.08609206339005,32.43821730906907,32.84600822347923
demo_alternator_failure_512,Alternator Failure,2799,-5.872286216517467,-0.8750468218580637,32.80524535880874,73.31748806740273,43.80012948941771,23.36732738268581,91.49623636323795,69.7683006512983,1.0334777043980785,101.63980462953425,53.94828108939374,34.33441265631744,0.7145555535925823,353.62740405672577,458.70588553105017,45.59745790275158,97.59950012553745,1933.1082745903473,59.315920056541785,11.765525933706744,64.70006129797437,21.288386030294888
demo_alternator_failure_513,Alternator Failure,1014,2.7892278350802524,-1.8485851261801003,29.760468322368716,40.074303776850215,24.713866385094505,64.79458451806983,54.97692225959194,49.53659473305983,1.094882954970728,96.99977826230786,39.447706599793904,50.02845608434162,36.721591425960305,652.6515235685595,359.8526483975241,11.265163216384732,85.02092354637925,1885.7653443060963,23.669702774763824,11.861457607300817,50.18253057953481,24.585523567405495
demo_alternator_failure_514,Alternator Failure,6496,0.49310611240653873,-3.2914469531305213,74.96756465230101,18.0407402405991,81.39496458100511,16.4804028017162,28.620507377519413,94.42309061953254,0.8884751082559303,94.9102796900771,62.45647717269185,32.545775954495326,-3.7755700236485996,281.7963656075416,296.41432513547977,52.27355787719067,85.54143068314261,2755.002729081427,85.7508633071743,10.802766224801411,35.16589418305116,15.130094391386912
demo_alternator_failure_515,Alternator Failure,2015,-1.7238322940406603,9.517338043127783,80.08054306560305,41.09317102126596,49.600831886975875,65.65055949256833,79.0030984236968,32.10881812902066,0.8953194403734468,102.8060803638028,33.81327901827473,42.829519669692395,23.180687871178996,526.7341338877796,365.0858249228962,14.145742095417624,91.68838747794635,2101.7773649428736,77.33667567747976,11.593766821533071,61.041857547614,43.980119666067104
demo_alternator_failure_516,Alternator Failure,2753,6.496474951736506,-1.800874322254624,67.6161658888478,63.11755643049618,21.329940724753836,57.465025650578426,36.47124570932997,35.503416035934436,1.120242521908445,97.79739842801398,52.465635865800735,38.826295858275714,17.897851873174346,382.2983266160186,535.7485470485433,33.46236089441196,95.72048707030807,1206.9591174660313,99.41155946336696,11.680860608034754,38.77631450679384,20.547314780249906
demo_alternator_failure_517,Alternator Failure,5256,0.5591854782952951,2.3132494812281714,70.87854597091956,73.18832608005286,85.00992759063854,46.06657036793684,65.25690336028983,44.73571594638815,1.0497153081231554,98.27341273266653,74.89972646041038,18.194624561498124,1.9227039663299639,422.2900600783574,694.8814728755135,50.70462129669179,88.74444511995539,1840.564683253496,45.18222834325363,11.81496254615956,63.3051139556062,39.54576239090807
demo_alternator_failure_518,Alternator Failure,2498,-5.025192446636941,0.6006338295562119,66.72344263906695,69.05236720971799,23.24348361014732,72.16536854718656,22.99671976276281,28.670958193047277,0.9304463936733798,101.61392274841285,70.8875507183795,37.63536112179471,29.708467714205177,670.2055587212433,439.32322413641276,78.14372874874199,84.94982652803978,2082.910682390998,11.824173038867036,11.19751227982776,43.41645963952358,12.797142527062459
demo_alternator_failure_519,Alternator Failure,6069,4.76435078716273,2.3595500224560686,67.98617643213166,14.89184991019513,13.580571731738097,36.62206213596269,80.84171506244951,83.27804478506262,0.9314606330948533,100.4700287671731,56.96515331164788,54.386623574099005,-3.6463800346741815,542.9827562753223,532.5673184807767,30.76685709511161,81.12687793979529,977.6561124351738,45.36180542006382,11.569463305221486,51.50791036114073,16.333944740263846
demo_alternator_failure_520,Alternator Failure,3622,0.10072898245029524,-7.745320099280564,33.271174409794575,85.28092287719336,86.75043379209029,79.04079735293583,77.79570270797156,37.517901386445054,1.0768035184195504,99.2141190941017,43.20312182880966,54.74513275398615,5.360917034675516,478.30913065013635,675.316077175534,28.900827909627413,83.6643474110849,1609.4993866902385,75.93116771017911,11.803795613583173,25.15002444300625,31.75994383761893
demo_alternator_failure_521,Alternator Failure,6185,2.221333117134983,-3.958684033298601,71.97394597887572,96.35207232398756,36.18762875840653,31.979022956220092,57.31027572396427,43.647661331479554,0.9905515380325282,94.62349294154043,18.34179592582337,52.60887265393589,-4.8585932231744,563.269884486698,607.1045133482295,1.1863528440827498,85.34595555040124,1773.8264755809978,50.68174470686685,11.078233412657925,49.20496661670725,17.923913103774943
demo_alternator_failure_522,Alternator Failure,4120,-0.23253006013392916,9.211248782372483,50.3163959435973,95.37437056478895,9.030264126821267,52.705855412166294,57.003198283746165,67.93475107079476,1.0499444560506377,94.07325544351549,61.86719060681105,29.92835376889009,27.551972221998888,370.4153853451356,589.4545999095026,62.5495333689061,95.6549812478594,1281.071833364508,66.91740013324623,11.63176977209868,42.02346175570125,21.912798904564085
demo_alternator_failure_523,Alternator Failure,241,2.2597379080769606,-2.4324819129888304,78.46798537167646,46.846065209163015,68.24419177939319,71.60821924986381,65.67532017118606,65.61845813146536,1.0398909535573786,98.66579780842342,22.80350181832428,49.18372531610846,36.356151934429384,503.9123514880798,689.2898277069417,99.79945377232833,91.6687019020597,2624.6706656874217,64.37903382505226,10.932170742401047,22.119024968944345,25.86743589110599
demo_alternator_failure_524,Alternator Failure,522,8.751701083782105,-1.0318621416451548,70.83611773740688,72.59872166358285,30.716679953965098,47.304264455874225,21.353342002269542,27.192247527175375,0.8523460155132694,95.14096065666587,23.94621313662529,39.46866582090597,12.29571149919143,408.13096603146977,656.111725572937,52.514769134198616,102.15462736725905,2405.664157580041,1.578759652871664,11.878865967421973,58.585850105637185,32.23449279733147
demo_alternator_failure_525,Alternator Failure,5680,2.7000807027570155,-4.934596038725491,58.752239203678215,79.22985767581147,51.18274421228172,20.842222883219655,10.235981045569345,16.356764865786122,0.910518799181459,97.30960709295736,85.31744109576879,26.846227591387716,6.7015336681166,387.04697897285143,511.04123660482134,61.708669629448686,92.77106076553186,3182.0487954815035,99.53780176541242,11.77235438572779,56.2383265200636,22.8118471862363
demo_alternator_failure_526,Alternator Failure,5243,3.1498453686851287,-4.237485978550852,37.02817973642852,29.500454286517876,8.482466378327796,59.80457060041931,66.96844329100614,5.3026057608240915,1.00388287503793,97.39187084640797,76.31427036368909,19.438957601949806,-5.765978314368387,577.7003673884224,532.1538731066914,83.10900229980103,94.21440533977668,3175.958530049178,31.43846422344221,11.15708996896672,63.99535999263124,13.763348518012235
demo_alternator_failure_527,Alternator Failure,4199,2.5598269067703945,0.5276096700144218,59.055927458234656,23.806210363180703,58.89755333552585,76.83529727370453,7.973807211561855,19.73954539325707,0.9433397372182848,96.30219069270106,39.48979008256296,53.21912709324572,-3.3445181377489375,483.1754121595706,470.2620309394881,28.03420518291627,86.68415738450167,2601.1427962858356,61.78438426509827,11.737964827626413,38.22829501151235,31.234885944288557
demo_alternator_failure_528,Alternator Failure,2381,6.97713781989804,4.210580730826339,43.828251576975745,98.68790660789082,78.4750923924275,76.53270254371729,65.08207408627933,93.49411760348589,0.9789627620967329,100.6738537428617,67.89301591896694,45.08728953854143,26.567381451785806,371.5628277381824,420.56367606310505,39.22539958259049,97.95199553551909,2604.8075405122954,83.33662052357192,11.70392682104647,46.82152457252349,14.898197027060487
demo_alternator_failure_529,Alternator Failure,6440,0.2556553425602146,1.0097863493129695,70.02220543728119,90.60637857199674,94.91477163232095,37.32820097211796,70.09607249130659,53.596276934045484,0.9837898482549395,96.15880370823216,27.132313639633793,24.843974610118927,21.048241298951307,348.18548638868947,458.43777611584335,52.33332392721941,90.51762745253528,2944.5773080110957,44.31693597938603,10.715964930150024,64.64897935276913,39.57442568710745
demo_alternator_failure_530,Alternator Failure,5462,-0.2970852703944197,0.23359622392101972,78.61403558722223,28.697404754088563,49.00785166165782,21.01845103918552,72.84064678989726,27.13404924612022,0.9111550306570093,94.9830011440627,69.85458112674846,28.94625133889248,15.8408806072905,439.4769075361788,616.3625790582273,22.648365649400127,102.5800280011134,1637.2829384797838,10.385162129075065,10.936427325940905,23.327341808022883,26.40585558473487
demo_alternator_failure_531,Alternator Failure,4772,-0.02207072437347486,1.1017691640348035,61.199003415410246,31.003160385635766,45.61432969144473,22.63948449263819,21.08564383324266,32.05908231200996,0.8589885273168207,95.69782783219802,89.42421856958796,42.67169748380609,34.37072251903422,403.2865319045362,654.2261344684249,36.22728068539839,83.46067954693966,2821.532395010282,5.965013186275014,11.166793974508952,56.86916008302396,31.601472390627823
demo_alternator_failure_532,Alternator Failure,6637,-7.2690233466473595,-2.0250057719850245,94.36803902251292,25.729635405254356,27.977762747843943,26.2324186245156,86.71472660171328,73.73195534511774,0.9846387277981611,102.59880730556674,9.750504270779757,51.065804105201124,-5.2203425583446785,467.7427340485906,284.84224405318525,99.89689917576852,101.94534806001444,2282.7574403532662,21.784457399824554,10.987488815276457,40.22945147257042,21.2973063872321
demo_alternator_failure_533,Alternator Failure,3758,0.8639241558694317,1.7517051722573396,67.9399532865311,91.38796328969568,47.916863609490534,36.023806561854904,51.03654646259903,22.522549180625568,1.0451945266569231,100.93029594511145,18.811554203812292,29.78017905250718,31.918845050854337,522.6552393442345,504.64485747167146,72.24081970533516,93.86942756531184,1020.4704317808569,80.39617118630358,11.891970452147856,22.39747548458655,14.243741476014284
demo_alternator_failure_534,Alternator Failure,660,-8.394405244239174,-0.6908793620423701,62.747405425825995,73.3004711200953,50.402881569283636,17.61694921720843,13.049242621996116,44.49728616695435,1.15223851282558,99.02001257237644,37.23980621160642,51.62212827227831,9.877079184231153,524.3903108485001,313.5896920892118,73.74009455193811,96.80727097144917,2795.897782505356,32.51913134277634,11.210474506692668,27.575377018723927,43.757670663377475
demo_alternator_failure_535,Alternator Failure,5072,8.775854056658396,2.574720485359538,74.36801761956303,24.19628262858817,37.879088524744084,8.881391008623496,55.09474318279769,94.54443285412617,0.9747585844559772,102.91007398335643,16.360288142806624,32.52081070090844,33.49038862222971,700.8138311955865,408.8521258201007,67.86105837683316,101.26784411738697,2728.849792075408,62.84761969329175,10.813605860384031,23.285121165675356,31.511776293579633
demo_alternator_failure_536,Alternator Failure,912,15.316254324900923,-1.938171850882065,52.4461024040987,54.59687669102551,40.12330721795713,39.85625048773699,15.415953018021764,82.9031376429809,1.039295469440114,95.3149196614181,43.148696259014216,33.418488745093185,19.628560410499645,572.2574165676792,556.8021830106907,69.79030573438074,82.4804971070964,1597.0593914033896,1.7347819172672363,11.236498116912536,39.324353502362925,35.701442556281755
demo_alternator_failure_537,Alternator Failure,3631,4.1721402058667225,-0.503068813325641,46.468593855110655,44.372482732872925,69.73581761343087,11.43932437162178,35.85046000380463,40.219090712568665,1.0776697522666008,95.7930197356363,90.26716943214167,54.91719225338385,29.669866477722543,423.8620007024935,565.3786608735131,8.314803169793306,100.91070357695625,2114.1825345876705,17.643916631978573,11.058383183386383,56.033423501958865,40.45793685994663
demo_alternator_failure_538,Alternator Failure,1321,-4.11628114295654,0.04274996684401677,82.83327357629884,78.83621311562385,39.59852452107869,62.773318544838745,82.16239174438348,18.65845706426776,0.9597292066413867,94.50956995487738,41.79895571186599,46.57443710499001,1.063308397577023,540.1058325397041,276.8294373740405,89.76499907316582,99.68011267761084,2134.8025198783116,70.57869959719498,10.745482630816403,58.034427337881674,35.034153587511994
demo_alternator_failure_539,Alternator Failure,3770,-9.235286885154283,-7.106888716374973,26.577131094451268,66.56597763334962,20.457949706673507,69.7331884297583,11.336562857190108,12.29907945588045,0.9878650266027276,102.94608518861722,29.88646157935861,40.663541947991334,15.855557421214833,684.21741263221,392.75121954437367,55.49443807114862,102.81496436252434,1664.835230423341,43.9405581310181,11.84433864030514,34.9624485755506,23.323581762183544
demo_throttle_body_fault_540,Throttle Body Fault,1689,-4.824165126768547,5.448324061184683,69.1769216466834,66.12671181336873,40.10032577418576,6.123537461434701,20.654383894121594,18.269451913121102,0.8617175210126932,99.88642584448056,17.271405713641787,21.16845624385861,9.598749301845476,399.53087822459133,327.0958509925058,14.612787555856798,87.63652554922085,3949.4943611153117,26.533346003193795,13.820275622179064,70.31663893772595,80.756743647871
demo_throttle_body_fault_541,Throttle Body Fault,2231,-5.401499867409059,1.3384960025454884,69.3349788597584,47.04584952986816,34.46457807926714,34.85406015151281,18.348555354106345,76.69378856064662,0.8399325103600757,100.07216719388067,82.80141735533321,36.40484883845859,-4.770764035288691,485.6403815857076,417.8842373258809,98.55393192994308,97.20783443561677,4447.671473038084,18.053942163678084,13.547887083439983,68.9608359059419,57.7207141105903
demo_throttle_body_fault_542,Throttle Body Fault,3673,-0.5828735700192679,0.31537836752476145,86.30598983852185,64.85990812257955,50.01867750269385,88.3369262849576,20.49966599195785,11.714387734191714,1.1502300651074984,102.12503579426932,66.46752375916546,27.101228997553925,36.609145136401054,647.3662488658368,569.9915084489478,22.29113240154478,93.28796177592855,4720.9558515019,30.109107865630012,13.266717220022409,59.571310654805416,83.60503696061326
demo_throttle_body_fault_543,Throttle Body Fault,1649,2.0177952840543574,3.248594157028268,30.979330799707206,21.34447081440221,73.42479213806007,7.219765816184126,9.707452321784778,86.41792202777758,1.0734389608436865,94.03791449722732,33.083903691938545,46.24278304203516,11.20963679895376,505.02295497189357,471.0475680811855,20.213440325904063,97.87061163376174,2778.1170924076982,17.753788694133487,12.522916072172787,37.18704205012633,60.8729992623339
demo_throttle_body_fault_544,Throttle Body Fault,5266,-6.643305002954407,-1.5062558646061257,34.66663517542844,76.19905914919828,45.090425053085134,89.92715347805638,64.78921240231122,52.82502984380945,1.0563871353861405,94.36382844888698,90.55942341158215,53.38789558543818,4.7024339535543636,581.5818317167041,352.88101230434233,54.74717946004589,98.95736326073666,5037.518656974558,11.872592314298515,13.517659999781246,68.67207437431743,64.06710084775439
demo_throttle_body_fault_545,Throttle Body Fault,6267,0.1708247466565629,1.473794310276517,78.4853274442224,99.99525317090803,8.62091324838325,23.20745393098023,18.05705887277666,18.899064717863226,0.9835295178239074,101.90682900951644,45.385094216097954,42.733774719873296,9.318960556390078,433.43839134933523,643.7481850213594,65.55475101184196,89.71969633781579,4968.232705367345,17.447904779117565,12.557722019868647,57.71142753598102,82.6626769552725
demo_throttle_body_fault_546,Throttle Body Fault,5808,4.516327829165955,2.436945095711744,57.74353459541264,87.28402809373468,46.66260258195377,42.296912766573485,14.334475580014637,37.62426909712687,0.9629373882027094,95.6256008730204,57.9040881541851,23.322156610362864,2.289730275778986,549.3241531480676,383.73243977337904,63.966831012835335,97.1912889242555,3313.4841086379556,3.0585688523851977,13.129958484274944,39.36622574431541,76.1246629424786
demo_throttle_body_fault_547,Throttle Body Fault,2681,15.666457370455575,8.23002663493893,56.37873488484123,95.12726931077928,14.157250977395343,84.20013562207382,77.01159853770827,42.77647223281261,0.8750321818842571,95.40280107199877,87.96251846685176,26.64707257829562,32.20932256744012,521.5817055665386,472.3979328945886,61.95112675838207,86.73085982365113,3656.600819961174,32.84695535817254,12.652688165059624,78.31442726734832,95.76259756097633
demo_throttle_body_fault_548,Throttle Body Fault,1570,2.733302084428669,3.920422732918021,68.51999791696741,99.0588378893388,85.71928058763852,88.2363615445718,24.20148319808894,53.808763900037135,0.9045391659021822,102.09482236819886,22.203859376682185,23.69647975914039,-7.440518941155137,367.3349728415784,347.2909095530851,7.749018752561165,101.0903042750895,4605.994083479534,8.906852407153988,13.688189636291284,54.84173369944952,86.79633268327557
demo_throttle_body_fault_549,Throttle Body Fault,430,8.343277522136084,-3.9007229207199394,51.7127379367918,26.890823532112222,57.70695956018007,72.5747719980066,72.7796412134734,37.06604764873192,1.006736236626098,100.87400738726578,9.904783507033176,20.659868332131833,9.306246038715557,387.26636849390405,432.3371689931014,9.375307985962355,95.02417667485632,4313.699366184757,27.71441777628672,13.435993582343121,53.62992556528556,93.33205721753217
demo_throttle_body_fault_550,Throttle Body Fault,6328,-2.067103432198996,3.613013483050076,70.4282490715351,63.254847257736046,66.49969990437918,75.3012288777471,87.35446570804017,90.41509322223312,1.0468667807652146,102.69360432178009,87.02801591005108,18.096731209563178,21.330403447316357,365.6653167203505,395.7886210509092,29.750019973558885,92.62885207201636,2529.338680582089,8.252874280862978,12.25532981822369,65.57625258880418,91.46079072640616
demo_throttle_body_fault_551,Throttle Body Fault,5246,-12.050270621335894,2.951857720277358,43.2098777205907,86.77932370576231,15.184266578642552,92.68150829505268,69.3353709246382,50.35411988306728,0.8547941934367239,94.16376342138794,54.00789777337452,33.31246877528079,30.76256674065369,588.3066302528497,458.67231938801973,22.60070601011939,92.56928859386413,2940.084552722623,23.34544318656149,13.350885237684944,73.07335430193153,73.43070016193333
demo_throttle_body_fault_552,Throttle Body Fault,3141,-3.501894011241488,-2.6270983028116612,74.4696414841545,57.5276114265711,83.83807533981857,25.500515672438226,41.15228228176285,76.66093144983412,0.8678659247087251,101.27298543714593,36.73356986577562,22.64363686412358,-4.359123665379464,684.6537850017924,618.1631509877924,28.804134538951644,84.55996816322453,3167.532950301839,7.454567249278651,13.592805738215176,45.13146496477512,63.86003939247263
demo_throttle_body_fault_553,Throttle Body Fault,2049,-1.7092429982248176,7.502873221774786,73.2285683779275,68.81414220532756,56.17392405404706,91.94674539567517,47.54646609593794,82.41228573091112,1.052563567735842,94.75745746619053,77.90796148784803,39.62237604252327,22.06218032896999,366.5091690994489,461.2454433054844,88.05824743742842,86.73948624789894,2500.337247650423,9.012804924111627,13.126330653435183,73.6000680351903,81.37492692350739
demo_throttle_body_fault_554,Throttle Body Fault,912,-1.4506289747925378,-0.8567076649249883,41.19927516169993,29.625623608519373,71.24989073072544,12.23232107407782,26.844222634970777,84.73057335861168,1.027691494515875,94.41928848161498,68.38295434968069,36.7472476068653,31.30799946490872,607.5682588198063,262.0454304697828,20.573908717492063,87.67520141242879,4396.027180736455,17.825996218453298,13.620150244473209,59.10475834282274,68.42276903856065
demo_throttle_body_fault_555,Throttle Body Fault,6622,-5.600762148039073,-3.76049176165984,53.05460562419772,59.63088773636008,89.47736628715603,26.574815935985107,64.94764455020155,18.72913203439715,1.0769511238920402,94.10206789429581,64.03279549366542,24.039053298437402,0.2949245335178734,548.2756639909971,432.6893111180077,47.13051505508362,88.79555541623768,5074.361033726478,10.172963502866107,13.229890106997448,75.15471111041973,82.23141330269367
demo_throttle_body_fault_556,Throttle Body Fault,1411,-5.243835363874445,4.1127012508084775,63.198048189538454,48.82501795181877,73.21403363660997,81.31125588207054,22.965486948269515,12.338231491468676,0.9606005132481408,98.80735367380493,38.91217534835203,41.25676332692896,15.259958867077454,729.5804966392432,448.3199167270128,8.24941729485824,88.6425704651125,4135.91342838076,8.960878451248014,12.711078058430704,50.95990674905049,85.59181297627126
demo_throttle_body_fault_557,Throttle Body Fault,2364,7.636924822374531,-4.400939745681086,38.684162783234434,47.85732569503928,36.66557236816635,94.10224227108584,46.74814326661932,66.13550175306776,1.148963703992147,99.66155419627495,27.444062742786848,40.474173527331374,10.486311458995338,482.72793733062736,710.4893074303864,27.859101359485262,92.31657322252283,2931.641023387841,6.2490469539921065,13.346620405763083,70.29773828317758,81.09485481829066
demo_throttle_body_fault_558,Throttle Body Fault,698,-4.2969831790358795,4.53503812164998,60.29887571657748,79.35864471638367,62.62606060627593,83.41327648408881,75.46845908255825,37.929000542985214,1.0475997124688914,100.72557876509615,91.11923322554703,33.627030017023095,21.82097164631226,468.47864093518444,599.400962280102,91.19931713105572,102.22297234583066,2924.136296946277,7.143380916730759,13.634365956500616,64.6574646392929,92.10939876105314
demo_throttle_body_fault_559,Throttle Body Fault,2411,-5.751790354024113,5.9932579492594416,72.86430998887019,27.59106791409395,16.384493209607534,68.2451241807747,19.26153614518412,76.48961357688333,1.0205542144458342,98.29180356216511,29.797613232927766,54.402287012219816,25.21968710188422,653.4705506391409,613.6070267260557,58.40155771765966,102.6733745230953,4076.3180591332275,18.20159547864523,12.720049840603448,48.241588232558655,85.21224014526379
demo_throttle_body_fault_560,Throttle Body Fault,5117,-8.368614361860011,3.978581126929272,55.75152057451312,18.759307859167777,64.98918331964926,5.857072852593706,75.83031691450671,52.30878053348466,0.9963035934431157,99.12497944519919,51.47676895412443,29.97975905645284,4.949409845245128,479.3427810994697,671.6582696811606,13.5370459787843,89.14482112710483,3019.211155463392,14.949794185808368,12.453646996334024,70.75739385340492,59.24216309596756
demo_throttle_body_fault_561,Throttle Body Fault,2450,3.879154475156941,0.7497109811012561,58.05329978003639,27.998916554578727,70.72013115281472,90.34483903414919,24.95707586536963,90.78378869415455,0.9370985683641162,99.02062450346712,68.14309559770186,25.372938794412164,12.45914112190087,312.55719071874404,580.6447369728892,41.661611972447844,101.616179718071,3239.7780991474724,32.326046351337446,12.467975704897405,63.527423902652515,67.62013537475933
demo_throttle_body_fault_562,Throttle Body Fault,478,7.10723547308628,1.9913012713504745,41.32175532814718,61.55329708639429,93.147685055175,33.43656382515784,8.144984994505593,17.854035295677846,0.8629559233880214,98.16955174484713,72.01855126945645,28.96844227392876,-1.291232541183211,587.5680478378849,398.5428960706515,57.517034931223264,102.54330431280054,3286.636778301621,17.9372065070194,13.73294263589931,67.51075128738853,85.81060516594661
demo_throttle_body_fault_563,Throttle Body Fault,1357,1.2273145685175302,-3.4594339550678264,62.524347553158556,74.70006224036027,67.78834431022001,65.30518976267166,39.39212229283972,79.56883810443891,0.90503304017352,95.4015876971744,36.06459972041314,27.39175589498337,22.506395561345194,390.8885685519812,561.9853256413996,51.32227948407885,85.35390149765571,3197.669913126762,18.260437450612798,13.592900077455026,53.717827276209775,64.54613832929964
demo_throttle_body_fault_564,Throttle Body Fault,5915,-5.205565214622647,-0.8879003490086418,93.11905183977979,18.676894092932386,16.239861059958503,83.38676765716784,64.71547121473321,44.246527812079364,1.0536484260613057,102.4148634117737,13.943958029213535,27.017308005487294,31.57381855965408,654.7068857445313,717.3580919163078,31.390881507219248,102.78750073704799,3427.9598444965113,25.02826169149226,13.877211600481013,43.026758477143005,63.43118485644321
demo_throttle_body_fault_565,Throttle Body Fault,2166,-5.2365447506818,-4.057412434900101,30.526467465547817,86.57927287803132,35.88084765905869,41.560395257525165,35.58749861188005,87.03319141469187,0.867085957569822,99.16847033058708,18.329727256321256,52.35800131350913,28.70484042263849,392.23325164531735,396.97800332055067,38.15153279626775,90.9191888564996,4706.825718306549,19.758667435821664,13.013103698294282,68.81389887600858,73.77245993009606
demo_throttle_body_fault_566,Throttle Body Fault,4048,4.648564412370812,1.4809850101650577,67.20091663306205,22.135719488341095,54.51207536276666,29.264868032786016,67.58720740474627,7.5436431058733575,0.9888484353330063,94.4703773411281,34.74569977477884,18.576280338614527,13.57854298658484,648.1676168694455,306.1012173631345,73.52226919940271,94.85229587603129,3862.434237467254,20.981914179808456,12.838204550285472,68.3859590271096,86.96629951875167
demo_throttle_body_fault_567,Throttle Body Fault,975,-3.5371194015932628,0.805666758924375,70.77349067828968,23.328615317074878,49.587765223664036,5.236633405356582,22.4228083107507,61.85607042493451,1.1347701418731266,94.44125468727422,55.26975129568971,41.56067574388613,34.889985134406324,594.4690214295791,307.39504313653964,14.674424254448049,95.98681083551395,3082.1731272607285,32.490691620705086,13.949305681493183,79.58682542738903,67.01105692029992
demo_throttle_body_fault_568,Throttle Body Fault,4056,-1.3236980201663273,2.7099208750279775,43.58955534423958,28.609005671152158,38.372774156450596,90.77483448907024,81.10414750625044,31.408213223144923,1.0108113511957564,95.73039509427996,29.969059306634442,20.405120213550727,21.559899042174482,595.3219717582379,645.710745569584,87.15518134272541,85.5213067822619,4506.210554640065,4.714767148956632,12.91005852231704,59.2302188632834,57.028266477570114
demo_throttle_body_fault_569,Throttle Body Fault,5179,1.087404926279062,2.515859387545625,33.927963074393254,94.06866449856997,30.948726927840468,50.10544980580223,94.68808141331175,55.99784092381196,0.9681384789971504,102.36813165331857,25.02479798299477,24.641527411032193,16.626760975876042,485.10483415906725,626.6135955651139,4.201004130436726,95.58996813704684,4418.8336858242665,34.01708662883884,12.476950080455687,46.57343127934498,93.23017249433893
demo_throttle_body_fault_570,Throttle Body Fault,1952,2.5588944253817214,-3.29778946821385,79.98083924393679,61.07270486107742,55.88739334569865,84.18790789801568,26.698812743410542,19.4387883639818,1.040970141143949,101.94180787888494,28.872558020085634,43.20789149728002,-0.9905645345193879,362.5161739979915,674.6946266168592,11.796499490637535,82.53560180641428,4592.339209899117,12.687834198381312,12.953651249184048,72.59330461068518,62.37736745467127
demo_throttle_body_fault_571,Throttle Body Fault,4562,-1.1797661902353576,5.742038737436701,32.29879224527909,71.87464440730791,33.67977210958425,82.99436938520637,87.71320852087108,81.41465857288576,0.9360466290767663,96.1292436192369,85.35205781670199,34.75903840342907,24.556027283668726,677.0388166771045,387.73586123919836,11.909742793479017,95.74620639355228,4093.519090560708,9.457002543050153,13.310942770632149,72.14679096048212,69.35045027610923
demo_throttle_body_fault_572,Throttle Body Fault,250,-8.636685220203793,2.7786915079970247,91.80026065082443,23.282724062572402,85.03376916993753,73.85889300709121,68.1709917137799,33.17482662713404,0.8279894624277354,98.56795444707498,30.71924388371446,28.723377700287575,34.64837455086206,353.4250681855404,689.7468946116547,50.38067100107399,100.44214407334061,3265.686442893158,22.18722324296573,13.257517951874492,78.43580620263819,62.35123550053926
demo_throttle_body_fault_573,Throttle Body Fault,1790,11.564386523962533,-8.45306201538003,31.85752345502735,67.12142221395968,10.450770189372781,11.9291727308543,58.74338686115497,54.623116593865284,1.0262894315512934,98.26286886894948,71.81234065234443,54.710975845501245,4.685937333956359,435.25104031117525,408.6027894778788,76.32689463058524,89.65634102472202,4327.1900824731565,15.60606449541751,13.354828867343723,73.96372252183026,76.07640618972243
demo_throttle_body_fault_574,Throttle Body Fault,4145,-1.952003610411261,1.7755373665792344,43.36885910367227,85.92131851461629,39.997762417542546,16.61968686514585,26.5970775133724,53.11233207205306,1.1498635056987108,96.70505348717302,28.79475836893804,33.04271388797501,36.516706001438735,685.7054437414499,328.84725749435813,61.37532871002641,99.42101247356877,4573.627921699641,17.109592211411552,13.59047963278068,62.42857069787023,63.25924429694031
demo_throttle_body_fault_575,Throttle Body Fault,3452,-3.067698741724474,-5.058643646256505,29.33573013632779,45.55120635288029,79.59911014136839,80.98647335632232,8.066652920601607,11.258192075854472,1.061152151532848,98.4999882544798,18.442255345735177,47.804595856087445,1.958823484495408,317.51164225394115,604.773283526004,60.812597463196404,90.67774025208912,4370.360750215543,31.8983241041921,12.26494664125663,64.50093357074076,63.94485917763795
demo_throttle_body_fault_576,Throttle Body Fault,5393,4.415779222336662,-0.9944946487129862,38.32492701732234,82.2384942800484,39.156852643493025,84.84766348428319,36.920144565184174,80.5742010211238,1.0160078793488876,97.47062711373813,68.36289931381964,47.10622111032663,14.203776352626164,484.2018056240977,525.6127263712682,58.51633785057182,91.36054274880313,4545.6897717951215,13.990250671383277,13.060696851476736,63.449956541137084,95.46080497915725
demo_throttle_body_fault_577,Throttle Body Fault,3445,0.9889417842358427,12.953429180307463,37.38210865590879,72.04997928773201,45.4185173676567,39.97457060668473,23.36813367339818,85.20245396630045,0.9795422926800589,99.46923980337696,15.127662046327558,21.99497201734134,-4.9016910834561935,456.3261188023809,477.52783700827933,24.457814944923683,89.69290512930081,2516.902091864178,12.288096284148818,12.42642553617861,41.03407048357281,55.18474999996013
demo_throttle_body_fault_578,Throttle Body Fault,5911,-1.7076197249108105,-7.431624879000606,31.734143634953675,99.06845044532537,92.8026653788862,47.141108209173986,14.708229656566633,69.8665378682484,1.1661285536140373,101.00829643724823,61.17825691138829,40.600780387729856,36.984233253458925,315.0972816734893,328.79576901168804,83.08114447396811,85.19248776703469,3534.90051470838,9.852473961916262,12.662544961236746,36.20893170209605,78.21630180492726
demo_throttle_body_fault_579,Throttle Body Fault,5032,-1.2533972555754964,-1.6372031378085292,46.31557445482525,94.73147695488363,58.22124730173747,91.50863418790402,36.500535883279284,5.206058361168989,1.1012556033864787,101.44640969104577,10.28330574803024,41.138661453105804,22.40682188384553,349.9522561828313,514.1612943121874,24.319888067994366,82.36193747049936,4840.659944015519,17.209330992926244,13.68522829173035,68.9759725147681,95.7419157015957
demo_throttle_body_fault_580,Throttle Body Fault,6682,4.3314167032270525,-2.969775738739439,68.76030493822503,53.75012504997558,70.58850099275018,37.086052859728454,16.77602674483933,82.61919069075087,1.1180968991072864,97.1590016840417,67.13165457607992,36.21890753219763,27.004716468030608,467.2635369589659,506.3940482799656,5.781610406474725,85.8480195949378,4610.767140992778,13.35479187605071,12.26670030603622,42.87890542846149,71.87551931551019
demo_throttle_body_fault_581,Throttle Body Fault,3186,-8.752383751816724,-7.728997979996787,77.16300280652084,87.22545285655751,35.702295278514136,77.03380137689828,16.419259933717058,42.375517256449356,0.8551224626613733,94.47275189915298,10.807463973690222,21.875825002020548,30.44339247715434,540.9650193441712,695.798566377425,53.800030131251354,95.83164931082851,2998.106695079331,18.920335722179793,12.93207484272632,78.77746108059739,93.29076984705347
demo_throttle_body_fault_582,Throttle Body Fault,7189,-9.368019561013634,-0.5737437084511448,64.37745556206124,21.189673719563437,63.861378695677566,76.91767564317801,36.07034304678171,51.30965317497415,0.86187806068574,102.37619840338326,14.858406785508802,25.70995294672514,5.730009886801607,676.3793148073705,582.3017234310832,0.701443800310253,86.03835403750703,4525.408183818135,14.134207185028433,12.249805711687793,80.30409328104116,61.20054943056304
demo_throttle_body_fault_583,Throttle Body Fault,1477,1.0517112518635503,-8.082660870520757,76.62285241577517,79.90534891425592,40.74983631724038,64.26046593131286,86.8166226091837,78.33282066433456,0.9693631783521692,97.97328448506974,84.81904466243185,19.27179361577469,-6.950667673563988,378.7817639512106,640.7059565552581,15.321318761720082,88.27614426886376,4198.485463378474,6.448498352148327,12.77592104836279,56.94489817479003,64.35248063448546
demo_throttle_body_fault_584,Throttle Body Fault,5687,-3.939001497778663,9.517301499105725,57.90698820491034,21.62113117481696,15.663754144632254,50.02664504457698,36.81681543222892,26.11420692016943,1.1652180893796695,98.17041766569872,88.59298832350949,24.067989864398296,0.4394390925805638,566.0932916523768,384.1427956037384,18.493785561126042,84.08307847909285,2705.9308098293423,26.360893489469923,12.73610997810265,80.98570020545884,62.507966226644115
demo_throttle_body_fault_585,Throttle Body Fault,7145,-4.282425475125619,7.083634279940428,83.43391469749311,10.89606977774158,41.832956026243636,79.51430579365238,5.017802704403918,53.02756149964195,0.9134112236799526,97.7149169431789,42.827422989092724,32.49491430654803,33.0297056217181,537.5025323053767,675.723492960873,72.6742407321351,89.72464156142813,3832.621940182178,13.64504883718521,13.77429112858061,43.81709716263529,93.39290357272361
demo_throttle_body_fault_586,Throttle Body Fault,4410,-6.193615707922962,-1.2353401491429423,63.81475339314423,70.09078747805444,63.95317295907737,24.273237998296782,57.41961447857666,36.91637966195982,1.0493309100890362,98.93051122241127,21.171194034124333,45.18515494894433,13.022618584056552,544.6919450973458,569.415717865414,65.2871773917137,98.47643404198098,3058.229667336417,3.8636931808074926,13.471441191881254,46.09129249328706,59.69879961054289
demo_throttle_body_fault_587,Throttle Body Fault,4204,-0.17503405799269892,-5.9806386607837805,94.42509336344716,24.15342940183765,31.868290606862104,87.86607366939286,91.69772568267224,25.595902503636623,1.1369629709382367,95.25026150070713,73.53827701704641,18.481301943952747,10.704502945084162,398.72089922434634,583.8436865131964,1.6056131355184688,92.22783753313372,4381.1683668113255,1.6346705637564019,13.905060346046946,51.976278147633096,61.77589912193194
demo_throttle_body_fault_588,Throttle Body Fault,6200,-6.581008116543601,5.658724053029978,60.7405127740642,66.96385628494204,44.00870979949922,43.43289349056101,75.35295674318323,32.09150416620966,1.044196780206607,102.03629426539125,24.936292858641096,40.93632701090492,35.60670188252007,534.3017223786181,709.3729529006799,31.00460441847964,94.41446563865635,3339.7965282425725,0.13017987735902237,14.09488539084675,46.282823197751995,94.897181394706
demo_throttle_body_fault_589,Throttle Body Fault,1669,2.214319056039363,-1.7690792373983353,92.7041922937543,61.104628570778466,94.97222098711323,74.0596918347833,52.143310048421604,63.94489557717973,0.8899376886375757,94.09929359296315,28.11104128464279,34.093921883636554,2.4904189956406846,526.737231033375,562.6543054233466,65.57938491000377,101.66281747172883,5109.061560504666,31.174325467596095,13.37833242275916,44.670915265783066,93.681497525967
demo_throttle_body_fault_590,Throttle Body Fault,6423,-1.241564969906411,-1.0138678538233235,65.15238929368017,71.33253687872238,6.196340961107239,75.02200445477752,20.751759417851794,31.683636636171904,0.9359512212864345,96.99201399008868,73.43308419885241,19.514941401480645,1.0398196460466984,290.7132309531751,618.0177500874124,98.37223383651235,96.51003750386441,4093.37578848079,31.782317468597597,12.684412574090617,38.12372834148624,75.90876610386084
demo_throttle_body_fault_591,Throttle Body Fault,1308,0.3993419426173196,-4.1009081967942045,56.940989540726655,38.69486416612625,48.769212342474816,39.213669249491154,15.175340310368906,83.0053136665202,1.0724585371948814,94.37177978499857,15.42077827441757,21.571035416344888,-5.159796837593927,308.3472524034629,332.27167315065213,84.78694085299281,100.22113251635986,4614.49548325164,21.514727728850044,13.574637751105906,69.7086169094944,91.46182768261436
demo_throttle_body_fault_592,Throttle Body Fault,5337,10.788014820613274,6.44345433696958,63.944839914934235,29.17259110383483,12.608822981215248,42.71392043437089,13.25171045174563,20.237362839889805,0.8285824042344766,96.7018566193286,92.29980401618165,32.02045708858319,3.081059878349741,473.65574902635115,398.6157192950716,67.38768229283608,95.95826874549978,2573.8258509803395,17.89631045323748,12.268779406583329,66.83607352147092,93.36814155571759
demo_throttle_body_fault_593,Throttle Body Fault,5288,-1.237194132945635,-2.4183178106894854,76.98516034049754,81.37593739365087,82.79307797984458,28.363880372046893,45.575136137494404,24.935398613293135,0.8287514045960288,99.93111365078461,43.8317256103831,27.180324580851988,30.96678157578215,517.9267071900174,717.5425315177916,79.3357826938967,101.12264639419024,4587.9970717537135,3.707371463271757,12.323555101241974,78.00870231287979,60.66608470963189
demo_throttle_body_fault_594,Throttle Body Fault,3529,11.430895632292906,-7.569616083711342,40.76995305954438,51.96172080622388,37.480558231393445,65.8918100317824,11.756857596856474,48.988280253003765,0.882733570377586,99.46052508100674,15.45919625843088,25.312379061588306,28.97889321079242,392.8801552182466,599.0500558451598,27.306269968819098,87.17060511514428,3307.717913779422,30.8326194547962,12.954614752739783,46.45674490454677,77.00221842157345
demo_throttle_body_fault_595,Throttle Body Fault,2853,0.1714906172966687,2.7376872243992025,94.33119328191194,57.391699839925025,45.65740078875644,35.873185848249705,92.60048590431241,48.49549484042138,0.8840788695769777,102.72294314846208,91.47939133994213,34.12182693639783,8.01655659951603,606.609974410545,641.3051001613806,49.85321322835274,89.27788580316674,3313.763829330136,11.430955452504632,12.424262586232578,71.59516050869482,59.30335440428459
demo_throttle_body_fault_596,Throttle Body Fault,1942,0.8776015169991678,-1.8249684335935534,91.37776066622871,21.388937817970955,84.63685125060269,10.586911886312414,42.217647156731296,61.854894994808035,0.953213818291005,98.81145778865313,23.3601499928464,39.05427714627296,-1.8102990226350446,662.1262317229966,528.5433601833797,48.19321148188526,83.20266950832779,3849.3907069751504,19.72493006264341,12.704768275473612,66.84674602268643,58.14737109725434
demo_throttle_body_fault_597,Throttle Body Fault,2903,-6.610618692383138,11.306824123960348,35.30555532482169,32.09939376603545,63.57698131139458,70.59575334300011,9.63403291610888,16.393047192699356,0.9806024821035745,99.33515450348976,45.84031109110497,41.94158973403505,26.77567370001011,735.7810468037931,420.9451280395457,16.31047685044661,87.80984809434048,2900.0440016398356,13.798597469052064,13.857877805212974,51.31181515638476,61.101730791126464
demo_throttle_body_fault_598,Throttle Body Fault,794,9.436415698765433,5.049777784081806,79.45124662297053,84.10230492168724,41.12045091509017,60.75962947980724,43.91361056760697,28.609424288597467,0.9734027680260496,94.85761122967064,68.62605022948034,48.680142170284256,6.140396935042208,551.9088757023916,366.7883247381408,12.74604501728117,96.59960843246752,2862.0905105713637,27.369267422215856,12.716333642626756,73.47012947112506,70.1086875500075
demo_throttle_body_fault_599,Throttle Body Fault,3791,7.027821792698483,-0.04476169886110366,60.71860422448298,28.087968376888654,81.53676932480916,35.61378883121836,14.249908475456133,42.440094043058984,1.0266262347410844,99.48896800545188,80.20470607734381,38.03205248035856,2.2906822210981037,405.5998387532359,306.38667061542526,73.59242892362617,84.33071402299467,4135.694107141948,20.893158791631464,13.69245675825318,38.50759588521479,63.319365083958026
demo_throttle_body_fault_600,Throttle Body Fault,7102,9.475225260220792,5.2135805696634305,77.33733858235972,91.22774059802424,28.670867325459405,86.1328065930209,14.782516343667828,92.99147429568902,0.8793466570358596,96.39612731742065,13.69345460824771,47.73603075480422,37.27467485391723,422.5487241134887,409.7815017848252,27.897990338000255,85.40621820472835,4626.0993851944695,2.1251944003192857,14.038770847901137,78.58382965192527,59.8560024966541
demo_throttle_body_fault_601,Throttle Body Fault,6554,1.7654613436059436,-7.5277498502505305,84.68334743338984,74.36203533627035,7.021485089681175,11.153970083141727,76.46153885984232,38.88003687718719,1.060635475885257,100.65263464338842,42.99657597725802,23.305124775928842,9.787947141643745,698.1032523129302,412.2994583547102,6.264944259457305,103.1008911780652,4337.827654229444,18.929986317814805,13.775303958694352,54.32455187056351,95.38974755443441
demo_throttle_body_fault_602,Throttle Body Fault,7157,3.1766949374977287,-5.659622253228607,44.302007493891196,69.34067585634148,62.539873796066416,52.025528616144534,91.9256337115548,47.50477593599207,1.1021400619107635,99.92285605459003,51.636644613020145,19.55751896682174,22.24477109572605,588.4456404525881,317.44203751257214,79.59149753606658,92.27386983579092,3375.194238892984,28.838578504608805,12.852404823045864,64.22698719033984,80.33450685971619
demo_throttle_body_fault_603,Throttle Body Fault,6183,4.719632122648877,-2.719139846382462,40.594512495236955,27.96135957109503,63.946569976448885,6.026899575717834,92.21710803930468,40.5851905404339,0.9275692702401658,102.27976959943712,48.800492789616044,40.730034304955275,24.009134437300226,698.2774112725424,319.6813153158458,8.165317909202363,103.86163725536426,2523.9862643903903,24.78681637652591,13.36102418772138,60.969898020330845,87.21894632638383
demo_throttle_body_fault_604,Throttle Body Fault,1909,-4.43642352020708,10.526375484303323,75.17443679773355,37.534537555571674,85.3575246428838,46.12935573047407,19.8030615756752,81.896703441827,1.1594532233528718,94.89563426531869,72.65127804390978,25.95552610911313,-7.690777987225002,405.0946349849863,653.2585242015437,14.118387678373235,84.87471542596613,4495.428806740421,14.222587349762334,12.482123537815744,45.81001769466207,87.57867892440979
demo_throttle_body_fault_605,Throttle Body Fault,7146,6.216271507887592,-0.5890765224532432,31.84412672916264,51.22938545647413,76.73956257031989,28.92134757815879,20.22700715384257,39.36055044354729,0.940016790581961,95.66925500993983,90.85504328206326,35.87464096855129,19.97151238105653,338.1313161998056,540.616140540496,55.532269320846375,102.50244521100672,3613.255362894518,27.372173516667598,12.77794385907803,62.210196747410386,93.00578628701211
demo_throttle_body_fault_606,Throttle Body Fault,2754,7.192475616926805,-0.12698701625542358,89.77970543161597,28.744738768276036,22.62542284662667,54.54285142179072,94.5964738675725,49.113709097970194,0.9391257867172338,98.8353514743978,10.795619670413167,24.55665050146682,-1.1496608020605414,293.3994616341049,592.2176594008306,32.547454586182354,85.70779884732598,3883.0581804191834,11.320554209022268,12.946733764516349,49.82999540190512,55.163324088712116
demo_throttle_body_fault_607,Throttle Body Fault,4523,8.306777308919026,-10.888438090476694,40.33996779440786,27.128533920744836,34.823056594883674,19.41779115467205,36.225691176915866,26.893791122696072,0.8420374407420679,101.83506679452846,32.502299638884026,21.52543941592608,15.990213431797656,339.17224881702555,615.6228726701495,6.157794323983956,92.22199089877309,5048.3310913126015,5.563916878044473,12.582600486120446,63.22185083557514,95.17401693540891
demo_throttle_body_fault_608,Throttle Body Fault,3732,3.1015007445844818,-1.8213163138631088,69.89779932850115,32.73958584594038,60.195884674219755,12.97950872752485,52.24721195347962,26.366449520591637,1.0654151331985888,100.72902808361484,81.33282775034576,54.71862865000603,13.130319864048673,601.8853202595157,268.474909475976,90.5087033306211,95.54634920162874,3637.63144403774,15.200945996622774,13.640191728084751,74.17309016618702,88.12405072890893
demo_throttle_body_fault_609,Throttle Body Fault,2814,-1.513319149549265,-9.261246429602462,91.18775529908748,67.07795722931888,53.92880680947904,58.84870388254634,61.68798573676544,69.17655956962136,1.0191464902148197,101.8781981901173,82.37427928463445,34.36353655215498,-0.24733884222531888,556.7947426101284,545.5401801803438,52.33795739537352,101.59271189202725,2751.154693965788,10.059647669232017,13.845000708012975,79.15242571204365,72.4629280628053
demo_throttle_body_fault_610,Throttle Body Fault,5615,2.4491428165210416,-8.702713820113996,61.36985647137852,34.6917772164656,33.13646664051402,64.00288682114828,60.96147358969754,64.58922636038011,0.9558225939511291,97.02811154649903,36.63848056756451,53.19352996311773,10.181274744638849,570.9435502422043,500.5078660966077,87.6221815994492,90.12056961714853,3672.18999976166,29.497800107377365,12.50581946665682,62.9318437501391,71.39623651339596
demo_throttle_body_fault_611,Throttle Body Fault,1435,-3.2806550025234875,2.8878865920882966,25.738938396428974,85.55265104019794,68.28616905631804,55.48648240243789,26.251562829588536,18.438498536692123,1.0462238426290305,97.95946245532387,82.54582810080167,27.707822100273837,21.32591911892745,399.44465759632845,552.7058563829127,4.8344642215713325,90.61756338991646,2966.2511628375287,21.20768986782161,12.80178330103769,71.26203303080722,59.69836877763075
demo_throttle_body_fault_612,Throttle Body Fault,245,-3.5674136618986347,-0.982251414075973,27.518999759534903,37.74161550952165,59.81678954707209,91.63669956459859,13.170515898979673,68.28464958897251,1.0693778039641997,100.0252681915313,51.45326073789816,53.77256017257532,15.081656370479344,682.3825980156198,380.75947732234533,80.63084993068551,103.92400614665654,4957.232166989152,10.642510156318089,13.807699204111959,39.477084782349834,82.78600994413516
demo_throttle_body_fault_613,Throttle Body Fault,4031,6.13792914646401,1.0242083091828549,53.857430530562574,10.81298348427902,25.81488986431559,8.81476095724844,43.45429305198662,80.60641580553649,1.085678833231028,101.10020967619658,77.64796839242562,31.761772157608593,15.277183556696333,524.0565616409925,312.0759177905933,59.81421221282742,97.84395513800737,4149.613111605894,26.108807714833294,12.425893409437228,70.78622047770634,63.53374423810753
demo_throttle_body_fault_614,Throttle Body Fault,2568,9.595446954467223,-2.281089260566054,59.108640765964395,34.196528835281214,37.5538625977635,21.70370741680328,56.309062771269446,87.17252228001321,0.933978726050194,98.57256348794311,82.56925507177846,34.742464736982484,30.2379751090643,494.2675192815375,462.5115346870017,15.7239962179342,84.74953413738551,4151.041209595117,28.95667336375522,12.457272325015367,77.77441546702842,69.7140718764378
demo_throttle_body_fault_615,Throttle Body Fault,6320,3.935991930972609,1.4364842204128392,87.74075152249844,57.237298922041475,29.908845000800678,20.474552510435828,29.442204268749187,75.25646578626124,0.9368526887969137,100.25105314929708,22.56807400516374,35.70463440948929,8.196885938705822,521.7339151937107,522.1748338232812,99.09349646344452,101.79769103816244,4378.8394893153145,5.381021468564654,13.946154257044515,76.95154532327598,91.35484063304379
demo_throttle_body_fault_616,Throttle Body Fault,4549,1.8089155820042289,0.20712505025971464,52.196052729329644,41.011146072301145,40.17038113033496,55.31635017192311,35.01669476697431,67.09285498983066,1.0531805664677185,98.5797635244421,9.857590851694574,52.652079247733376,10.93802902353795,495.7375332572259,469.7749556318562,36.50279582384691,96.84093403359621,2537.577778724393,30.572791525873757,12.394634148012164,81.98654272992641,80.75138779624555
demo_throttle_body_fault_617,Throttle Body Fault,3480,-3.532594967863037,5.674552161885967,48.19154547259303,95.77389008136103,72.99239043036962,50.631320178359275,43.67996595567271,94.62819792105827,1.0602582705858739,98.62536768152117,40.81497056782658,30.00956572530079,24.44929349487495,562.185047154893,650.165024239809,55.35607233033743,94.81129058289983,3788.8625360765873,26.69173312018733,12.988485134587185,75.041161422306,68.4088352073468
demo_throttle_body_fault_618,Throttle Body Fault,4320,1.191285332702936,-0.5345731381737847,48.982569976116594,73.57051026556957,23.628633314897627,10.234857150662844,76.22435656803657,77.72082037084989,0.828255138009615,102.53015512482976,45.13098442146522,51.4950694551094,28.25602817966572,712.3136933481819,643.3527912338516,97.39953695868242,95.84022202806732,3113.598887041756,13.634709575654563,13.628570572376255,42.37755610374389,93.1235357833398
demo_throttle_body_fault_619,Throttle Body Fault,5005,6.8454067104516785,0.068097091574963,58.860676138701145,85.65581335342067,91.24661277300011,42.99327068681523,67.69440868261132,25.40458430684166,1.1082828580042738,101.37933084354796,31.572113362951644,18.893208211415526,11.835441581871933,361.6002564377018,636.5334969236816,26.10972780171562,102.7612414360236,5123.884194907601,31.80925734246615,13.33926750764173,47.56911618733805,88.09759500815447
demo_throttle_body_fault_620,Throttle Body Fault,2295,-5.905331261213061,-0.11345764969365428,29.11375994174041,99.85476959550516,80.44372754949879,24.93407194686942,70.30650793096885,5.062115755830038,1.020811260838089,97.26554416901466,39.319973711386424,27.047232828366806,4.6428799191338275,498.2409586509525,374.1467163197768,46.64399468694379,94.70164985255002,4420.000841701777,23.70009777389863,12.659779618898593,36.841910750121315,89.13995650981835
demo_throttle_body_fault_621,Throttle Body Fault,5069,9.213915485182627,-2.5635652806722438,92.17980900653315,67.04326240236855,85.48445335474204,45.32075773892498,75.86020757525387,90.9801088031046,1.106660280594759,97.7418882935662,38.99833223600885,28.78708190493093,8.884922118436066,673.8767976602575,582.6901477605453,24.987917954172445,97.65377282882051,3524.367758307979,19.52203774628259,12.903701618261756,59.51657958563449,84.92195969879434
demo_throttle_body_fault_622,Throttle Body Fault,3760,-0.14437076196040327,-0.2806907270483761,73.33468100393478,31.484046830237435,47.9685578377879,57.47962251229489,66.78339685448229,87.07963925788255,0.9297167091543247,101.60757323180464,33.00118268083976,38.420648504307096,30.09259298154077,627.1118105294514,656.9200476835716,81.48811925163734,88.07963976255982,5180.92901362189,32.794945127247544,13.01733178035275,37.218845357377184,67.44336360075434
demo_throttle_body_fault_623,Throttle Body Fault,5280,4.081524025816421,-4.231779324174001,83.2170367981918,45.70689129441365,10.088284971769811,51.58245596085866,38.87442579768417,16.06751484602763,0.858107204700078,95.37733195290487,23.52413060461757,45.890097146522464,9.55835964303256,489.73030249368577,535.2554140922343,96.01334774320162,98.64231907580745,4243.424057479243,26.034124676273628,13.566655790125315,67.44171526673101,75.35269189949412
demo_throttle_body_fault_624,Throttle Body Fault,304,4.028899730178334,0.9501246634080254,43.9537650229377,41.96918811361512,43.56766555786889,57.144146448603735,49.98875874827125,14.715405884953324,0.9423905159646138,97.38574121741468,68.62333686017831,30.317007121151818,-7.634032483106658,320.48157919842,488.61927226630576,18.849550427237062,92.88169304814312,4050.3545046325307,32.67032658992741,13.445601856262757,36.45891396377134,70.60995124967863
demo_throttle_body_fault_625,Throttle Body Fault,4107,3.6586778038360706,1.3027843625226394,89.74811500501687,57.610963770727395,13.320292263998523,26.75034861622523,86.56692791797963,94.23137760573287,1.1306857213242472,96.88609016186729,74.19371112590886,26.22242281306146,9.688025222613874,614.6407017283348,705.6946160248984,43.91982767814071,92.9084012627334,3094.455028167847,14.112795996227778,12.319735354621724,75.35353709446142,55.95671815778222
demo_throttle_body_fault_626,Throttle Body Fault,6060,-1.5989682733175,-3.569657293327958,44.70909080698303,46.0063601224214,54.210009777714134,62.68040702889752,89.62575287892048,34.898081159808314,1.0305487046705506,102.1154993248742,31.120862715530826,50.006849301642795,36.04753443393306,686.7969787009185,522.1358306171346,72.2115539993295,92.58344910812296,4112.590672014285,34.10659234423953,12.677129056695534,72.24971475941027,75.75555913994694
demo_throttle_body_fault_627,Throttle Body Fault,4940,4.221482676346561,-1.3512103769918762,80.46988345745537,61.188023739103244,80.36895208924932,37.92817526782886,87.23914690886983,63.34880899876945,1.1091373569753626,96.45686612372477,45.1515480712625,51.65584423438538,-5.658804676913449,473.91122251032664,618.9465827047645,74.3814690178002,100.73570227692606,4496.3539036326065,33.14822522091522,13.146693155165087,64.34162233210468,89.75593610096928
demo_throttle_body_fault_628,Throttle Body Fault,3859,-5.146576626770505,4.880363409860698,63.68135588323105,77.92457894754119,53.9210811936716,74.97943172454127,80.38485288166171,28.861544326566293,1.0417953423383608,99.01399339732704,25.458552738938103,36.12548930176276,17.234141090161003,672.323140098815,472.05511233544894,8.091598247594945,92.72051108110855,4762.467549816369,19.993940831464094,12.805843932634213,78.28563455526015,61.38170676966853
demo_throttle_body_fault_629,Throttle Body Fault,5070,-3.2910587617054374,3.5819412042502643,76.65845215481134,85.21721129131849,10.27044286206795,76.28322384172351,69.84755737255969,85.51870743306347,1.1441594766971952,100.99773002794403,22.118241583731834,29.613245746273876,35.070706147030904,567.1231839298517,507.82993781907237,91.57094400439985,101.23236863019262,4464.239613954229,30.87883064558402,12.416286456671418,70.60456643019569,94.59124829007159
demo_throttle_body_fault_630,Throttle Body Fault,856,-9.804877485046635,1.4138987214419154,61.40330151014567,17.79565190871352,29.116222624041907,34.16536399303829,33.895644966135386,83.99054745219486,1.058333124648895,100.61425550532111,6.221307999969644,33.81794410953597,6.619748891014238,688.9241930752835,698.7800408031318,42.33408495870052,103.40733352056857,2538.7698509181737,11.400179147301202,13.672369238066905,51.92468263232655,92.75945554549457
demo_throttle_body_fault_631,Throttle Body Fault,409,5.588994928654451,-1.5061109686315683,39.119157668176705,27.73944259055539,45.11744225449469,90.04465294972992,57.69094657121134,62.15296053862222,0.8235037620887018,94.50953684168589,11.024062309492113,48.326760462465586,2.895197600883437,437.84232862659627,540.578278169331,58.39543176533192,91.03164894650568,2511.610556294064,15.73609012677855,13.603876969868043,46.056247820296406,84.04267842122654
demo_throttle_body_fault_632,Throttle Body Fault,4039,3.2544764471449104,4.93946940474223,25.172303839719152,51.20365724258611,42.24397462148021,80.76950203275558,53.664943219094184,60.02289229424458,0.892902161111112,94.69358201197373,67.30979874643626,40.96501170286885,30.287121763230786,685.4480547721867,550.2762260275508,53.83613829502881,102.10818191826073,4663.413166801256,30.884874823865232,14.092097706720587,53.964772025026086,84.39432115392079
demo_throttle_body_fault_633,Throttle Body Fault,168,5.940967200631919,3.3327244658550286,69.55840197851302,48.52803482910134,45.557203110234,21.212419086865125,72.02654115223719,67.81468907104302,1.0116244500407787,95.41047272103239,55.11783068214141,21.704936619439753,7.611113202543798,458.7317645405022,666.3756805686965,41.556207544438514,95.16633710976754,4861.903267340756,14.901580356447036,13.879036688134391,41.413681688752064,69.95856944355836
demo_throttle_body_fault_634,Throttle Body Fault,5632,2.738702042485396,-3.4831526068311764,70.98662847248858,66.34680556138738,30.034276901882446,88.79960827608096,47.43813062981251,29.030184774123722,1.1755719929558825,97.80811540415264,38.434908416858974,19.293566890056873,0.20156876465539852,668.4118504346945,482.03974811698913,95.48747269251936,83.84548767091879,4163.047294475766,25.199445164016037,13.380247940282747,59.90424532591521,78.71023113388715
demo_throttle_body_fault_635,Throttle Body Fault,736,2.390878932840125,-9.767022628646872,48.54412509992801,51.36886723975009,62.23186279554538,33.27943570938028,21.090457935202583,91.95518811003198,0.8901023999666454,96.09459785862026,60.68174904343332,20.862627467095603,-6.433807924500497,310.72652982656734,316.7012770614534,42.919686213418714,100.2437341562188,3423.324111357924,14.963599512659691,13.340477076388147,49.20078800431678,72.7340530294872
demo_throttle_body_fault_636,Throttle Body Fault,1095,1.654438877440396,-0.562832231718408,25.778239728844433,89.76346013094262,92.96121177038218,82.62465722745245,5.516804664881749,72.57969920251597,1.0263160621312168,94.84757419906975,88.95732213916378,46.72003378123756,-1.3163708233876914,742.739886252878,318.05142629289446,45.467987850928345,85.4974661185018,2905.515146656342,33.873200843111356,13.287033284645446,47.18122113157112,86.83237420552787
demo_throttle_body_fault_637,Throttle Body Fault,2818,0.010462500346795472,1.8165443983432807,90.30894796768105,91.50236467797657,62.50391563339135,35.82199848263514,88.3010909694994,16.024687520034743,0.8807679334182943,97.90444786446125,30.529844799186346,40.78211412628324,33.643888456372665,515.6950366587748,514.7804729725249,42.31337289810925,97.56652151947065,2771.859705584777,1.700646007429654,13.418543101423008,60.13929162224514,71.70167918979449
demo_throttle_body_fault_638,Throttle Body Fault,7026,2.906720582729672,-4.032717775087227,54.50272750745021,50.0741235567655,85.41003662707026,71.37930942711309,24.749883382396234,64.14498468696044,0.8676119146613167,95.74657481066929,69.2734316659191,22.65794547524621,4.8889217630649835,711.068928632099,599.625120009511,92.94595176410199,101.40033352314647,3343.9644393333438,22.133210206836278,12.919521788431368,67.76390358642715,69.28673788768744
demo_throttle_body_fault_639,Throttle Body Fault,2444,0.13985788832975043,5.948550013248023,78.97086283559418,17.56047202950349,58.948041491621815,82.2000661123273,71.69911131579015,42.209491533758666,0.895097517505535,102.30283738967645,55.975971360655386,33.00054219288106,35.3346541550708,383.2085170585172,463.4496613286659,10.864570916350635,84.74736573978984,3576.2098911914545,24.48811245947847,12.843898493892947,67.4111047123411,88.01280923934809
demo_throttle_body_fault_640,Throttle Body Fault,973,-1.791403273926424,0.6651146026383187,35.29994855568127,72.84360639694007,38.44962190400015,68.70139679253757,24.24418200571972,63.04916470108957,0.8651850713422986,95.52770992891126,60.30157326481037,30.460545191063346,24.373791363235192,608.87652899329,545.9516355173361,73.05405412343178,99.4665752946006,4960.842862673925,2.818054031861606,13.285943128079055,70.19251118015885,63.89459972346497
demo_throttle_body_fault_641,Throttle Body Fault,6325,2.389139467733854,-1.6687543061905816,65.06330800321628,42.95535116190938,64.94852661094392,59.92157137711427,64.14006497927437,27.708585512830375,1.0962536952962787,99.97631995691825,16.758465136830583,25.406395539135456,5.844396730097394,729.299923762591,410.12093725794733,1.9879082665319237,85.11576622849469,2586.8639238571945,14.09937354501258,13.714591461842437,56.17048168768316,89.39875952651902
demo_throttle_body_fault_642,Throttle Body Fault,6096,-3.55831375345835,-0.9148674188022827,72.23055523577654,86.75429834264203,29.64512515186176,50.07657166592438,65.91907205080054,20.164096054290884,1.1136904172837332,96.80323045711876,13.397657352412528,46.33094775523254,24.43082706767109,704.1662815765308,670.3543829010771,27.85257845815775,96.10998105479204,5197.632089664378,8.533229196137523,13.098465670261374,77.7778191381039,59.22626530259045
demo_throttle_body_fault_643,Throttle Body Fault,399,-5.061276403437044,-9.613804845996935,87.51285520004012,65.92342697441921,65.42919923207705,74.5687176285194,11.042248278575123,61.49915051356755,1.152617408117869,102.60511351563962,92.14892996030174,41.89581653291367,21.131195013743792,545.1832320531009,539.474545209777,61.21179303831607,82.93298190747716,2739.952472020236,21.679580011748726,12.797011217073122,49.166997795465335,62.93106621191376
demo_throttle_body_fault_644,Throttle Body Fault,3823,-3.9018173899036794,0.16714027173737742,91.17939269244954,89.54957408593488,24.613428058972808,18.817331105918424,24.0428106975752,13.658844547901738,1.0298365001153051,96.54385038553806,87.16250252762867,40.696087609407726,8.542085565361642,752.6275033429031,698.4694681102603,77.86152353092002,99.41704085967197,5138.6293551161225,21.015967792398612,13.872037713730522,38.046902948099564,77.71656329762722
demo_throttle_body_fault_645,Throttle Body Fault,5779,0.34956436959920584,2.0130933968454494,31.086638972689315,11.965503161518583,31.461350403780173,9.816010656464876,43.08437162847214,78.14717702356258,1.0409787310371337,100.06410921066971,7.8356018398672305,49.06247532946709,-1.2752425483824261,425.27242049559374,497.72519166935774,92.99934310131584,103.95928170421618,4613.183845777807,25.525997830461424,13.20259642835286,66.28448488596061,60.9213911925625
demo_throttle_body_fault_646,Throttle Body Fault,624,9.59142370686844,-7.997461002954501,47.60806762639692,31.69437153144034,25.656626733567663,48.63779451537796,25.1389921811995,63.36469692956249,0.8469351320874167,94.93309500177304,29.924084744222053,46.76539963500184,6.871318795932551,505.9920554962488,562.0461411642235,78.85399219729739,88.75639846694236,4473.6174101434,10.012359152296641,13.424485795896551,56.191366617350496,92.9917405933747
demo_throttle_body_fault_647,Throttle Body Fault,1982,9.209899206836747,-1.0211760014257323,89.08250349504023,22.285381782177197,63.90175617931231,22.85311474151674,29.927165447520345,52.054091709406535,1.0871154168558395,100.4934466677593,83.25134077613389,38.693169528683725,34.6117620559204,706.1865259297567,650.5664451610255,22.95201078043493,93.69185585011833,4487.838812017658,34.163587774560646,12.222129820100509,50.37438309541964,69.03636035601978
demo_throttle_body_fault_648,Throttle Body Fault,7046,6.555952533828079,-2.780237254170832,50.160432500592435,74.05161474484316,41.60657471962851,17.965722532302443,59.97672254831787,52.034921275425695,1.1734619810017126,100.73673597209088,93.75583890611156,24.895047721292062,27.033370426783506,544.7863454559599,587.75436963256,46.75514625078894,86.67259803368417,2623.4889913558363,29.340089006434326,13.748135862314653,42.639367487957806,81.45241688129747
demo_throttle_body_fault_649,Throttle Body Fault,2120,12.294876215080219,-0.9413368798297751,47.206023216727374,89.28513119672145,62.819657378728756,69.81957608124654,63.69030765520988,69.91598044265791,0.8722241721763998,102.30334958480182,30.722971816265144,48.952395252108445,33.095673388458046,592.5873311968198,535.2183505608227,10.904821117158104,91.59686697375182,4151.439838549983,2.865424536897047,12.411777821807332,81.69361899003881,68.62160018946638
demo_throttle_body_fault_650,Throttle Body Fault,1946,0.06125571937652849,-1.0474466398113895,58.115312076475774,81.13878616361538,51.12453486702081,6.387438225534414,48.44186512941161,9.966856153529712,1.1176430969733138,95.0229227648623,24.52586134692342,35.01871398340867,0.9784665484190675,538.8255808945751,471.9212752454844,95.25226109172888,83.9442183931415,4057.176530325086,25.21398633753943,12.442491317206127,64.91372000459788,90.43380122096286
demo_throttle_body_fault_651,Throttle Body Fault,2557,-4.165770966811232,6.965650479247674,75.44099877186613,45.45881467050857,87.84062461317298,25.282109085332067,57.53320506725128,73.90921505852025,1.1340212201183724,102.24887917984519,12.647808453412683,44.86418926980522,1.38879749828671,653.9773319136882,582.3172766894601,18.13523586003103,100.32226379322962,3746.8297708501163,19.03496531653653,14.045667131732586,65.86140261340705,79.13108894601586
demo_throttle_body_fault_652,Throttle Body Fault,721,4.871991076711046,-2.4992399876392692,48.33186980013046,41.00575177245915,52.72970633526596,67.07916022932656,21.141065470668185,59.148897872876816,1.1501114588304064,95.66507070543287,64.31792272388276,19.686798226320573,16.432791177391714,635.9388434107742,275.6592193474658,33.366539114253435,101.31505367862377,3108.7954486601043,25.30060940384937,13.36325272046224,42.69332030009626,85.41000807325509
demo_throttle_body_fault_653,Throttle Body Fault,179,2.770700758217258,10.945930389030433,91.45599822856889,54.27658262291807,72.05727513227028,24.593023897316197,17.346488846391694,71.71760985169269,1.0625767042810175,96.46696918933503,72.16550919641439,36.6847136576846,8.03547380578069,657.708072390237,543.7200638694156,50.72683659719965,99.00835612852119,3971.036571476225,32.8487051526756,13.754305816296206,51.83481591878926,74.06168927239659
demo_throttle_body_fault_654,Throttle Body Fault,3101,0.8189519640343532,-4.8248582904383355,44.201268297634414,42.797846742577484,84.18641325295135,88.46755807057377,77.21062167223393,29.81376014542359,1.1393433303886833,94.29593013346629,43.05231328014663,31.97225939627429,16.62102187161039,549.1074674727179,363.6860639479911,20.455570278575617,99.67846501942742,2705.7313541675776,17.265011535171592,12.56412817253559,50.01965958068595,66.36907118605234
demo_throttle_body_fault_655,Throttle Body Fault,6895,-3.4630140829388014,-1.215702267938473,45.96092841122726,84.82167981821846,12.721562716172182,73.97245809262762,27.348148211026803,87.62173003641044,0.8220012707330375,99.00997003623405,61.00384856248344,39.36011230793531,29.490703441154572,333.8387238802294,451.1557619745887,86.37367730199736,101.5521763476378,3845.529888744667,19.528841285452792,13.651426036930811,71.64168853203616,91.41133327974029
demo_throttle_body_fault_656,Throttle Body Fault,7048,0.6353224924930706,0.6678445727906428,58.82646805032138,20.616531977811853,78.95128280045564,59.15871767304561,10.220468342532131,65.91814511080753,0.9219163729229566,94.62338687845012,59.59300232152802,45.091720202782014,15.795077538788632,282.7111713136444,525.3660589935976,0.6609075317959956,102.3809826285366,3221.7239258576406,30.485231122395845,12.223007648372054,39.569175993132006,73.50774048870893
demo_throttle_body_fault_657,Throttle Body Fault,6085,0.7627065441868793,-3.8044757724639515,61.476637061790086,41.99146422999365,9.009908592546296,57.53385245648405,39.20393880486804,86.82201362075368,0.9928213202224002,100.88902284816798,81.33894753934061,21.63627163207691,12.278930156787261,708.9843668859098,455.24943722705814,56.51542769673854,101.20828684057464,3128.0026840624405,31.31035819882122,12.954354000260269,62.87256644697606,68.44961876469998
demo_throttle_body_fault_658,Throttle Body Fault,7170,-4.462553846129819,-4.520668941351084,54.03059333563098,40.14567310902206,60.42126292475974,8.411915033942561,20.09018027632022,23.863270471321293,0.978577036670728,96.22151286141057,17.38964172269576,40.110225929950204,26.218110978948204,608.9286720626665,387.04284380465975,85.4444836366964,95.46008794740285,4159.600092720044,7.449695810076005,12.66020448593869,57.31326021959092,64.75066227266396
demo_throttle_body_fault_659,Throttle Body Fault,3823,-5.889290390667337,4.974845970802343,35.634130777294445,23.645246839612522,16.45050008400446,44.5775071069737,5.273603271286026,53.813505947227775,0.9273890522510381,98.97230947864193,89.1882872097425,50.15476157678889,18.515772637168954,480.673750066588,581.246828697953,92.31393326245212,92.7700354946701,2768.13085503036,26.813087014839653,12.21991039239933,70.93800854311166,58.48158075934937
demo_throttle_body_fault_660,Throttle Body Fault,879,2.726751737660725,4.229026618725377,64.33321905356465,83.85266734391742,81.6231659669387,46.176103009065805,94.66688183490837,37.18219456751966,0.8817427959834874,101.61378798807903,42.401325160339724,50.35648709545873,-5.186348153441415,333.305013523188,278.5254241630227,60.20109603024101,100.30101198456299,3587.1841157434137,3.17434073848583,12.909590772118811,51.35816821996731,81.3823489153287
demo_throttle_body_fault_661,Throttle Body Fault,821,0.913157290631428,9.751141499236649,54.41237442678692,67.82630741368888,28.297508827103126,41.63722578756298,60.2325438480517,41.25836311204117,0.8311099497636044,96.00354395886555,74.84728230189714,27.194650913751133,29.614726518972248,504.11575633687545,477.5437231107479,77.05162153313778,90.43245728634969,3143.8975988114016,3.67613318511016,13.476628764720658,57.08729937026552,88.18568210870521
demo_throttle_body_fault_662,Throttle Body Fault,3865,2.367425349276962,2.1125876814896256,38.95995110582504,84.73932501836181,13.569023385208972,86.19149510164813,7.421823611361544,52.002710170898766,0.8409982823743903,101.0164640917867,24.0346871653202,38.93913532075182,34.15652071918344,591.6442890939645,342.0271838880011,79.66777687549008,91.71255134978368,2535.577193525443,17.036773953774226,13.743720886800347,55.20800864917982,86.09555006967969
demo_throttle_body_fault_663,Throttle Body Fault,3327,-8.16991331702637,1.100041528650417,47.62978095178131,75.38860014059406,38.20265759645289,20.30783960557865,33.877675537518144,83.91552736352435,0.9220200803694587,96.11464481360262,17.007806365750596,20.04158024900579,36.92784829318305,537.652877085093,595.6364518855208,77.29734468687052,89.75097388385039,4657.045957435297,33.651948554701704,13.609347515457014,68.45145695315061,72.72158524986283
demo_throttle_body_fault_664,Throttle Body Fault,5881,-8.718349178098135,6.754093335209552,64.61817410584538,90.36673929073245,59.45176039590277,7.302337732621952,70.03443609707865,88.61220555832753,1.0511243003118014,101.75278069713616,79.27661798077409,49.867814470406614,7.828618523844641,507.59849301216695,650.0954123136764,91.03985749314552,85.23051298371442,2990.1374248970064,12.139036001922703,13.66356587354078,76.12411439112105,78.78984579753715
demo_throttle_body_fault_665,Throttle Body Fault,6067,-5.795426949750634,4.090954525363956,84.99161045343422,41.27994804430134,14.252651878045613,32.18616195017704,77.60357170698275,49.4131579717228,0.8817661991979788,96.81369135321944,90.82231517062456,33.982427059649176,12.31356572108028,353.4734089812224,400.094980122571,81.46861329400464,99.2963774368718,3675.84675714623,31.277829175499356,12.922491942419361,75.6234902516309,56.294187573972806
demo_throttle_body_fault_666,Throttle Body Fault,5180,8.37054922392472,2.2462968701301174,77.94968288542677,70.28792352061306,78.39544185160693,68.68023693999164,27.87988590186605,46.96132106253776,1.0578537992390173,99.29022481406474,84.65878464107544,35.532251694349654,0.18741938906748956,382.9993779581832,649.1860170752738,0.8720954223112032,101.12086796393034,2650.087831130759,13.70804638312919,13.720334832146694,54.157922710652755,88.71627566921615
demo_throttle_body_fault_667,Throttle Body Fault,2539,6.51980289279803,1.237564279025488,65.77318125993065,90.1781737513517,13.425926570527402,35.474061675469784,64.34132854071547,93.193707367407,1.1253787566248283,101.61845555526301,51.54642764823093,38.87906751720044,31.494684327709997,697.4202814032446,629.0463001171713,81.85712751845756,101.3518568980194,2807.2112139482106,10.24237819167398,14.054615714511854,60.60447951830777,62.23501826170937
demo_throttle_body_fault_668,Throttle Body Fault,4776,-1.4778985638397253,-7.858319558865442,81.85237082164275,14.4317343999175,45.81724882751674,6.851215056830729,84.93405112996257,20.651546796676243,1.0449548902603498,99.1355653415236,61.297649117857915,38.8464150447621,24.91707915886395,580.5327836911199,301.53811351457455,36.676795100744016,94.02505559056235,3378.033049925078,26.611580968240936,12.804005658604485,73.94815619224286,61.01608256024083
demo_throttle_body_fault_669,Throttle Body Fault,3651,-1.525285303546902,-2.0857079930762894,61.96106962885137,38.84719356675304,62.36009923793356,24.146636885743764,76.58687600167033,56.62254797297962,1.1646183354733626,100.40593296024215,59.66559855529259,48.67887154651463,2.105398117041725,583.7163812149395,439.5857708136317,74.37909791464384,82.53832700880785,3654.822660622668,22.80956656415217,13.075214739240105,46.184664998546296,74.03831931885688
demo_throttle_body_fault_670,Throttle Body Fault,6718,-6.138144188955076,7.745896223539877,94.32348650500893,92.15354520014044,8.05715079139901,52.7298770841813,10.887172416309518,88.15144312919398,0.978956168566611,97.76593303535202,29.565142865537958,39.04630227450969,-1.3300587423039323,663.4984002570626,485.95675862942846,56.64628913141605,100.49770444839945,2999.901689489362,6.131407566974049,12.999523178452707,71.94802733614623,57.40036769432599
demo_throttle_body_fault_671,Throttle Body Fault,6127,2.9216865629808484,0.030846826671179002,64.32344149637572,60.794734445125584,10.05506500619482,27.479371794633032,72.9767706363228,42.10413075403553,1.0217861136106674,102.50381759823892,9.16445914856251,34.63817352993133,8.618610111003314,331.09572457347576,697.3654004295071,96.14595897485434,88.85273939216695,5056.134848860513,1.231076235349996,14.063702381638784,74.28880477120723,63.78753905325977
demo_throttle_body_fault_672,Throttle Body Fault,4050,-1.3935825482331836,2.3677769847011736,49.76262544649807,66.6075498033634,18.238464584009407,15.638954875016774,27.48247503074819,71.71337708123282,0.9519757215081603,98.56622399486615,22.59055011267794,25.18190969193416,21.920757924801258,332.0201208968578,567.2067345195469,40.07018523489062,96.76796009958777,3530.6695879418194,29.611826427732442,12.305556721509742,76.98497365517231,66.0151082667619
demo_throttle_body_fault_673,Throttle Body Fault,4340,3.0113422780387813,-3.21207706945862,40.70479612667675,51.328281086570776,77.20827854558932,76.23920846733365,59.03470546550732,93.00847177918826,0.9869503942885588,94.35449551319331,78.74826348294263,26.187873192103847,0.1069852138631262,313.60476254391597,410.8339740737739,32.61589670541879,88.66097370326196,4101.620937375429,26.3039759264837,13.981756765429944,39.42035369796694,61.165655132014024
demo_throttle_body_fault_674,Throttle Body Fault,3583,-7.041425991300089,7.949330859124542,68.71865613822258,80.24905288349754,24.58393587122284,65.11870076873106,63.128269926249196,82.3654513632483,0.9329490984750365,100.75082678399359,72.67998779973452,26.850198053676525,20.57326053688767,604.0778020808627,386.2370698062459,45.179999536463924,91.58710999964285,4588.475834601797,0.02419395698102733,13.151950561767716,43.66401823749914,81.52052069027279
demo_throttle_body_fault_675,Throttle Body Fault,4271,4.22569812239702,-0.04905410902717179,62.94206792490871,38.355237014965184,33.199041137033426,72.06053538653244,16.855823068368778,74.43529832239638,1.055804745376693,101.96027216189948,28.413022297981776,36.728624917199554,-6.206482469655332,718.0031560262969,570.6800719124128,62.28752490714417,98.11916242170527,3267.687913250284,21.1351094063282,13.721751629769965,39.24383890109102,94.31149246090226
demo_throttle_body_fault_676,Throttle Body Fault,3467,-3.7289942125338733,-3.7917675500145513,45.60177647075242,62.339992087118894,15.814618001455882,72.87500584994504,18.82756993935324,83.01415414318089,0.906600502904612,95.44370716554634,11.381392732187528,44.32050973788003,0.5653737376310737,374.88054978962555,338.060437776878,30.579512246849426,102.70665155082466,3813.8785303956697,9.130727875701837,12.52374244343847,35.88836672615559,69.96469852980225
demo_throttle_body_fault_677,Throttle Body Fault,6428,8.693779716986748,1.5644155379830522,32.208579415508304,38.666936475316575,72.57773312944596,11.028762605167367,66.0806531380924,60.84882759211217,1.1375164739680437,95.65588307624853,76.48409351110767,50.00001303077879,36.918270055979896,668.1036918491959,316.9333723768245,94.71290101634308,99.92982516168324,3073.2779980276277,5.781909019120331,13.979186885760724,42.31783542697629,86.86123880177256
demo_throttle_body_fault_678,Throttle Body Fault,3355,-7.871574367280278,6.638924405665562,75.75408014169284,56.07202395871724,86.0340546804963,21.95585755195608,14.842047017750131,22.65982686363792,0.8482871322097767,102.8213548677557,16.05709633201512,25.43148498700367,29.2455443747139,398.44210993685755,362.2549364876474,67.23097804076843,90.77283506967623,4755.793715260843,22.339427098190868,12.747607962460506,63.10239395412573,90.52492648346359
demo_throttle_body_fault_679,Throttle Body Fault,2953,-15.700497629734581,-8.022715411174099,54.10830862640076,58.87660580006497,71.03300250184131,10.447463417885949,45.94545701075221,13.569216439335756,1.0810019960099535,99.47025638666625,34.42366943503505,20.822415995534914,34.58691325337622,431.2017858628777,386.6733176025005,10.100497091758365,94.70177060012477,3217.2643295519565,29.499857877412225,13.497256888890949,35.18400057304211,78.19265907830717
demo_throttle_body_fault_680,Throttle Body Fault,198,-0.40506624591034557,8.664638791176117,39.34400521437988,90.96722289579063,56.604266685800305,23.826659874803262,93.12146957185173,54.1797409950004,0.8795699819654951,98.65517953152167,91.34141524007893,33.69577854116209,11.565893547157948,501.34082666790334,388.84763353106484,16.17836130436515,94.73640947410539,4914.340531137389,25.750540966549682,12.382756074511347,53.83990187460512,55.21713107612558
demo_throttle_body_fault_681,Throttle Body Fault,1715,6.748908157835045,-1.6467452961830742,45.316399844370714,85.65024871856498,47.96457921866404,65.22513465559481,84.54787009533351,66.45292777844804,1.1430374335427702,101.27258820332773,56.03578208549514,28.997624700646554,5.7145506139623805,700.1589231320108,284.78674567971086,94.1436848096824,89.19531560422791,4494.951861496194,11.55104134231069,14.011272639543005,36.714279417366114,69.48607394225297
demo_throttle_body_fault_682,Throttle Body Fault,3886,2.476957842938638,1.3878022477741503,87.91262712480314,84.75240278553271,14.51940757667503,57.2161918882412,25.1055669505933,24.36244445883722,1.0415454352852824,95.11479547748512,47.28011009026784,27.46540416772656,31.280433738558443,546.1572315367034,358.95006238034296,92.64656527218054,100.10372366894853,3216.289021987967,33.636781773143916,12.708703942569887,48.75422673620789,70.82449752649589
demo_throttle_body_fault_683,Throttle Body Fault,6253,-3.5730559146892205,-5.429891916557704,64.01361280794556,90.50162333967309,26.678770308187985,20.320779793927944,37.276105341157674,18.149781515727984,1.1606143701399796,100.45702027182467,76.6572489184247,45.67761406476726,3.1696820395435967,347.51518624971357,457.5394481843465,82.90191217744814,89.27133722921691,2525.8199440164485,23.102124574251466,12.58011983462101,60.513252632407074,55.61008205105038
demo_throttle_body_fault_684,Throttle Body Fault,3408,-0.7883646334588021,-0.36237438067000605,75.5269659610821,13.242533941260602,76.05701569749442,76.21047089380946,64.70685934998033,88.63670623132957,1.1091712699598089,95.97008798141759,39.33912965218903,30.947159230145807,15.225759556212566,737.7825376948649,543.1752494859934,31.293905942012877,102.71339024447965,4390.732976640183,9.312818321870118,13.922374260724236,51.17800619672998,76.16466229896385
demo_throttle_body_fault_685,Throttle Body Fault,3693,-8.127483854831993,5.037333668329125,43.59643515806891,39.99760721796814,64.4144165003579,84.79541326223185,15.339568160196817,23.88951670149091,1.1612924136943226,100.99567393963987,36.14627907390947,31.232487898946246,13.59855805065143,603.4237598812931,518.0789081396283,77.61199524984545,83.19166941916312,4711.410004790958,2.0317973113362986,13.873850457541362,37.03295846133245,60.24112968653091
demo_throttle_body_fault_686,Throttle Body Fault,1520,-7.194108548390151,1.020815076619135,70.88374048140948,90.33430437170001,52.205252912282766,52.92407667624873,33.73745881547158,77.0612381875264,0.8597750421225511,96.70992862592368,13.728327236522883,25.924690296569914,18.98350393156606,340.4609862308379,306.28418582122,82.59108114395968,84.60258081807102,4141.744044762814,12.320391401295957,13.903097531374868,68.25485172998627,57.436639492035475
demo_throttle_body_fault_687,Throttle Body Fault,1346,1.0168954609977798,1.9061464928902538,45.87592142888688,70.55038194065791,69.61765291094552,32.29256991837746,36.64908913973409,19.069745855602143,1.0336396833313026,102.6121814799846,42.4962016109054,54.859628718994074,0.1150718068086043,662.1277403400568,686.9297966625581,68.80543526632508,84.40517836483905,3381.6616553638287,2.9983034612052064,13.343321429740021,81.91299403046978,70.36493914264562
demo_throttle_body_fault_688,Throttle Body Fault,5026,-0.9468889183061746,-3.759212366551389,64.82732507839887,30.683874964267545,72.56342664840425,12.921106234402439,61.073625448762,43.312905405534366,0.8657830071435688,99.70946276886089,65.57444763754367,34.28075093835408,28.707669695409088,524.471960517033,391.4470479653295,95.3601277938157,102.76896883049716,2758.1777657395314,33.11284488919342,13.673416523402802,40.012275640190026,76.2923361459408
demo_throttle_body_fault_689,Throttle Body Fault,1223,2.0668648603503197,5.408918335820619,90.32313493077308,43.138876373691225,50.776265664604225,25.480429331240845,53.685161593600334,77.23172018690276,0.8974929786174027,98.98138085768065,36.917894940612285,45.67126688872904,24.29377845003134,615.4190349347608,433.7894415132216,59.9279302970478,96.32387404110239,4338.197725398269,20.133972391315034,13.846929018964127,46.69353322569012,57.28807836381644
demo_throttle_body_fault_690,Throttle Body Fault,4879,8.436996330553896,2.2043467322401638,67.85994558679565,92.68663467831395,55.84585375063751,78.89078529435264,69.91612369110803,52.26009202946036,0.9507964923833029,94.02573118619507,27.581474711243924,53.215371913535904,4.671245001789599,640.8891724778562,493.90890268441456,30.85143846547993,103.80405587717237,2626.830819316944,20.372698726590833,13.076884610418452,38.596741255996896,63.77794443842956
demo_throttle_body_fault_691,Throttle Body Fault,6932,-11.464072183522198,-2.9227056641551052,81.07175773847987,66.25548945569021,14.077183539524622,30.813316588692263,17.3460076112178,76.78411660019903,1.01186546504524,94.02546943044928,53.86132825053373,35.86373631780319,21.581514537655234,296.72514663375813,276.29586428920175,34.936810509535675,97.14783811555272,4299.7068499894785,9.739225272358913,12.610528334669501,67.10690307690994,56.111622181485906
demo_throttle_body_fault_692,Throttle Body Fault,4241,1.5573835693202576,8.645766143431757,61.420866253272536,29.545089096052273,55.78894449943181,18.407645260370906,41.51236208822206,50.938370177432475,0.8314123700957778,99.49645516422653,72.52837641477531,53.37472182400845,1.3438122133628454,380.1737762797978,400.22217914526516,89.07640374569054,90.95085760124319,3314.8432953050783,25.941327365778157,12.27218133739752,60.7942820314904,73.45778963412668
demo_throttle_body_fault_693,Throttle Body Fault,4035,-4.384550657715389,1.1308265793063663,61.70300920726962,22.057102935124895,84.35535872086946,72.91311510477696,87.94887208061259,69.83641323175995,0.9081303617695875,97.8747360262239,39.81815829003821,19.325411507389777,10.88521503702879,445.8733379189359,261.80494165240475,84.7123259091292,85.16523735017277,3852.570851940213,27.463723809691583,13.348514601289637,42.95950759298459,80.34665615226957
demo_throttle_body_fault_694,Throttle Body Fault,1548,11.301367580219672,-5.80450279214194,27.374498037521352,64.71533857986162,25.319165912951597,75.28055665501323,66.18935384295119,74.5868169208335,1.1683112321157045,99.26092655633687,86.38821953690989,41.75005515153964,0.36023992513946723,663.6679261643003,579.101367138309,97.7939777674916,87.35550375669636,3399.438893966618,28.75218593108302,12.319490236263801,64.76038893690222,76.95451816204788
demo_throttle_body_fault_695,Throttle Body Fault,5469,-3.1443073627101943,2.5296556382365147,81.71383348777856,11.390063989390729,72.21572962789479,70.94005043040383,63.4711978731789,41.856589677313956,0.8301954460687144,101.21599001463716,16.313648342579718,28.38913691390911,35.55201463239535,424.8932927277622,377.36400918166396,97.33705553784043,83.89050844610472,2933.8640473768382,15.341113020862482,13.696578942898945,76.56487013033399,85.9810646299934
demo_throttle_body_fault_696,Throttle Body Fault,6529,0.41192726677384806,-6.953283742350401,33.14423413194537,91.93264665443832,89.1776486623453,32.27253959334179,79.49376816646985,61.72480178485684,0.8561759624146209,99.424913433956,92.84513354219017,29.399479813211755,-7.94752429728389,748.860005057526,450.43237202723145,43.093276784338286,97.67746657606224,4131.840545289946,10.569531430919614,12.389957969446337,73.88603843751821,74.81846423020251
demo_throttle_body_fault_697,Throttle Body Fault,7029,-6.510750868747,12.792559165522228,26.240566549965564,87.34467492484222,72.66157337810911,90.21395749878175,26.023172474190535,34.01801034781257,1.058132347340507,102.3321368979511,94.34024253044515,33.4192930716702,16.80456508315422,361.86448365459114,579.2286689297553,83.73704228929144,99.57028487377724,3433.776220841479,33.714240549987885,12.428658515372259,58.21659070951951,77.73848233791732
demo_throttle_body_fault_698,Throttle Body Fault,6459,-0.804489600818226,5.849072257095464,30.399060330592228,26.18664880930716,52.90151185895933,67.5092840957077,51.275707898952035,36.99570050964183,0.8384084422285112,101.072928094016,49.74748159082798,37.93519783024243,13.572074452324145,407.3657995579584,387.13179378226215,6.350078724999064,97.56717835644253,3234.0567574605093,10.44964718609972,14.087650229905396,53.13319012373734,75.93858551791436
demo_throttle_body_fault_699,Throttle Body Fault,3890,0.6898510533755626,1.6889843731849574,25.40955167727358,86.93977129977294,47.58383078960554,69.79012733384752,91.27910224666134,5.254820595836357,1.0630142584639324,95.06776633630545,46.216855191426944,49.33093699298361,-4.71119094671446,755.0144727417445,527.184480934447,39.49934589171552,82.4292258373789,4084.4223110357398,17.321166240262688,12.609102304127727,58.05103407861253,55.524359824942444
demo_throttle_body_fault_700,Throttle Body Fault,2471,6.403430940744587,3.1035786535986922,79.93447176352846,74.15005092340756,84.97031366318909,89.7193163179896,22.02600478697298,40.13598616031972,1.067254117106461,94.40521847887373,69.52504155613681,18.180687280046165,34.04806990830655,624.7213358759693,520.129619333892,42.890097230122514,103.73654490802105,4488.581680070575,28.255253512986222,13.768231481446115,36.028121864526675,57.242059787552655
demo_throttle_body_fault_701,Throttle Body Fault,7196,-4.555390527059716,1.2223530318445357,68.67644373395896,39.26471993232192,92.56988868570139,13.379597791531232,74.90481104944188,48.27894077167191,0.9707803119901101,94.23008493875409,70.50196774581988,46.54829389837805,6.672044852279235,528.1421778860059,538.9633766880368,36.76452428636199,95.54280413550596,3672.1430604252187,30.73244494233906,13.565175130712166,40.1934992077477,87.7837305300086
demo_throttle_body_fault_702,Throttle Body Fault,469,-5.9440821130550345,-6.432728514616711,26.93045724485575,76.09264345909537,16.766093207394178,83.95407346615508,90.3497276801662,67.57302677264077,1.0118341996177398,99.41856707049682,43.59696540763391,21.092562934539835,34.72680094637856,438.0095366821323,403.90997590218535,19.13247758328236,103.83298147435816,5044.9239806567875,12.230132944881527,12.694010223795328,72.85236789507093,72.32701205804172
demo_throttle_body_fault_703,Throttle Body Fault,2469,10.603771428932134,2.004179384293364,78.16159395821347,18.09318611029302,68.19149628999503,93.85289481747881,38.59632796853901,84.34121027443828,0.9669310621646295,102.74191600638443,63.823223442880106,21.57051786781033,14.036103984552668,303.86980163090453,441.73483289560977,91.53812141410812,87.10844827858998,5066.533000820654,3.497306562229916,13.463141939440925,80.38722113907356,81.82029652306329
demo_throttle_body_fault_704,Throttle Body Fault,2584,-6.667525522192598,-1.4240701734547576,79.75846931034249,12.878667440176336,43.45793406671397,30.94388181544209,79.1766800597441,65.98202113231753,1.041189120056868,102.38402819037026,12.998102457329809,53.292127071939184,-3.364823470215832,446.5684225036084,549.925885806704,34.14762038674761,97.01579812247604,4593.630271828029,28.997704047946876,12.5407530317176,43.55760472087579,57.144875145085294
demo_throttle_body_fault_705,Throttle Body Fault,6478,-9.795150817898497,-0.6755800396267451,47.30178939709779,85.63908873549674,90.37930484459152,78.98683526123104,5.058354484620997,56.122181720489486,0.8799976466440976,97.38172220086082,43.51270497306579,52.888808039045394,21.15198166696871,408.4744249504844,555.6856266913821,95.18654775539227,83.30150073002591,4703.166703175086,7.59141444999487,12.490905108921517,77.24674517765216,55.07582773691379
demo_throttle_body_fault_706,Throttle Body Fault,3155,-7.796200075442865,4.0316121301443095,68.46278309733978,87.64984445423154,79.03458475065938,66.66479087774341,39.24928313788388,19.976517234281314,1.0488458533957425,98.4727281883712,12.014803605324872,53.355789947347546,6.463297915943365,281.02756719630656,674.7775397652231,57.70508798706664,98.12733481810699,2912.198848797539,14.161198590911464,13.425616336646119,46.795341283669316,83.76145675255047
demo_throttle_body_fault_707,Throttle Body Fault,5351,-6.167950245615769,-6.7545923848596345,25.8137255182268,35.371607081797606,27.20631128268365,73.79209010123134,56.27389155511287,21.004203535885086,1.0245258895415814,96.02899231517294,43.29520520487758,50.863698283623215,25.085786097758707,592.528008016587,389.48238668818385,12.45816648965784,98.56487765459856,4033.3040382790323,21.796605943848302,14.052715306820387,51.37108324785861,87.83064869737031
demo_throttle_body_fault_708,Throttle Body Fault,3070,8.56141243043845,-1.6088067994499946,68.12076243922724,36.785452273981605,67.5930511832787,68.06544455645619,45.99144210373948,53.27574051556381,1.0455568687604466,98.21744449420068,83.96335453541649,20.809579284241174,37.07163533381521,296.05643747597503,355.72432371233674,70.83078546543607,83.86912570551544,3207.86643350574,5.389183766710707,13.574785971250805,62.20986939157682,57.64362308347457
demo_throttle_body_fault_709,Throttle Body Fault,4050,7.415681633604358,-4.206933914878886,92.73890185876812,19.712615257814672,58.824965782763165,48.36625122621363,57.027604729854275,91.08435656355323,0.9428614760139349,100.7388973588997,45.271982945796225,42.448179744844815,8.820247130010568,389.0186585211115,298.463525313658,10.175125132087782,103.10746701279737,4628.832873121946,8.573573748985254,13.20537974999118,68.56893804445316,69.4540539821022
demo_throttle_body_fault_710,Throttle Body Fault,3107,-5.828659900322827,-6.686592565164263,61.844105092666055,28.907935451760906,5.276984091397341,67.12373620085036,68.65383736591181,94.61504287372281,0.8851655599821278,100.65622292559166,90.31706819263741,41.849472462010915,36.30446578162392,757.3316729333364,628.747224814908,99.92859087058766,95.76813810477076,3842.050370056929,32.11726890295766,13.77881609872457,40.175267447155576,67.41162851874937
demo_throttle_body_fault_711,Throttle Body Fault,3201,-0.552412468314507,10.499147548812163,41.32717480147626,37.364029522668545,51.690978886616456,11.85075380423844,91.51066783741258,49.19564988823152,0.8885561406505268,96.43738664041368,76.82753723784455,41.45823976660162,13.372797114276189,439.1686563462472,674.314806984076,77.25645402921796,97.79846482169697,3704.201362466529,34.34060527659343,13.549133563893982,54.91036207437297,94.38263379298972
demo_throttle_body_fault_712,Throttle Body Fault,2276,11.388548907105129,1.857802108469144,54.65392497857335,55.66154532671554,22.239260513315866,58.585662098046356,38.29248935231649,36.26944930133178,1.1613621524097038,95.48305089865597,79.6976225684192,28.414337127299483,-6.681841065078827,299.4222783178372,457.42164658950094,45.446090614847364,89.04552482577567,4305.7049350237885,16.98699724724624,12.340814826029197,51.35934616092395,59.18047208784606
demo_throttle_body_fault_713,Throttle Body Fault,6455,7.019301687452695,-4.557367507281515,74.04028228130969,72.6401481153155,82.52502143932051,73.07773632413657,53.19461185350315,33.13508792083348,0.8220921382603902,99.82423733159015,31.074186885336218,27.253703763932965,36.841974875613495,363.6352923550005,274.9199803307226,94.93903951921165,88.73214788524156,3562.2341366757564,2.832721638019761,12.967723907461309,80.69440066612185,83.45480843136113
demo_throttle_body_fault_714,Throttle Body Fault,4278,7.394572258072655,9.150245815767672,67.7859704972139,32.90050563447787,18.675277294568005,67.66058065492834,83.25227994069644,86.13850175787321,1.1229106714760837,98.77539713529927,75.99478721036756,52.275162075393304,-6.925320878071826,477.8071444999322,353.89772060228967,99.6768785424523,102.45045221192983,4665.902067905165,10.355793179415796,14.008994302635747,36.37477068292078,62.7096279672206
demo_throttle_body_fault_715,Throttle Body Fault,3443,-5.49075789466125,4.38534548750609,86.85415971808993,37.04577496311329,40.172414096261235,45.93446617583717,7.42764366805234,82.7572327746892,0.9416614295390253,95.79350608379829,41.827735678995765,44.290844871263914,32.0621166521153,383.3807037834988,339.40196483628205,94.37829678203433,94.11964642159849,3487.5844512781932,6.9761809272443,14.090970862177034,68.80166149330292,63.93329763526377
demo_throttle_body_fault_716,Throttle Body Fault,7083,-5.281988237000173,5.6333381139591685,32.7759954483122,30.668623364236296,15.51017344396378,38.995853079790635,48.757573325285776,45.97564753228262,1.1185156246056631,96.2859584770124,84.83844414995116,51.60054428556568,36.150786752167626,366.8719522647447,373.0455272682708,62.38322773574071,85.09961593051196,2731.177591908346,2.579402421100671,13.351684305865872,72.81987267446937,65.61431216902673
demo_throttle_body_fault_717,Throttle Body Fault,711,-3.804923640576562,1.9367183812666575,30.422228375554987,46.657281567233326,11.12133794308329,87.36747420141454,71.85219300253809,66.78906173192453,1.0657726647811114,96.5666425170617,89.01852396806377,52.14273635415461,26.016485231214617,505.08649939446065,281.673236163729,2.8311350137035673,85.03895532432509,4108.564672971255,27.933478272164287,14.002084944519876,43.2420177259789,66.29664311264249
demo_throttle_body_fault_718,Throttle Body Fault,4364,-11.140589035510493,1.4542300070679373,58.64998904330192,61.800881977220094,55.59569701997827,27.89246778288353,21.685162486407762,31.727814495991876,0.9089752779266139,99.01775280877925,32.73825252558713,44.97095728978002,18.125227711423637,535.4866073987428,697.5951328610533,32.24095353803212,95.97593699127842,2500.1366929740575,25.792327654704422,13.154833465131846,44.794092992369606,55.06193281357331
demo_throttle_body_fault_719,Throttle Body Fault,446,7.6169789592365404,2.315339805379695,71.57849815356968,49.3709340808415,62.536759319295385,56.42013110954542,26.500554015014178,51.68912373215857,1.0052534060628022,101.41260599410036,44.01401204036624,34.13516112335225,37.28260567864155,709.3426589722878,371.45155542012117,91.02930946686672,85.03526643961273,4804.155858598001,6.4163181855506055,13.008646362906891,81.24431666961195,58.979006398641445
demo_transmission_slip_720,Transmission Slip,2499,-7.706002464763112,-14.315999562845336,91.67439653735019,59.43082313253033,84.25769197319019,83.21962477880757,6.317112464662808,28.83566332092523,0.9412917686607348,98.81377640987354,11.467940885697264,32.39177523819853,29.47335368666245,363.13173520348795,582.5871783051361,46.03294093872737,89.4141023779297,3872.485537820805,10.641229269354184,13.439435692637506,53.842273550844155,70.3910115734322
demo_transmission_slip_721,Transmission Slip,6056,-2.8572401914461056,5.475887232051928,87.17380384111284,96.3244743108579,8.912128836312057,90.52966113231486,30.151595245071725,64.82857467228715,0.882933668645308,101.35710264644143,80.77220074043815,54.19863199227032,37.656539259858306,316.4116997324935,562.6632565879142,27.30461771522924,90.51155571262291,3812.470379301706,42.45748955713621,13.56729847669069,52.22028184263781,77.32189336028199
demo_transmission_slip_722,Transmission Slip,3472,-2.223101456215107,-4.803535747377877,75.86031854414296,70.84288772555018,46.67728089328122,51.115091062916015,8.888691237478927,50.05699200382537,0.9424888810206531,96.56546080427461,29.26601822913674,42.011035202188594,11.745850553180652,484.38515604540373,333.2260160216802,96.1863568243617,92.47852404901103,4352.829333861648,12.60819056718956,13.606285704778294,69.18966484427759,52.78694737777836
demo_transmission_slip_723,Transmission Slip,5827,-0.0038009812545882204,-0.3202084532551283,61.391253702242665,52.17313636370233,91.39112580173501,91.08159482221131,68.42937811188989,73.41331338377897,1.1436734469353738,102.67877880283663,12.404728964374097,54.901536801411524,24.339021888592335,564.5175300119813,450.05687765037294,33.638989368603745,104.08420417047955,4874.313618747887,13.028206752859761,13.419822074268012,56.211308475744474,56.365617539763534
demo_transmission_slip_724,Transmission Slip,782,-1.0388578140552231,-0.8762298112860035,31.691897005553926,33.28373493778221,59.63268489391521,88.85145325738306,75.12111778103183,72.11394726551846,0.9388836440407776,95.00536641797643,85.27454655082268,36.53157968561526,-3.376501074604408,536.7849904562461,570.688711626018,31.990002960233845,88.18497863367271,4805.374620510301,6.6038207371794,13.065586581742373,86.29011003758127,77.95044819072665
demo_transmission_slip_725,Transmission Slip,4225,3.7343701902212194,1.4424090580430455,59.503217135714046,34.8647857688793,85.34975122302731,69.03528352949246,41.38909419253572,73.58254078263526,0.9428341128122556,98.69587226602411,88.05067518192533,25.40581885077009,6.40066808770848,705.0848380129405,472.4640457427894,31.78888286735788,88.7459734036788,4379.801378932492,25.024044454752364,13.012665734642173,62.20820628590459,50.872597462816245
demo_transmission_slip_726,Transmission Slip,2013,-0.5853327693154302,1.8065563729392782,70.23137051816363,83.518737578279,19.862849995993972,32.09878665123246,9.553188467738387,36.46740171859165,1.179576561615942,96.96381155829019,82.37956964233163,21.173775415426,13.146768713455973,448.7021753831856,352.72811708645116,37.2506257056864,101.02556222827894,4529.646957267095,38.77336124833847,14.009893213696675,71.20328457145557,77.21423150849814
demo_transmission_slip_727,Transmission Slip,4647,8.334882579356275,-1.7412060062686279,54.16978892860031,62.443135932249454,54.13367671818895,56.11790874038664,85.6625650347768,29.98086727579754,1.1140673484119064,99.02200498714893,49.14414346304221,29.078296748142357,5.98716492696013,466.47033829354575,611.2148245258581,47.673288759227106,91.076673705125,5095.71267241988,31.535199516634734,14.098477536802333,73.2942204712599,63.140152125685574
demo_transmission_slip_728,Transmission Slip,3574,6.62976764938996,-3.7203252559232,34.64995351150771,98.80149126692179,69.83273325162699,59.77632427068663,48.32786751669675,69.02861019697987,0.8656389719686651,96.93502058327525,16.222941568659728,22.662928555633552,-7.018012935648763,642.8288392679442,364.56196732758247,83.20077190696871,106.08869028327464,3853.9887252689746,33.354561693437645,13.120611456980122,90.43429092586624,55.82993933347106
demo_transmission_slip_729,Transmission Slip,3482,-0.08135503712536986,-2.6766945743414565,88.25350081597102,30.35613730676754,79.4943312448538,22.476870282014385,62.905716882814225,45.59590757517766,0.8576591230060046,95.13339703885347,30.33582349241027,46.3661123433006,25.531240104219982,378.45772067553634,479.0530095007739,9.698696267699525,102.31892572366405,5165.934273536542,40.74048000148108,13.971491932780348,64.86726151442426,45.94495483792098
demo_transmission_slip_730,Transmission Slip,3463,-1.5893763234196852,2.2228611962018237,46.99700846173422,78.42700395231965,67.47798129399172,93.83497511241708,37.358021399714204,29.826258337119146,0.9561547393281735,101.04030635287408,24.28699560090243,53.06667541711875,15.577269296365973,655.9095979717455,640.5404392626017,47.88151173377501,102.82742760805174,4265.858080264468,37.43712057092817,13.847806017234861,74.91305605529043,44.3803560825406
demo_transmission_slip_731,Transmission Slip,6461,-2.955860128696182,5.071518435904619,68.38743812055358,98.5492900702919,50.25166667521085,38.793593743342925,46.44527141926965,9.131631636695902,1.0176838653488902,99.99609196506877,14.856797635758413,27.45711015275828,25.174469053137443,660.9232856122553,713.4988426984448,25.322368589075104,104.82878943329162,3861.4162267397496,10.235135815945696,13.65840716235124,69.61838434341078,69.13871042892104
demo_transmission_slip_732,Transmission Slip,6929,4.381643008506645,3.8136603659142034,33.07173322696516,35.08742925923467,19.961331031245976,33.80425643951973,73.89488352663933,15.86681034870616,1.0402728109016934,99.26289463434904,53.431756625055755,35.91716132852178,22.537587792660247,688.869114618763,334.53685364046686,81.41313223715929,89.22951288688104,4512.461344669682,25.45862083563438,12.595171663228324,53.94561663568765,38.22117194486484
demo_transmission_slip_733,Transmission Slip,2077,-4.8361292774503655,-3.2046270475631915,35.88322273882241,82.78342744869471,85.90574489300529,31.316734418010466,19.80197869808378,41.865068805807454,1.1373652724624412,97.59837265007108,14.750266641226064,54.43271943221272,14.985071676086491,444.3383061716376,671.0655633283343,92.74034938726929,97.93608933017312,4144.104426966156,24.305352782486267,12.638563902340373,71.04247630931297,44.865537544072495
demo_transmission_slip_734,Transmission Slip,2295,1.8563612919088404,-7.94505611104669,83.97993285130687,17.752136032589828,24.037059194749297,52.8522672090835,28.18318947700991,6.292868637497052,1.0917247419679672,97.21994806828813,10.949002917787567,36.82694741133754,36.95160080482596,605.6985406829253,333.0324120916322,51.42955859296973,106.03444909786971,3613.9117005993858,30.515728030597465,13.642545979561795,80.9765147698384,41.457327997524644
demo_transmission_slip_735,Transmission Slip,4502,3.0679978442332354,5.179371273659564,28.621941637370355,17.489884103429375,46.18196436197287,8.598380187114241,75.15972659914371,82.92411553732862,0.8248143430076696,101.2901215299452,93.3085822189458,19.12362196091273,25.348493252502358,759.5651578228658,626.674549695219,50.535700303513764,105.6964594414625,4986.658092295325,16.698066018415854,12.64863956415454,72.5519532790033,51.03859253292924
demo_transmission_slip_736,Transmission Slip,4338,6.124929968681357,2.9411146365646745,74.35101504514137,39.818932269286904,26.390037342666812,16.532412170777228,15.12616592051176,61.29303666953809,0.8591741841040931,102.6419136157927,30.12215914508601,18.95477984152777,31.3451672967865,456.4419500081441,417.7643061684814,11.862061181638328,101.20844116437817,4253.46608033781,37.91978118266891,13.461236607260258,88.71614351413452,61.770129793487285
demo_transmission_slip_737,Transmission Slip,2412,-2.745740128177537,2.1434791181549944,57.38146972484663,71.98065927644961,64.7255315802509,5.603325793351201,67.87741448550665,28.59435516405613,1.0150562159200112,95.0019914956977,7.072025141510609,18.5594292246961,-0.7230524308449482,289.5484031728728,320.9028135914685,55.91736053589743,96.00545663145992,5559.571057440372,37.34777440868809,12.49355150897726,68.33873331228644,53.53174425222279
demo_transmission_slip_738,Transmission Slip,6690,14.989267213429805,-2.562925652638034,69.8622800961757,42.138924772019806,68.45410608336704,31.053685879708933,80.19210598037422,91.79348389376231,0.9261051956016022,101.06219697493388,78.20832234719545,36.15824485779052,-3.963623663959968,657.3673072476563,447.4399895869591,20.80712755017521,100.53300465121559,4417.570021929605,8.502897947207284,14.167349258133413,60.7651222907424,56.97149738562476
demo_transmission_slip_739,Transmission Slip,2645,1.566332364360527,5.986319106648219,76.75870657025311,68.3459946855213,49.43776075761215,52.54969925018129,90.93155246962947,86.98080535420677,0.8603139965936634,97.3187684776021,51.509428859265675,52.039106298365915,29.561913154886106,465.5116974373188,667.6567865348969,37.81577956321234,93.42385871608619,4780.774515770959,19.236070192592134,13.44481511984517,68.02609930198987,69.21807300395594
demo_transmission_slip_740,Transmission Slip,6163,1.3984217623604722,-0.3458666472329509,75.7102704711812,24.26671856864347,76.63155332696316,57.467476548088456,18.47664715208733,83.14066281236788,0.9736124534292914,95.58957411332185,22.585672790478533,47.063736791354025,35.042943386909,461.5599626819917,296.2609146413271,10.082307945385738,101.08957018387702,4278.578592238318,22.045259893831744,12.874094756296877,70.48369690354144,62.67262647384278
demo_transmission_slip_741,Transmission Slip,6873,6.088976973558083,-2.1467391263646483,59.39020563606628,51.45517531957074,54.11635232482769,14.960302793634547,18.81744107384617,52.72197602971522,0.919156615317868,99.66128519840213,38.54762444112442,26.167185663621126,22.194160263057103,469.07568142840694,332.5017364344733,80.88089792702901,96.63517423881228,5421.647713417551,12.736037140616098,13.952700469212946,85.90003871075905,39.468380435793925
demo_transmission_slip_742,Transmission Slip,4432,2.151290877420422,16.00121490258532,52.3184158930155,94.94579146273333,68.07387737679976,91.92828898080418,81.16072797678724,78.54182583945402,1.0812276245080035,99.8147131793074,84.81758820011257,40.69616158853334,-4.536733557441186,559.6304891167847,307.30416972991634,94.93010701224266,100.93337952202572,4666.85719516805,12.912845309323512,13.23153409974956,65.07136416849106,64.04160522437155
demo_transmission_slip_743,Transmission Slip,3856,-3.9761041317153736,-5.952607836731895,61.802019128078506,51.552719717070225,81.61392897160931,85.49036072265065,73.33242386975684,33.76759609510798,0.8337122237505352,102.3280236331949,94.28110264928023,22.6997682059328,23.538337094027312,484.0703370350658,328.3193862259766,99.8101310965567,106.66457708923548,5563.478640193698,10.755850174805804,13.183849050645989,89.41406318614003,64.03181316849876
demo_transmission_slip_744,Transmission Slip,6628,2.147959542539883,-4.101471511626341,67.80620237700046,87.37439650302358,5.251426388715371,19.39682098829516,51.61911098047894,55.486789341877916,0.9436068442599133,94.25141031995086,71.9240085994855,26.98822937507029,21.65055588743686,548.3904357172707,458.18551793156564,59.028950327836505,101.90077487941323,4701.71306768652,27.30101728410729,13.072155493714172,68.92151898877307,56.11153735626479
demo_transmission_slip_745,Transmission Slip,3163,-4.350848153064866,4.019182113126819,39.72590498472894,75.23541289500122,16.965722201855396,86.78393804014907,61.23615896949428,9.401061121094731,1.0572395319093715,97.25362835355236,88.67883599425808,52.634793000119195,30.912705565230937,552.567472947497,682.8217380003972,64.98081890728588,105.50258110942221,3836.111718469399,41.16721253724815,13.523181389130935,63.34405261810382,77.90598166877871
demo_transmission_slip_746,Transmission Slip,6730,-2.6849561985426904,0.24489306251661408,63.66368866844301,74.12793612154327,6.236320020684026,73.63033026105647,63.63033738508822,29.728368823342674,1.0680201806851894,95.17810935097249,79.1633478891926,50.05032933856465,14.331938792810874,523.5722406151943,444.94500599852165,34.53339852037999,105.45796557706896,4140.233669153833,21.11400047417567,12.799832592889024,78.89536147487996,70.01138823779806
demo_transmission_slip_747,Transmission Slip,4964,1.0368641437834527,-0.1992986655513631,32.28753959701209,24.416556132420293,41.619346201014366,74.8288660738225,53.74561414720234,9.794865009844704,1.045031229886232,101.15773751999488,40.41210214189067,27.06546625077016,27.14113549706604,291.4749947012442,635.1718712312374,80.42595815441999,105.75971861388416,3687.907875309612,9.310339276184996,13.945505647854286,70.91156175513674,51.87055581866719
demo_transmission_slip_748,Transmission Slip,1789,-4.509820786956658,-0.9886861480905705,91.15582075125786,70.81479047503467,46.80816010782652,91.47928897503398,66.96647725130721,10.126439213905982,1.0612167514527273,94.53726276477649,32.65068945109712,40.78028877490054,1.9183367445957185,298.33080860526354,544.2586968387479,28.585728288301105,98.65928448678396,4048.405715699704,32.45715387715249,13.991402782319408,53.80885132300825,68.81170347455462
demo_transmission_slip_749,Transmission Slip,4153,-0.6920032923935489,4.7481764542652165,50.015570707746974,28.567899011643483,11.771090677673374,74.16378322365316,76.4264785345948,94.71499613402213,1.1564575296383177,97.9117818104634,17.0049213087596,18.39590029672243,16.44980677086891,693.071877199767,383.2357202070394,19.894136798806915,96.77906743541645,5376.4188819996925,23.066953270817784,13.645425811995429,70.35115324768651,51.0372319020466
demo_transmission_slip_750,Transmission Slip,3437,-1.7333240526138862,-0.27659283017623654,55.22307250307802,34.08556828857989,17.52143351753707,5.123272493770854,15.193182476596073,19.81897386727082,1.0683776047531919,101.3612428923588,71.3251099608088,44.75961238648715,37.73874827730947,742.0469148740755,383.66970975944884,14.510074954835673,91.06596475871376,5380.774008493694,9.093873918231367,12.88028833776284,73.33524725052719,61.37837165837706
demo_transmission_slip_751,Transmission Slip,3208,-5.0709578836789255,-1.2007444558891658,65.01852844799369,86.59418853982845,12.61672016649663,82.30689082041296,58.100284469930315,25.063930926531544,1.1719875479312318,102.45760846355947,81.11532395063404,51.72905701769844,9.5785191680841,389.34633877580296,344.1357763632467,87.37599685109173,104.53262697802174,5559.970605003369,38.93008405816388,13.46473182785298,56.2603970383482,42.088444149231904
demo_transmission_slip_752,Transmission Slip,5208,3.121324390930348,2.7055358557048548,89.08622555501968,71.54116574381703,33.107818140177756,84.71836329444952,58.87673313628466,70.98426338226137,0.9587591942520007,97.54195485381995,6.135581343332335,37.90237484193534,26.996653068357872,745.0357665215698,670.4243448857892,8.699109135275496,107.61040240713618,3813.909446901786,6.644571935683321,13.69785967093645,89.85900381448266,75.84066495908316
demo_transmission_slip_753,Transmission Slip,3442,5.598858182406881,3.667338936756673,35.78020401460877,15.307162981430757,57.377217190471086,48.84990585467369,14.835524759273437,46.834440680440665,1.0242364925924152,100.50659179159449,42.27778130300786,29.77904054190227,22.62124311508997,608.4273486618617,384.3971360681166,1.98230822371267,106.91381139485038,5086.101453564262,13.044173378534158,13.33133130198773,76.17769134974705,40.417511175814205
demo_transmission_slip_754,Transmission Slip,1273,10.51274466398646,-0.7880149619605948,38.400955357543324,81.78172786846076,47.351597228012544,62.457087494542435,31.7751380274721,10.211368843065246,0.8793799204830559,102.75733212831386,61.122959224539386,48.75015234725301,-7.010100335504316,647.4220005540963,483.07795060925736,66.53078768711973,95.1641008068155,4803.824536319669,6.42479071151032,12.291177425073421,85.1488020358265,40.35200651541893
demo_transmission_slip_755,Transmission Slip,1428,-0.7988465931369093,2.310508287592534,43.58722339204762,62.41439469667945,80.50252734846543,72.13163714828858,9.196503872983998,55.4853830772959,1.0150472321543582,97.15072160389416,72.82066832315164,53.668209345094226,-1.2294139189479552,349.70752179729385,597.9785689519997,45.44164101662782,103.90437861159432,3796.262980258848,6.594301765688404,13.595868149703282,93.76728632998086,39.076323042715124
demo_transmission_slip_756,Transmission Slip,6367,-1.279011149581829,-1.5519505180312418,60.701525507984755,35.096878641233786,67.40628273681622,30.904756019158274,48.35301110897415,23.05087262097703,1.1181166328956818,102.32888315681298,41.30021787948174,34.60856120501535,37.203448967730466,348.2154288278384,631.9649767114178,56.727860585024125,105.61468841808376,4114.099944136515,16.84631864881373,12.851639896110813,50.731767622210036,42.305394660356505
demo_transmission_slip_757,Transmission Slip,6231,-7.580631479303287,8.228900313769692,26.394196843244735,35.06862826346461,41.75511511861281,54.30085513541452,11.170941787888378,76.13860277342894,1.1171804565509407,95.91844520984532,76.85763694114807,31.372795575326492,11.46306818260118,729.4663620707279,670.2760198416079,37.5110713190489,97.76220611445206,4101.699954869284,25.617370333946468,13.563815805669886,54.07737868012779,74.55316842555466
demo_transmission_slip_758,Transmission Slip,967,4.267481511378861,-12.13317210415552,77.05780063699825,38.181413514947394,51.92897794680901,82.41175932706993,92.13130607812508,30.296965635286913,1.0542009456378367,101.74222231593484,93.93501639586505,20.61658407991355,15.166610427758108,699.3595656829514,261.452737177783,43.72352196054431,99.68397448239266,4605.62964796889,34.31090745336993,12.331044173907962,84.5583358377771,47.17633305373979
demo_transmission_slip_759,Transmission Slip,5192,2.973529533797503,1.8418721320352824,28.004301426209746,96.75232891042432,75.24943614473422,36.303442905411444,29.302463139652684,58.00673556050488,1.175426057016608,96.61150141761773,90.34440050715375,30.224323425887796,24.388497201858797,463.2324917401791,299.1240230439784,93.6189365613289,91.27855989433192,5483.852082794957,9.1322730371542,12.733894889912996,90.52063394256044,63.31725710502565
demo_transmission_slip_760,Transmission Slip,586,5.956753952726305,-4.638193065832007,86.21094473692392,14.48457466046703,52.679992799974855,10.712572324651632,67.55204759608627,89.22175116743006,1.1191839218817952,97.34555042637372,26.321441493178327,22.478017218314672,32.18670341959652,318.93238194275796,549.2614281257727,36.7267469496707,107.91556636741927,4568.528958388524,26.95163798813644,14.035777570029701,92.6640237430362,60.0963678270652
demo_transmission_slip_761,Transmission Slip,1412,-2.462660346005724,-0.49205541696144184,54.918032479553304,15.158382154722716,69.5969486187605,68.02364951245843,15.503207601985276,25.706198746072918,1.0835661472748939,95.34740779835086,67.1841530989463,44.565156074580464,8.2538173732366,403.927287894125,431.5981291076621,35.9196621392894,100.14039611409164,5062.0814294096135,39.47010539401455,12.259984568004228,81.96826852425227,48.50999878643389
demo_transmission_slip_762,Transmission Slip,439,8.12405441161356,1.0427795745247854,63.40715128278094,39.38603159577055,92.32759376180287,14.62308360518188,17.275751018143005,62.98336383694476,1.005147720871715,96.38020415696842,32.38446168116977,23.809862422226313,31.917150389946165,553.3690591070514,372.62390503076256,39.34207577093428,106.13370108609766,5362.366439471432,7.764267644528311,13.508200276559405,56.730731522667845,44.06798471857506
demo_transmission_slip_763,Transmission Slip,6047,-8.12094942883812,-1.2619396385298365,30.788434112576397,88.65309965308244,70.56441975589021,74.81393269400292,76.26337948812295,50.650994456419596,1.1608867514757526,95.80323643582535,50.44685967657887,29.786445455870968,29.831837168915342,319.6963418218131,459.4921039851632,77.34776562453295,94.24681823115479,4005.0001969679424,15.501966191795846,13.62718021481309,62.61843773690856,52.315392454908135
demo_transmission_slip_764,Transmission Slip,218,-5.283774988511537,-1.3490055973630422,37.96971649568121,89.47758092809921,81.02906898666832,72.07020675993819,51.52153772947503,11.283345973158006,1.0761418869000996,98.66507953380544,32.87974332361604,18.367706000676133,2.628253115712047,570.7312852381083,311.6610297126999,65.54187066117123,104.39344177644024,4168.1745155461285,8.27942157819857,12.479397580852437,65.74799303153581,69.97767286861239
demo_transmission_slip_765,Transmission Slip,3956,0.49806556964254245,9.50850522199595,94.60989788417872,28.230958260924346,67.53392926131141,46.9865030056643,49.41302548521383,34.3023263204724,0.9433043973997878,100.08653753557991,60.8722625476415,29.784632113215018,-2.5452777343220516,557.5558179079371,600.1223186838472,55.86217902145098,88.07301346913283,4092.8625761949856,36.143173585400476,13.685096410553475,50.45805111182568,55.22273800868767
demo_transmission_slip_766,Transmission Slip,3485,0.9339558109256463,-2.9999719335015227,51.022467423067496,40.36207758937823,7.5446162934690175,10.165555305988835,88.84152022367466,92.79516618848203,0.8220310121571712,102.10611717708848,20.65640276127388,38.770272590287895,23.19448248232247,452.348181069078,503.3345222145299,62.75421881553053,91.87852598769588,5587.938905329933,13.155273423419441,12.220676929373237,91.54852205260892,53.45249113715815
demo_transmission_slip_767,Transmission Slip,3182,2.7161653972461157,1.4593060178010233,26.808234875381736,33.8111374042136,40.39703083093837,51.829632398005,46.18797981097841,84.11325869336206,1.1480787502948537,96.85439429634144,91.35991344879136,50.002564368453115,34.671201560598476,619.0388235461426,351.20504792974907,19.522779265777444,106.17303126167886,4564.795465862331,40.61869228614951,13.641095758378633,59.350541390742976,51.54467226270701
demo_transmission_slip_768,Transmission Slip,5528,-1.183911298264857,-6.970042224449862,93.51457879526441,19.373225133126514,29.479356945219077,54.231180861307195,80.93884349720292,50.58606828539554,0.8414545769180457,95.14465890998038,38.834903194930796,29.93400492914031,2.105217034243724,683.2617933691795,272.36557452441843,82.93442477770778,106.43360347291527,4823.233151557235,30.014015943510564,12.498035425970963,75.0059804812766,51.132498939336685
demo_transmission_slip_769,Transmission Slip,6970,11.817907269680834,1.361235408137679,25.083332694364238,34.87715123879426,64.0437821859594,45.95365494566076,18.107648645400396,5.118630057496199,0.9173581530651876,98.94153375359615,53.10910086022629,22.849660276761036,20.2300685787676,759.4837015480359,529.0387768801074,52.76381757092544,100.45266247185833,5347.308869547539,42.83997378782541,12.282067031505317,59.01972732826677,39.97785475225646
demo_transmission_slip_770,Transmission Slip,3877,-1.5865632093847575,2.260038985584413,26.438875543219158,64.22921316542113,29.801857458224042,47.35071724469548,44.769732260439426,72.40039436515846,0.9987911563815706,97.79098747113896,70.7249392325919,52.25485601427966,28.520430470084065,633.6241751212259,484.3521573223997,90.02157982813313,97.72626914843377,5453.600149162627,37.1168904968644,12.500520471220259,52.06765560000349,66.85679453524082
demo_transmission_slip_771,Transmission Slip,5574,3.308411945149893,-7.041933708728633,93.33674960121424,59.08627429947649,36.31098803912267,55.84692657403213,7.557057725491062,57.13378111132699,1.1448748738147683,94.03897061666326,81.07734309603049,47.67136908166719,-3.119256029380077,686.4786366984243,611.2308222373683,49.10464575598454,92.90427876799546,4105.010873280489,29.49099701887961,12.692607998750992,64.31564972965461,75.02605253946322
demo_transmission_slip_772,Transmission Slip,6709,7.933942048056969,4.774224430394427,25.405581386218852,32.0037259035386,64.21765666643557,44.44443805434272,15.152445331913366,75.31103174644952,0.8369461122687736,98.89466000970539,55.62178983882654,41.53056882559419,6.518809925203399,291.32845179126986,668.9323115971139,92.9204794828456,97.63977453808131,3543.3447423112093,28.23484640893796,12.831859703325842,58.02936538068266,42.26496422439183
demo_transmission_slip_773,Transmission Slip,5267,6.053105041620757,3.871177207593978,44.64341509848718,85.27823492078706,49.57832366510218,43.488274321854334,18.125020140302148,83.83017138090476,0.839735994085764,96.15578222987033,60.932504816178586,43.98555983638364,28.853202441680764,476.9398247056515,419.50043985505215,28.855161796292737,99.36189342155453,4232.134791805261,18.123769627037323,12.233781706870792,91.72590345183073,37.60555250578322
demo_transmission_slip_774,Transmission Slip,4082,-5.866957523378692,8.779770325042936,65.4697862931208,69.47325218758355,13.735404753151595,77.77826092897,27.509608560434273,91.05925800909834,0.9032948573658467,99.62827974608643,54.07920428109525,23.29481447684074,8.694649719573356,655.0205222746877,357.7905140395897,96.28573148419531,93.90967277295213,4816.1154849081795,29.7546815835946,13.14155648433033,78.83586042329341,66.97380858455116
demo_transmission_slip_775,Transmission Slip,1994,-16.5316322304105,-3.94915665965828,67.46391856509345,46.1760328361764,11.37858504183951,19.372854126450378,59.60336387357251,88.4456503175698,0.8292665974856256,98.89631677355976,27.68552897082707,38.78437650292699,26.48423845575028,633.0175034414046,593.4474669963415,77.8923465939437,89.45221373641915,4570.113451227699,15.47113941488593,14.042541122004826,84.44668576885672,39.62442843641076
demo_transmission_slip_776,Transmission Slip,511,6.12233238769187,-3.932318533874075,32.67712288847363,61.11751316879167,35.71587618571026,63.170630755930155,63.3836054320434,26.65323380156167,1.1028913841101837,94.82136224201327,78.63249839785996,25.84277376744128,19.120647730616025,446.70866891332963,540.4987202460716,26.74178482743774,99.3792734390102,3517.2163464484847,19.97817830468808,13.852778758124378,70.37228980624235,56.468227256568525
demo_transmission_slip_777,Transmission Slip,1796,-10.322938055446825,4.429050697876934,85.69537094066695,46.299220286336976,89.82971908189256,83.92442209918325,42.897900439308664,37.92207871387735,1.0635860868040605,100.79776073806656,21.727541959212928,26.91867251789985,-1.2723842341693254,645.1321015303929,588.624857890379,18.90538143183762,98.73749572308687,5104.902654327139,42.88114650973491,12.557045308262062,63.39051031514633,49.978610696480175
demo_transmission_slip_778,Transmission Slip,1613,-0.901977454293243,-3.5221773970083197,79.63057861743903,58.784829927046346,19.43476083756124,39.95894732074028,17.104477579855953,37.64210011131577,0.9640717462761887,95.00899370462857,10.385008356743784,50.619269939528635,32.83181212345007,281.2378601020719,554.9538843551028,9.367900753897985,104.20283291062636,5347.081023522878,29.664606214809037,13.426310914405883,66.34518639836386,45.72716568260305
demo_transmission_slip_779,Transmission Slip,4522,8.756491211115524,0.8517512996235717,72.05574264026396,52.307820584174664,20.984135542783765,57.94828275103546,76.57950529271561,57.99195155004178,1.0106781081963558,101.62945730317729,5.967984650074696,40.81966222988129,10.845840426950105,372.91175135568125,710.6058110396059,40.381382914718934,94.70525624884445,3854.917723455358,44.91063804981936,13.912102712059353,53.07878642169785,59.32741667346888
demo_transmission_slip_780,Transmission Slip,780,7.201540686120723,4.009462600547368,32.727227493949314,60.133500213786085,86.96080859925311,35.70752140998373,9.572505328578108,90.06864001381798,0.8710477076834021,98.2754680079311,54.020941506345586,26.7722361377065,0.16122947375439445,334.3066626951326,292.1794298828278,50.812654768034484,104.84041553668632,3766.1934198698627,33.02476113781994,13.0252415408472,51.54986651470579,58.04680933020302
demo_transmission_slip_781,Transmission Slip,1112,-0.3769844527278674,-7.607658870394528,49.45261075872098,69.9807086436663,87.6653026637926,27.00901058733132,89.58564220889278,23.38779742252987,0.8454501576004106,95.73430888649271,78.34250295639936,43.06958107478805,36.658371050025835,620.7171090039667,449.8103819168516,89.24309741328761,107.1625703641692,5162.475334016222,27.26558343340404,13.851531562611125,57.87796712270839,73.71505098596361
demo_transmission_slip_782,Transmission Slip,1507,-3.10340316640725,4.6662838411512935,35.110566353672525,96.34729650403123,83.4217539231493,72.38109664082903,90.42073282538702,50.30633775815521,1.139588705080851,95.46538282589542,21.45287462966262,36.956692689434426,7.295444398848117,487.60924864703566,627.1706136982452,5.340747094225906,102.41687668560459,3685.281463752068,38.90004201121681,12.603799613071349,82.3373124953118,60.45081415647063
demo_transmission_slip_783,Transmission Slip,7196,-1.2538547839980834,0.9499354001357131,29.022152138648636,41.80421862217064,23.047588094105837,17.232125355678406,71.46483103302208,24.126349191188044,0.9003368971778206,97.0643330657864,46.63878436595923,37.00737153871891,22.569128366659005,562.490582962205,481.5745846742552,39.39402146374703,93.31572423858469,4990.879488734383,17.700052815749906,13.89916278705179,75.79114805907142,62.259603976711766
demo_transmission_slip_784,Transmission Slip,1089,5.067574317810552,-1.3059094758051117,54.88779173931688,90.3713046194647,59.44162288641544,45.423384415172634,28.59360030650578,27.054000054672592,1.1085163529518849,96.51519469861348,5.516392127302911,18.720043654037976,37.006520133441974,548.7222095790132,484.95133065532184,91.78760691083302,95.03374797980585,5169.494875275989,33.87239251120555,13.154192964643675,84.08380348818241,76.5284706664834
demo_transmission_slip_785,Transmission Slip,3692,5.060529229561433,-1.4522520345744827,82.50180843850096,46.32283655603323,53.996224416350735,25.02160886592788,80.76098856675894,69.90856241654402,1.1632119861501273,98.27726684439716,92.89085114847448,36.90164954003425,20.58541617968753,603.5811711144114,485.2948696312804,56.27801909689245,92.4661412940298,4260.9624220791075,33.07972980368993,12.277977920035868,80.8181772785601,48.062352715327
demo_transmission_slip_786,Transmission Slip,831,-7.778877230822838,-12.409835913331262,92.31784051225199,99.16111303417645,46.22903670663128,41.12765022580637,12.113371075885954,75.0396815414763,0.8785806387566456,102.39743074428473,94.15334650596893,22.529161863023326,23.41827057626454,503.676155952509,508.92709293683913,17.95746796547819,102.47041798889828,3849.886714026752,40.4119991097495,13.107949228686321,77.93419637217197,74.63701760307815
demo_transmission_slip_787,Transmission Slip,2000,4.358177105721022,1.7165843704101351,53.1874353490352,51.59216097943338,35.75057536494853,90.15654427271647,27.7572059732884,41.84116543372751,1.1001606128743873,97.27907505363457,84.79498067943074,26.993687685440808,-6.558137281367421,581.800533880897,493.79659055816,93.30580798908225,96.46264651791924,3784.739541712207,18.189821489853998,12.986423619920846,75.65779980833541,46.80352111683457
demo_transmission_slip_788,Transmission Slip,5055,2.424616497382514,4.120028568708428,70.60986457563419,30.600872841321642,77.11943405414202,29.27035673240531,57.182251415500104,32.02227227594165,0.8442648460222649,96.87696466504927,24.082759464021432,51.02892943089727,4.243457273354588,747.7231272490826,486.479073393438,22.106496656764918,95.82688266331391,3885.205346744933,38.347330153818156,12.43993853861295,88.43522106579817,36.97443308343979
demo_transmission_slip_789,Transmission Slip,3989,6.987257790261209,-0.7253520946063361,72.96858821445161,56.10895578937369,89.54056155630838,37.95626849725842,8.667418415044414,73.54931568756201,1.0286202338832582,101.44691774719972,43.35247148662474,45.312702970188674,-0.1309775171244656,759.7727463192837,339.87760843979015,82.9800627658866,92.24876337925453,5143.266767647752,39.45009668109892,13.953281812419535,70.93161166417977,53.43895784401492
demo_transmission_slip_790,Transmission Slip,4389,5.0902284258971076,9.111191133647916,41.524698484603505,50.1541312782346,38.25039992601083,64.87894031792308,22.68349520172764,41.51767340500598,1.1255435412393366,98.91801109379679,85.64395795923306,26.603515426397188,12.235553483520398,520.1997871336505,444.2610073608457,68.44935623475304,90.9743962318694,4590.740819360901,10.550894019040369,13.458394977575109,86.53091786407654,35.85987300782325
demo_transmission_slip_791,Transmission Slip,6013,8.155067298311486,-4.946355330507063,75.4177947457196,16.72479387775322,41.54187031430864,75.69331080553003,52.89301053597869,72.48615693019352,0.9510435208977969,102.2807891369727,11.961073239756338,21.373083014703507,16.310351625816132,505.99544753711325,553.6950626338547,22.905613473921804,92.52056581953751,5073.130092316378,16.670608028186926,13.654583470320004,78.19110734350151,38.58306759315447
demo_transmission_slip_792,Transmission Slip,6362,0.5864785975765163,-5.896212096478837,25.620330612284256,58.57425155247614,87.20034905960794,58.88531067792497,31.12934635877914,22.509017779981765,1.0665811105677863,100.94128541241585,87.13262884256604,51.511513590724896,7.606887641322935,569.8609271227763,306.69882549513716,9.446255016379745,89.42937133601093,5447.002916784615,11.09729704909974,13.164652396977257,69.05518405095393,48.96515771394614
demo_transmission_slip_793,Transmission Slip,5137,-3.984801590735339,0.20520307844461438,51.61045368237182,53.140965442268865,77.29739475847705,68.08670863714808,81.47856236161616,38.866841173860905,0.8707259900070599,97.60950817539748,91.67536705325067,25.930120980118936,0.03874669680690879,733.2818925563563,696.9646190126979,14.923685442991562,103.38905723102398,4402.459258790118,24.688628640196868,13.197376292916292,92.60834868920712,42.94042791275381
demo_transmission_slip_794,Transmission Slip,4590,-0.4107968014209839,0.339634125473844,70.68745836893417,77.8335588505619,88.3366126525513,72.84515950900753,70.89295872555579,27.840876468887746,1.1774222953017326,98.21567929831534,42.57050920513008,36.56947021125246,10.126596964669439,564.9460341884582,420.82731130111216,23.99448489445959,106.55989803591478,5448.439807938705,24.849816511227548,14.124294687888606,68.29155503315172,51.657291344064596
demo_transmission_slip_795,Transmission Slip,5579,3.2260030319362736,-0.06816282964903848,53.892068209481494,46.630149802841366,12.497333439029042,92.00694961523959,25.516307015789543,49.484035727053794,0.8612596978645853,99.8225825201893,40.17879052229903,46.40348934141982,16.30541810644639,342.1500712887701,264.94063395367516,21.244868230030445,102.48692989640911,5239.8796679618135,18.653401426384576,13.27185014246571,60.56058478017646,72.8590593595583
demo_transmission_slip_796,Transmission Slip,3954,0.12054414864284178,-5.314833961939412,55.59830064332432,99.14551135749791,25.64463463819383,65.34245031579309,89.47071332848908,74.58830494370486,1.0391896560391403,98.56034643006006,88.59329261033298,32.60513458298473,33.458373994689445,486.90540592363396,608.0107109290609,91.57138992674767,99.01285817256439,4150.747681501942,7.039468786346972,13.81851992700955,77.36843651051035,46.31096285649632
demo_transmission_slip_797,Transmission Slip,6951,-0.11136792156748596,-2.611614133598143,87.10162556590132,64.13661085205652,92.8923446452364,83.73250680815912,14.383436445109343,93.29953783634099,1.0175702941611462,102.28032313202175,73.43072913494136,41.95996698815049,7.026929556192725,292.9744113204804,387.2986761233584,68.58203228735955,105.2622981374316,3504.927853942507,13.318950951472889,13.546135430804172,62.47994459009787,41.09322272430546
demo_transmission_slip_798,Transmission Slip,1715,-1.191881506942512,7.757817835448391,85.10295005047685,38.335390052073826,17.304675650199748,76.9239579821166,93.93673323670997,37.435058655639686,1.1315258611263748,100.86290923684776,87.04267652828733,33.701781633494384,-3.3401307781040837,336.8109790551658,611.0712734106994,86.3331839498368,97.14033481874102,3625.0988673980064,7.668241614391587,13.397200700124847,90.41947140945868,52.18209108935441
demo_transmission_slip_799,Transmission Slip,645,-1.4374313487290884,1.778266966380753,87.2830491116443,84.91488504780118,22.941370415246336,65.97887887037467,81.27528672285844,88.72244436312852,1.0323737705890799,95.58320111644466,55.240887567600105,42.63530343135898,4.534496829923103,747.040711420331,365.490075601714,91.13525217310384,96.50361515049285,3501.163746149098,26.731562933999143,13.456571731834693,88.2519875411651,58.24421925422133
demo_transmission_slip_800,Transmission Slip,6762,-4.591239739611423,4.604732215357716,44.00718343805253,90.89727548396445,15.882212513033089,13.773455511202547,53.150818442052355,61.23958050255886,1.0039453002609302,102.36092842401189,28.653875125348776,54.63869780741428,-7.109930615484579,336.8963174368733,345.41110077260953,7.957572705452664,96.76435732858029,5317.281568995451,37.830373075205216,13.689513712095234,50.32601368516014,72.22535915051782
demo_transmission_slip_801,Transmission Slip,732,-2.1499776768353347,8.081258679663787,75.884307912461,25.976892449668252,51.385536282589335,88.35628630514668,28.674376707369195,69.35250632013813,1.1648983741457934,97.24568058066453,39.887030542248695,34.744812840717216,29.215805116794414,490.85666643335725,483.67313976339267,22.23174897702772,107.76690130704381,5373.943723336786,29.0101725211383,14.121120142919837,80.22790173688472,76.241542198324
demo_transmission_slip_802,Transmission Slip,5612,7.600552931382012,1.4048860341521408,54.39120741386344,43.40419336923113,72.89018207456095,61.72930941524237,35.96644397905184,40.80745287974542,0.9670181529880555,95.1369819526214,25.659853652316055,37.888620419292636,27.96404900481098,481.1431765260261,436.3422878095412,65.05161535305172,91.14507727760426,4299.575681275916,13.325449447879754,13.503292468655829,54.944016656307404,54.25638124290504
demo_transmission_slip_803,Transmission Slip,1213,8.980094977254913,6.843138259015279,75.71858934982734,94.85768089124765,66.18905665276509,36.42706714101618,25.85514942629798,10.092416329295624,0.9199315420155879,95.2316381996203,38.23022999675136,43.9953911523464,23.83356511380471,432.71988609469213,493.93409048340044,21.677156980179912,98.05953437068037,4571.17194008324,17.051873556736076,12.718935592481179,93.10127641519401,58.096310977246404
demo_transmission_slip_804,Transmission Slip,3418,-0.56428026929801,3.709664632451231,49.963537327401596,96.93826682668917,20.771756085835182,32.296074019418086,94.11412944064813,48.29977781023065,0.9346267991692815,99.70923028438138,49.667205606479946,53.42561639073394,-4.173027792365919,659.4630018484775,388.3797340929731,80.66693309902317,104.95440681165732,5283.368001849137,39.66782795553688,13.636255013566181,56.26578245545385,37.23181152044741
demo_transmission_slip_805,Transmission Slip,4073,4.003392847139644,10.006140267549535,46.18346305176868,76.79862405330364,70.01991299911323,92.473205100237,41.05157814494685,75.7154894728787,1.0868319894665104,102.89874565518065,74.62537260884284,28.4922576359763,-7.297469640124239,744.7197541498133,589.3917601685837,81.26066279358483,103.86488308857504,5045.098288985655,35.058978743367014,14.058916369547736,90.22089640485285,51.30675007111927
demo_transmission_slip_806,Transmission Slip,3183,3.7439457621790764,-8.408529731147974,83.44856709302852,86.28501039539697,41.3950623106932,32.14504628131705,50.59412999883913,79.92888861829438,1.0491386030837804,95.25825232293582,37.6010549292702,38.55075886208691,16.76007183920991,678.7043296425795,688.7990113667022,10.046309417525578,92.48815180691777,4323.529512342785,16.855923258041116,13.016580989916886,51.79173405907021,37.83857061700105
demo_transmission_slip_807,Transmission Slip,281,7.130053228848716,-6.0235139729144205,82.68525783963247,37.586080162273156,32.83010328999702,14.067232531412643,6.193704333514884,36.97597476008467,1.120728486265834,102.27959918084255,10.54270005172966,19.143598360807523,-0.6951714740046606,647.819108169134,354.2460723707984,23.081037439446593,105.77885395782579,5337.392981392923,31.811568776806748,12.528027560962958,66.77056434466917,45.15562846484153
demo_transmission_slip_808,Transmission Slip,7045,-3.9666223013623223,0.6650949784183504,87.85690830349132,51.6543316465453,76.55052690454535,9.647384768776607,37.45230683174939,6.3302852927592665,1.0786545033168338,94.71505873208066,35.445721192380006,46.92470118363585,26.452458007914046,587.3390177789645,579.2494938670388,65.12313251035728,100.82551918013661,4234.274744086939,6.126628163074224,13.08365169963156,52.00022466997517,55.1612979903166
demo_transmission_slip_809,Transmission Slip,4856,-12.070033437257216,-3.3284254679266105,79.89831412584303,73.3788407719388,55.358558663084985,88.33177221095185,30.846840188918975,28.582899931849415,0.88603689359886,98.8999580900353,23.482146442872246,50.149136400859874,5.998249442254981,515.646884913309,503.5749518678747,30.764654743549848,102.76839242139377,4953.353166090888,35.43244112884978,13.411840939581987,70.24802085943462,54.3034351513282
demo_transmission_slip_810,Transmission Slip,4379,0.16562938103225194,-3.355891535220893,36.45697834554241,71.16674106892421,11.923227431131387,94.14609447924336,17.93638194526541,39.46805565065837,0.9056010278433813,96.61592313385458,34.02079243736581,44.57845564501202,0.1304665651046477,406.6511402460832,306.5548015244043,33.145999871407675,106.82483486721044,4298.228863635009,36.093532161861305,13.123407876000188,69.78238610972939,70.43075059214684
demo_transmission_slip_811,Transmission Slip,5176,1.4677727092791106,2.607180248820849,58.96459161201302,41.60144666656532,86.61514558630108,35.58734165961819,92.99276195775765,89.27208493546593,0.916452356398027,97.06542447841314,78.09507914153463,25.237573043794878,25.66977194729003,341.9925505640912,354.57854230314433,50.050580958866774,102.91763453632846,5052.800151457483,29.35689088986981,12.744225347791811,68.27662602231045,45.58721346311889
demo_transmission_slip_812,Transmission Slip,7002,3.036027979532387,9.29946307409155,39.53164219858161,13.831256726568782,67.32091866192465,6.962576054523826,92.37063360731617,36.525695922200356,0.8223692940349057,101.96126780273069,58.982408000314514,48.24351490911725,12.011136919254412,450.00730384668805,561.387143802048,40.600087489112845,99.12417196041842,4083.428044040962,18.305816269231002,12.364381526443442,84.38036741560808,50.00058555987758
demo_transmission_slip_813,Transmission Slip,2037,-11.804099321785705,-0.2684722360138469,58.2536876188668,37.4978980484552,67.45328374241063,77.75293276583785,48.83096574660898,38.023480166559075,1.0881104748629846,95.72309539657623,58.95197043909188,45.144105030098025,4.3864021234373425,594.7356832547293,598.2040267399859,11.74166294840725,94.4781496867834,4353.242700661795,36.038295882395914,13.33501026582508,69.78070481802406,48.70721529284853
demo_transmission_slip_814,Transmission Slip,2972,2.4032628969416896,-8.903269885573401,33.16834240845648,20.762793732499787,59.24656616598017,59.490979089817515,9.02948984936087,58.454172662037195,0.8724946938521325,97.39503161326516,94.07154737008241,37.31419843915661,-6.427351385332125,446.8759368060199,568.6131530649125,22.459788463509,107.28898473917153,4393.116765570922,5.843492269708421,13.281132329225917,79.75234347151164,54.60762061322463
demo_transmission_slip_815,Transmission Slip,88,-5.502078906350952,1.8342388091303796,34.72720512069305,17.195335061001117,33.10780976877112,59.731939604091785,59.14357828838056,29.447878975252088,1.16239619683972,96.7659854504398,77.37794924910406,48.78326668163396,-3.4719891293422442,391.62539784680894,358.9880936571121,91.96513167747996,95.0220984787787,5256.589800122165,24.120720087090998,13.11443808838804,89.75053973410274,53.95876050936036
demo_transmission_slip_816,Transmission Slip,6269,-3.967446711349343,9.362738891119106,28.71663561482137,28.741615928082812,70.00412326043936,38.62847480904452,45.86968232487728,14.168875866579343,1.0442935359237013,101.23103389361756,61.22149196039258,54.43072102753633,-7.248295990426326,287.5215170802502,490.00257743291854,26.640805887705675,101.73020810702008,5165.7413224615775,9.097436351319988,14.03467640549247,51.31660926346845,64.60136889516336
demo_transmission_slip_817,Transmission Slip,5378,-0.856519381885029,-1.860716097669374,31.834542512762756,94.33722874949099,89.36675058560165,51.74607327585006,50.862608065863014,62.132736903233386,1.0288248221971135,98.8919191014476,58.027203399733985,49.76931637061077,20.109071860716075,374.00049030243747,680.3995385744358,21.59606185828458,91.3032338958205,5593.821441034109,13.53666777812113,12.400186717318814,74.72831727824922,70.56933097802471
demo_transmission_slip_818,Transmission Slip,212,-6.299411233145618,3.765830307907999,55.008378252249805,40.95641158932925,17.341647631975082,88.79189210871942,62.139828150712745,80.87506705203864,1.1461400305053435,102.37166797889638,72.33031547324408,29.3570876636653,30.130900467346265,529.6877975113936,384.96080404031443,38.57738099939198,94.02447061546218,4479.028484006358,36.25340552483649,13.169734683685066,61.78577743600319,38.75833221119832
demo_transmission_slip_819,Transmission Slip,493,-8.389456852596052,-1.3973373421968533,55.93457817622324,78.73494132093147,81.47538462783287,51.00304171772034,61.913105042772834,26.52410304850852,1.1566244604037694,99.11129141255567,69.76444014456736,22.22588301104512,21.29836380845496,457.0958955536959,467.02896858210545,68.21620323424028,103.92655086416889,4233.667000503567,39.92947408938523,12.637980608383389,74.7675222635552,41.50441565439378
demo_transmission_slip_820,Transmission Slip,5838,-0.6738409582185011,-0.7128811898300385,89.09278320518128,39.55618305224741,67.62158778893755,13.2546464990751,62.71443161029775,86.85151517886696,1.0198726931439939,97.25909348455129,76.42198580865744,44.37084070174893,-2.586142197590922,599.5367377007856,565.7416891990447,75.19211673596979,94.32613730280514,4342.683761445672,43.401522261432476,13.346913841555585,72.37421899231836,77.4345367646902
demo_transmission_slip_821,Transmission Slip,2125,-9.893437345891325,-0.4253735633261194,78.19184931170523,74.179052315744,92.00305787682939,63.887030672277575,33.17854759238173,40.78867703492074,0.8522966526460443,102.31348232489871,16.580122047157314,38.19103779082856,10.464175732403525,344.42733425571396,394.7764366674071,63.356901590412505,88.62502982221731,5528.578020037715,41.36382471880202,12.369202892653005,88.20755612757117,49.12856239757461
demo_transmission_slip_822,Transmission Slip,5434,3.070938286918804,2.344092082452087,71.60820165175457,31.470364060334987,69.72588289132177,68.70390030594851,71.85752271562495,53.65910008973657,1.1148204347634532,99.77225996161222,16.28592887699532,47.979471546947394,6.893332832045459,618.4166647347009,570.5605848022306,33.591252103670996,91.23367316977364,4959.411984674751,38.9609341231764,13.87646263386907,77.5662130421201,44.778512598595746
demo_transmission_slip_823,Transmission Slip,541,-5.503771799469547,-0.14881309805217566,53.759775079484946,75.92476766213625,32.85049933338131,5.568642188305876,59.314105819069184,59.08247195948606,1.0459196858007986,96.41367072191633,77.996385528043,36.036273036723514,27.069843813302967,573.3248629006071,451.39257480906747,67.9626846640612,99.49954712024112,4572.493380135564,30.942421036772277,12.371877952733858,90.05148793163886,49.408527981541496
demo_transmission_slip_824,Transmission Slip,1827,-1.7364626219890102,-5.234574549189226,94.7038736240742,47.84432874070987,31.6961967796829,10.585856536346618,8.762375962743812,13.562650502633115,0.8218118183723602,96.94380981465346,32.94089600907253,33.9133945812278,2.714454469090512,310.11575581317754,292.7347628583564,18.214637530518296,94.33179053738229,3810.783305452576,19.604712944577173,14.044440306724395,61.51053241930314,42.24117063154382
demo_transmission_slip_825,Transmission Slip,1664,-0.5463817423647279,12.79764228332854,28.307781106648,80.90265980497499,69.38086746683985,92.95685255663071,89.4475957606066,57.58234642627196,1.0669676656890204,97.68556141588144,84.96204678761418,38.453926532375874,6.975361011412092,284.55591611659963,529.7668918894199,52.543389051489456,104.23754355726206,3892.7097152439364,37.61605071389365,12.230567220511126,75.84178861878823,52.06465325352988
demo_transmission_slip_826,Transmission Slip,905,-1.9245165358438967,-6.829599121224517,37.83979571699826,82.45961956013046,25.498247020758264,71.32747950467294,69.02244899983691,8.006037413630223,1.1371860712675161,101.10419617084042,76.64605244810458,47.940068932104,18.797448537452933,756.8228161061259,342.4099846196293,7.233593094167478,102.08334944758843,4117.268198530941,29.329328957202108,12.983403225877684,64.67506297404415,73.4096908575795
demo_transmission_slip_827,Transmission Slip,2427,-0.6490441304802009,-1.7602911476591852,71.74885970090565,80.43409114886168,79.89930427864293,25.80347447080267,84.39020764605085,59.859559078209976,1.1163586308090556,94.61669746182898,37.120490238687935,37.41996742615475,18.540023498785153,327.55434595537895,507.78279251700076,66.54864330930246,95.23190171529345,4551.552412989325,16.702656865762396,13.94100054374397,76.36509069436116,58.70477753384351
demo_transmission_slip_828,Transmission Slip,6339,-1.9688131670395157,1.215921654456667,69.92271568357646,96.54611109878994,7.120243033456869,61.39319063098948,19.11514647978044,78.48135599597504,1.0506464306708525,102.4329054367261,65.26200758876868,18.637099046832855,15.476276842438377,713.7606705357546,366.8593819188114,8.289640417988487,102.39775738443683,4555.267990572152,6.903810455788064,12.759830464878847,64.37694049629619,63.71804355346258
demo_transmission_slip_829,Transmission Slip,6802,-6.744621607312613,3.789542210164753,81.46225897162043,35.05753886513168,65.53154674177782,38.080157434585246,42.65330427919439,55.031217185368476,1.0704328497288251,102.50675734809437,29.211004630244567,21.83857312675679,11.724428442939768,542.4236794324829,364.8816578580427,89.0495773964752,103.97694031759114,4536.6942182286075,23.002557321423545,12.281482513409225,73.62314824215616,60.61712510322715
demo_transmission_slip_830,Transmission Slip,3005,0.1471015172305622,3.3813821372754505,37.603983085634425,24.38806766710878,89.4681386650005,76.40503316243665,79.22895136880483,80.63901669294086,0.8544284713323731,100.31959170563451,68.39030412698226,26.31840319343756,14.57062543100492,597.9668243768726,672.77476097981,11.042551092998353,105.8438630801327,5437.071429847063,41.94439339296189,12.209669784210355,59.72394600121203,64.72354514909097
demo_transmission_slip_831,Transmission Slip,6426,-5.124322614972399,4.303773239576675,78.40594563844896,12.573297321857813,45.14191951389295,90.28184816799401,44.62095437276763,87.06985568625258,0.9672415285345193,97.12017498191764,14.66445223391211,31.24936363400637,7.501378541003097,686.3445692689528,683.1609801393536,2.1930085753329887,89.96512821094001,4850.779780889385,24.389715523619774,12.793757270094192,61.43591062751843,44.661007349300654
demo_transmission_slip_832,Transmission Slip,905,0.8814885835552917,-4.959124285166523,46.02716055235118,48.414830611201346,52.43469780578528,24.022364245488408,84.53323826813319,66.38839296604405,1.1333066831450798,98.27905544737811,43.92144121904687,26.77427503483824,17.062656615543126,564.7185151925952,453.16475343924515,14.538256031263897,93.46208924591207,3529.92816998647,17.765550712716568,13.361517953248413,92.05128830482823,42.649562244745425
demo_transmission_slip_833,Transmission Slip,3811,3.3166568917252466,-5.292710970166953,35.97583887180222,72.59670972046506,5.517424807399907,93.27803830455916,82.01000077361158,49.16035328678408,1.1515391991304864,99.6525339939155,94.43883890202525,28.297329452150294,37.85768256040562,366.5187002185947,422.57244911395856,93.53240803400945,95.41084570507437,3940.65639184672,7.379484218929164,12.497916419444213,65.62983137413218,53.11297825615448
demo_transmission_slip_834,Transmission Slip,153,2.28628852439698,0.6904884332269687,83.87812918614037,61.952440872079826,73.08302524560519,73.12812986367719,86.2882411376557,13.404218795091335,1.0257455038083056,102.18126575555338,69.72856826343973,21.573641725371903,20.242358300468815,663.9428364164535,386.43642170062145,63.249323501671384,104.80824442788288,4600.120607407125,12.767488033817024,13.299364244233487,75.87217305881774,52.322669206064575
demo_transmission_slip_835,Transmission Slip,3933,-6.447055699975751,-2.244799454004398,86.41835613581318,81.24629207609637,77.4294679264235,52.34690347459569,22.671303853160353,70.19796371974984,0.8448116865685953,98.65817442537688,9.768117333336567,37.55149143220943,23.552419779929643,481.21515828126326,451.77545661498743,12.279385027416033,94.03699210596719,4432.974813228514,39.54248554520903,13.995959804678153,91.95752448833375,39.31133897644726
demo_transmission_slip_836,Transmission Slip,927,8.919379523918941,-1.3027476039587185,74.19589427196453,80.74146597570248,49.62864290541385,55.09258399642054,91.45136201463903,26.602545181072628,1.1093535074383027,100.40636230921709,17.608085305529556,52.280192630569864,31.346383181816627,654.1622333904286,318.3158485266373,13.967053109285043,101.66396916397149,3725.2670318761075,9.532624236113163,13.000558933908218,50.23662710612736,66.02378632108778
demo_transmission_slip_837,Transmission Slip,2174,5.386298332539582,-6.42312559807424,63.05079239236398,14.867908558923517,11.362649539840916,48.691957113630856,49.984092546408064,35.5095295603883,1.0438377249922595,97.48622562389312,57.82645211116886,30.942042683786468,24.888480374312877,558.0573363805925,333.6200315474247,68.62688551777198,103.67871845066917,3638.3355427077736,29.398423812024383,13.780859312026145,55.04472750225855,73.77105404860635
demo_transmission_slip_838,Transmission Slip,2745,8.50030585314483,1.9760392450792572,94.27460056091982,62.55325576281608,68.38465356528388,27.65297067056779,31.10417349668481,81.56924842123354,0.9633678053148422,101.40190558985233,9.55371330846075,26.07537660633776,-0.17567190737296734,532.9923854571796,297.0440518760496,34.38704374213081,107.72490219701193,5167.855987070781,35.42365651679845,12.470229398881084,66.04060068960858,64.26528276535191
demo_transmission_slip_839,Transmission Slip,3021,0.9809816765066914,1.94507347356746,90.0012852455942,17.410582620964707,86.56334048354003,22.506946206893243,22.01965010097181,22.589236288718883,1.155252189629156,99.43370494954297,72.57100507671858,31.557081425132843,32.16954305476314,559.32982523917,535.924069275009,75.23210520781373,103.47285246678324,4931.913500331209,9.756397343835012,13.93345318546645,61.47956110775161,77.83634880874554
demo_transmission_slip_840,Transmission Slip,2164,3.553246641496453,6.180399541638866,65.1473970520488,45.230161438217785,79.5813520072299,66.39856658784286,24.210550904367544,53.49679744669659,1.1035115200713643,102.02110376397309,40.544990141723744,52.20519464560324,-6.345404857504316,604.8117770462889,619.7129826274081,42.51413806420554,88.21948951837652,4942.773836565902,18.70256970151964,12.503625909385027,56.91278616669565,68.0740544007468
demo_transmission_slip_841,Transmission Slip,2812,-4.6181994020041,-8.02156402900838,92.9272551759591,78.29368280815075,54.24742838432601,52.54478173617797,20.059469739195535,45.17812175137465,0.8721638754062807,94.75223903707939,14.822351236331107,40.44461279611579,0.9034372070453891,351.68584719572027,658.8802425646142,12.201296323445288,102.11270227817599,4375.700550509533,28.163189510598375,12.246710828994015,50.00084653872947,70.14168739281375
demo_transmission_slip_842,Transmission Slip,6998,4.216774733732502,-5.062499602747428,60.44481053755499,22.19441291622998,54.170415479978395,52.58756478535378,59.255164970980324,77.92356247298947,0.9686003728192702,101.99704025614064,47.72063776189442,34.914511675929575,22.16154212658305,576.4101833558962,265.260071829106,98.24305902241949,106.85387172288935,4090.700479242767,27.34333360663008,13.740970347179298,90.50058426031016,60.193985525353476
demo_transmission_slip_843,Transmission Slip,3454,0.9897035164639101,-2.986165039570004,31.515464822932724,70.40599961838399,57.86848418275704,62.660266512332875,22.033192908686072,49.42488765307607,1.0424644460080223,96.70263620272746,21.346093528114796,26.239187338793066,31.46876677904985,502.9808897416003,564.0937534092147,51.48888641489952,104.68254503748165,4567.839221009301,8.733012516865228,12.595969387066305,50.583678267568935,70.75554417156829
demo_transmission_slip_844,Transmission Slip,2785,-0.45369812868054915,-3.3405087978812804,82.7135782115688,98.82725528055276,63.81241969195156,27.70390426643948,14.125103798885974,58.07731355551873,1.0974725420610925,99.05414542781152,32.31992912494546,44.630189372512234,12.606734819204572,417.56276862031564,646.898864491229,57.6518781118207,93.6689599577258,4190.0691020697295,27.866604615390447,13.045847187983904,57.06284119791365,61.25020709285944
demo_transmission_slip_845,Transmission Slip,4795,-2.156134891854993,-0.005629496983160024,62.58085212653678,61.94453318943101,34.88576488060713,35.48581331343205,33.58929940963887,45.07952614951873,1.1122983563893478,98.22123460383636,94.42838360129547,31.917870966372817,24.16606378369604,543.5035222675665,610.6527657163747,88.83645690097633,98.23366586240635,4538.406339275158,42.70876119574079,14.067319145260027,93.867856102102,41.72846435737518
demo_transmission_slip_846,Transmission Slip,2216,4.571784814102215,6.303586414895561,30.09992070901599,43.624146895604724,57.3313529108842,24.129268254604916,70.80277980004125,25.658388947817617,1.1226419254769746,97.13446003910161,58.878360265739936,38.13369826270022,5.636548957969774,490.75437942849095,649.1476222704089,54.83442856258971,89.11173921654675,4997.36781093478,12.298099911847746,13.172125527013694,70.61571075111297,55.918937927661986
demo_transmission_slip_847,Transmission Slip,85,3.401319674368004,1.5976748737124442,28.55148309032262,47.34610323588024,60.92030545575939,63.86667131383558,10.809320329357295,15.70001944684451,1.0581424403186332,98.78068884598058,80.00708074057165,25.59026018693065,-2.464254771486372,453.77159014592655,553.050882096905,48.59672413553534,89.97186532195798,3649.713386745491,32.107745086354264,12.793936422833447,79.4572287247566,47.6813399722962
demo_transmission_slip_848,Transmission Slip,6044,4.930736543598522,6.0056780761812325,26.124920306549253,21.452719047547138,80.26611628475624,17.434556065446902,30.262720274696584,28.650647144989318,1.0709148096128374,97.70081060235842,80.65290403678904,45.65480624234574,16.430661235559548,399.54965229715566,624.5126523865745,86.59905540945067,104.7256502221721,3608.5989119841543,32.918347314217584,13.607877272564153,91.49532375543153,46.32956976934844
demo_transmission_slip_849,Transmission Slip,2307,-3.534157415946514,4.165299738050208,86.51088798322064,72.39772272827108,81.72090830601009,37.36178123332951,19.186197865889213,37.70168311813318,1.113418607984288,95.18484979910761,62.41506613655701,54.53957404183134,33.17068428659503,602.1679975978961,624.6099503409546,11.647645406562168,97.9766752502714,4617.016088873283,36.30783038503693,12.765186691423132,54.68535260343599,65.01889523124818
demo_transmission_slip_850,Transmission Slip,5132,2.3475609314047734,-3.8761735316704233,84.23895454318303,55.70515016365771,75.44286588406229,69.86706610277899,28.94742863421176,32.84584925783367,1.1437103881069226,96.07906414867004,67.77505006348474,23.36944488390027,26.737285077465124,387.1791277980767,533.2700714656054,56.42434877370377,92.07028506067033,4531.946974363948,40.16992101771683,13.561058696304052,93.67679356036331,68.73583322283646
demo_transmission_slip_851,Transmission Slip,3577,-1.390261298721114,3.0970646947735165,90.62000522201097,57.43120936172761,41.240549357223756,80.10442214321931,89.62199770283165,48.10252027101541,0.8694058685005369,99.47535536390951,71.67940357361584,31.824535077787292,26.40242744797309,534.9046444682997,398.6238199885062,62.952122844282755,95.7789513103277,5152.333558306027,5.123201116674343,13.836356231906622,63.48931221135345,76.26394222963916
demo_transmission_slip_852,Transmission Slip,5192,-8.932971368070183,8.221553106117081,59.97064143977052,57.063141753813795,86.85663206844788,87.65627607336069,67.71942537949695,93.06046756060283,0.9383933114514698,96.0910292596174,7.6331049302485035,30.814762723678136,19.721133792355904,426.5819439599827,526.6253182807635,4.838575216386765,95.08182129292462,5070.810303609458,9.173074407638682,13.62967491131103,83.58568897241751,59.45674489202557
demo_transmission_slip_853,Transmission Slip,5480,0.887091329711643,-6.476738354327912,27.42742380675983,71.11747216634866,26.34570522261765,41.73649781043448,61.08388542587293,69.10450432929288,1.1224687347068594,100.34848226455233,74.965909447698,40.16563437629823,-2.615282148805256,290.2865511449408,503.7002025039035,71.55410479518,90.17731176882714,4401.521490538792,15.247095870225792,13.334186100273815,67.18212110664844,43.663102518668296
demo_transmission_slip_854,Transmission Slip,6140,-4.229675681621989,-0.9187497693528696,90.04463581024214,30.472841339769605,51.10295593672699,55.98468810269163,63.43048911730874,34.57097157870068,0.8558134550163918,102.29220616164018,90.7479885968235,34.214552115136065,18.706448248221207,293.9326687740722,281.7191949129804,7.6667415826581875,102.77492629697842,3977.1924312876345,12.377888918975138,12.216670665513568,51.00749194803791,52.431501350404695
demo_transmission_slip_855,Transmission Slip,91,5.139459912197843,-1.7366193700978327,57.05378268266405,51.360514492855444,72.78279667396494,31.061312114010573,26.39460362080456,81.88917692286478,1.0681349707777905,98.29179804174584,29.786434298060634,23.053527324408883,-6.278624949501083,689.135371835796,532.957330642708,4.582949291187932,91.1717479578951,4087.0849631217707,15.522863508552561,13.296781978442537,67.57551942022207,72.93531398326456
demo_transmission_slip_856,Transmission Slip,3651,2.2881962268652742,3.580272258497904,89.49583934454189,98.2010305259888,33.05267942535163,23.871254346829396,19.863712599416882,61.527961851420585,1.0651480113435041,94.79053744789582,78.89644370593707,46.97346166339463,20.909800927466286,489.0939901454241,330.6823526529581,50.55922709318871,91.18338591082968,4770.45544868676,17.398589212922765,12.694612524607592,69.40626071801866,59.97065041112258
demo_transmission_slip_857,Transmission Slip,5196,7.484069262714021,6.404163782566016,25.412834514752117,92.15749166029097,5.06156445343737,24.50407447970816,94.6716102369106,70.52858381423205,1.052019413817043,100.53483592769858,41.7466568317437,47.015760059072825,-0.8760704857591408,661.0683459498871,692.1822727591036,85.76868505065582,102.79321906606786,4867.892357639522,25.843686612865095,12.990446559072375,88.08875799783294,62.8407187098673
demo_transmission_slip_858,Transmission Slip,2086,4.257206284317463,4.530387866880849,81.91834756530757,82.96319554700142,25.56764719900882,8.39044309207069,69.23371599768168,22.988446558674447,1.1785678446595838,94.08264200718396,25.681278312409162,19.556308699082415,28.002163830710096,557.7738362434688,650.2798858911206,96.26133706729274,100.20229720750808,3986.682357597825,8.705977631904403,13.932522089959,60.784983220818276,73.42128366201732
demo_transmission_slip_859,Transmission Slip,3165,0.19222506187137267,-0.2843007354745963,67.27970744026118,95.57438216741993,73.04135916064538,66.49535940625165,44.21666768166303,48.55986011631953,0.9600115953994006,102.51688918323937,62.43072918739441,46.87345274577978,-6.288812186202673,689.1646250280846,452.11361682450706,73.71603748161634,88.8005062964155,5377.1336849005265,31.39382358396778,13.115001581742654,63.35655635644511,48.37403812529487
demo_transmission_slip_860,Transmission Slip,2158,0.5138262459370508,-10.756035020561537,56.7440447893848,47.074299336106066,68.27848137361568,42.78333764105758,13.010334515025857,81.68536600823192,0.9730363114530157,99.89757088857337,88.69067192212576,46.394358806034774,16.784748074197374,541.6106834443797,650.7842770620471,82.36322930908064,91.57305464254847,4815.652271188717,39.628626337404455,13.806614854018125,55.48750471774088,53.734791360477104
demo_transmission_slip_861,Transmission Slip,2226,0.5399014728977762,0.3031504486563904,72.56495698852905,52.86038433051963,31.775783778766908,35.31780730707017,82.10015195059815,82.95798249358297,1.1124552366686216,102.22481939064643,90.70758578133129,36.19763269885663,-3.5516333719153126,664.0340835086986,551.3786870670491,38.051719022960164,107.51066305247774,4211.238925677637,41.30535914664408,13.385168896117284,51.612247299338925,71.99440964744636
demo_transmission_slip_862,Transmission Slip,2495,-1.998467948766948,-17.92490280460851,40.31848448591321,29.303751627941026,7.625518555711351,18.872371674832195,35.283313786685255,53.665240670764696,0.8670910806991798,99.01814962246031,28.698810909061574,27.396561622867388,35.605433540693454,756.3253810424643,633.2617544364266,5.439198073340168,102.57263421087457,3874.6940367764673,27.768852548835618,13.987427258418176,66.72860779674245,74.94019245789102
demo_transmission_slip_863,Transmission Slip,5502,-6.171390890691899,3.8657946362676583,31.644203921560795,83.38161562915215,46.225346764369576,11.542413934397072,14.281012142154681,92.0265243705932,0.9074807036184038,102.69932060071642,66.30436217281135,29.11817076766076,9.651482215200023,652.9784531718406,460.29089030568207,7.475077766428628,92.59628259139375,5306.724443294172,32.846965479126126,13.202032222349532,60.801809419087135,55.40739644886987
demo_transmission_slip_864,Transmission Slip,4592,-5.982926385921671,-7.650163646138175,85.18337807012549,38.61692045634064,83.3519042493995,66.35430769129667,64.9718984389396,17.573879204980692,1.14612207065385,98.05307617229238,77.29049825058348,29.08238024329815,6.168168617714905,743.0508063913178,488.4635653451792,5.9890713383002225,104.71413294064101,3977.1830469344513,40.150150112361004,14.032879755947649,53.20170458247214,60.04445678569855
demo_transmission_slip_865,Transmission Slip,5692,13.034570187147324,-6.314168648922315,61.767030024029665,71.24438757423121,59.38358316431672,23.292801161573262,63.769781706941416,34.98270651507319,0.9416698945104969,97.77989344846469,81.69591950039472,26.81879555319058,3.5364166702899418,283.52315853114504,331.3031597027107,97.86792874049365,96.67739891012951,3909.8458538597747,43.627272430277706,12.254235736073884,71.30332101216278,69.59789183198319
demo_transmission_slip_866,Transmission Slip,2488,-3.966465190916571,-8.441968780757916,68.5602026052095,70.774859453434,28.9494334064963,77.96609492286072,55.331375837786126,70.25702427548013,1.1582464635590912,101.69947545601475,75.41037234742461,28.71700372895672,-5.512176817726595,555.8293422349199,275.87600448091996,71.41897742187122,102.73643342592541,4682.113648601187,11.726076501653715,13.951442869136752,76.22053420820997,57.140353853186724
demo_transmission_slip_867,Transmission Slip,5577,-7.585405127985836,5.8152761857654784,76.83059383172485,15.469802550013963,57.054934266431744,20.233137836340894,23.693174506970053,25.99288256370554,0.8251500298558451,102.02654948002309,77.38117443408716,19.15759856365799,-5.3786399520245265,655.7808867888134,263.1295122820625,46.899891370814814,90.14594508588615,4742.427676738972,44.93361671537629,12.544043031082962,92.09408928381339,72.21557738924564
demo_transmission_slip_868,Transmission Slip,5605,-3.0388717303143333,11.695264977913133,66.62183477027281,88.05556730570612,15.036103029147135,71.7488873931583,61.585122830104176,10.386183446407827,0.9249725336855144,95.94496120335268,41.46579057189654,25.33907363637806,4.642163630991313,422.0944649165661,535.913011757284,13.487376007013662,92.82202469444216,4166.010928058207,22.96271753104291,12.276177265659966,93.9653038912015,47.9168561097371
demo_transmission_slip_869,Transmission Slip,7099,-2.643448896798456,2.9281099294946538,84.78225255254813,51.112843125471755,27.39552807557713,55.928795287581885,48.46482950231567,43.076734432006624,1.1741978622823204,102.96355238021708,55.57494456118344,20.516145301657005,18.078208702213082,737.186631223785,685.8185641195553,21.550084943132262,91.80238964060568,3819.7372955242968,37.7913739764939,13.180110113978946,64.87404910900682,48.96670826010712
demo_transmission_slip_870,Transmission Slip,2733,-0.2822319555347974,2.9756508144940548,42.08124149493166,73.93643254587505,62.19091012026185,69.38289991346858,78.97605030768784,14.111034311202745,0.8207159469220521,94.45509617040538,68.61139332339306,52.5763719892394,7.230847572752875,654.9731998693328,595.4248749995879,97.80615792859199,97.41586162979404,3848.753231302477,35.609256023509694,13.837637728042878,81.12120333101628,72.1168119510305
demo_transmission_slip_871,Transmission Slip,2026,-16.619301710907408,-4.281022760980883,43.46940474141434,50.17961313458539,26.82429522400564,18.90803053833306,8.235792320178987,65.42818323731007,1.1350983117798699,96.82977490880141,43.63118451029544,18.13123708719522,10.991319536446646,415.0346152394005,524.1320138573167,90.85171828510622,98.12305138243025,4918.61858579601,33.2193135922248,12.504863824349492,65.24910674372035,39.865258704394826
demo_transmission_slip_872,Transmission Slip,738,0.5673414600858768,9.966164847523384,56.93070882532484,28.839119121572644,32.919555207835025,89.29396152814175,32.26957918358375,70.82479269950144,0.8351709993692112,95.15482564085048,33.03301246744084,51.35257187032833,2.087416124436407,628.8374128408038,337.0612547738574,61.28420461181416,99.73656461502563,4806.090592393311,16.45106086650122,12.524205993905165,89.00537296203012,59.48608931256374
demo_transmission_slip_873,Transmission Slip,3206,-5.433011393114608,-3.0359046277885215,29.69640450476448,52.78385049421368,43.15016985646719,16.945361363605425,44.99351016642889,62.557910563343526,1.1542565601040327,100.32866674563572,50.21917577327835,46.49189136086227,4.877022942138895,601.0151672535469,262.32859672729825,7.255113044952544,100.48531272923566,3904.3541062147156,32.54918345058857,13.47350652900764,52.801336973948686,51.87735666357081
demo_transmission_slip_874,Transmission Slip,806,4.873094736942132,3.401480380399027,48.13100311655181,85.30444380293059,36.882898340507985,5.628815708000273,59.90053098533123,26.75017374421391,0.8647772687176699,96.32522029004333,79.51225982714647,51.81804840562673,36.23804469803109,425.35857424012045,469.7272057669628,80.25261028081837,94.35805377014088,4308.800691257187,14.490979569185685,13.34473463870345,79.00773474831365,48.69289656872365
demo_transmission_slip_875,Transmission Slip,4436,-2.7690511703772396,-7.715431849291439,68.16181025426133,29.70989070412247,33.31829076491937,91.14022303427096,61.71831905083574,58.592998075224614,1.0502886654868755,102.59000081314382,35.587316614369534,28.393891115890753,9.330154092384323,664.4555651570693,315.6410822193889,20.682469795268442,92.56491024956398,4836.392521492729,30.663320985169534,12.943772766781288,62.15245999225546,67.45003304673915
demo_transmission_slip_876,Transmission Slip,3372,2.89299448949795,10.517783600909754,88.19439398634819,47.23239211502788,62.806721300819945,15.887237879105783,27.84959676054068,68.05477349200042,1.0181279621195944,100.93429642868102,55.706210578467676,39.065253687092984,31.47991315955403,483.85116030680354,671.7205710424519,37.22152480449989,94.57188413540095,5136.7846811535355,5.461855979853141,12.544384239677607,53.157692550662446,57.020518999393815
demo_transmission_slip_877,Transmission Slip,286,-0.20653266627590378,-0.2799429458412166,36.30244839782365,37.228722273613506,31.480370170574137,13.741944520507067,20.55627104454828,81.23465848751341,1.0722092109810413,96.66484944397013,28.706671788447647,20.967370479674017,8.049673120307254,471.0733670212775,675.9235619382248,74.311571401521,97.58307548698015,3783.200264459168,31.24646596033317,14.072024625542095,53.433973488323566,71.49013401804142
demo_transmission_slip_878,Transmission Slip,1487,8.273626983867336,2.9166648167882836,67.00094884211127,31.386212580630076,53.75282559379456,59.01420822311094,60.6668292596429,66.45189900260712,0.8448506471385793,100.33048663454143,18.91379518118722,43.05020076606628,-2.2942697450792062,510.1190610648425,437.9134759516307,96.73463566432673,100.61618331488913,3685.232417827761,33.03545845751846,12.588276798557965,62.59061595938769,51.2730507391196
demo_transmission_slip_879,Transmission Slip,1346,1.975581506459152,-7.0988552338712365,89.70346237935885,25.36152686146115,10.437212965512183,79.56797173515605,30.939643654835617,57.45434934406288,1.1723058874850718,95.67779804834863,38.73703026711695,50.10116100740629,21.899105165589905,730.0254432413883,550.5908848810634,30.35699680408174,104.10217211044977,5094.453885334264,42.344757643154544,13.152333864426065,72.12492863390963,48.92439331555204
demo_transmission_slip_880,Transmission Slip,1723,-4.689588111935125,-6.531566169001942,62.07525241008246,95.95770241274529,37.053990284579825,81.49948916672177,62.13813420608018,69.53595027256978,1.0785530556655274,99.72245785005637,81.70952101881014,32.50449027431799,31.06269174430212,368.0392786818633,351.98133329202614,71.73432203920032,103.00259780655175,5394.832257221891,15.987316192189116,12.312138904772885,72.32875591790337,72.63964001120208
demo_transmission_slip_881,Transmission Slip,1978,10.135409971915223,2.9663785536373872,59.29695147708237,87.70440124639279,24.257383148213233,87.90526861113726,56.01613649162426,40.0427227221892,1.0293908255791557,101.05607388880476,26.61093614882897,21.769552702443228,25.723524768460344,737.1851038398031,553.0099223081502,14.258345409022466,100.86770738914113,3744.9274019798554,17.140990120796474,12.263195402397931,71.4500714598676,48.81822997683975
demo_transmission_slip_882,Transmission Slip,3844,5.93119450941963,2.3771900576368443,45.23570888503295,22.876490565363703,54.03177185232008,72.79045435278348,79.71272205858122,47.488740180182944,1.0759860715325391,101.49994973599692,65.56003075145532,37.50904198808233,-5.242789111518468,419.2164998059968,407.11497242503424,39.50112509340792,107.01785406608626,3938.63821894097,26.66219644029175,14.18243621338844,77.22696067434896,43.98316111816181
demo_transmission_slip_883,Transmission Slip,756,10.961065925105984,8.607117445544503,28.350949671904175,48.82255907137123,26.65901265575433,78.69773957858106,24.796025082252985,78.78686200140314,0.8330215659525314,102.36241586126911,8.797417410651217,52.72597422751869,-4.610201311751177,698.840129228043,642.4127373188703,59.44238376074102,88.71972168131362,4804.399894216191,29.713856833074402,13.314394949954337,77.78712514365571,76.62861833954761
demo_transmission_slip_884,Transmission Slip,4469,-1.5642201593660956,3.6839835801818577,34.377833055162455,74.83157914060138,93.37672285007591,44.24497013587529,13.823487132048397,36.77400972544537,0.958603699763388,102.96935800496738,66.79250179649486,22.36104518461762,7.505528979351126,303.3081819994844,560.4078337312667,67.27392688770666,89.14993490147826,4204.5918767274015,41.1135346774805,13.853632060149607,75.26535307169351,55.83880450040796
demo_transmission_slip_885,Transmission Slip,7167,-8.418080037368792,-12.5365750558082,91.68446478370686,16.4426692917865,24.093604072269656,7.799993217039205,83.11258532202578,67.48082970487974,0.8839545950231694,102.76771546697914,91.02175003532335,26.310118782214154,21.76244863996468,600.6894000330811,261.8477073098665,68.87797922684994,92.42680389544108,5392.769376263863,38.54028530238063,14.010587169341914,83.33237434315126,42.09093385754612
demo_transmission_slip_886,Transmission Slip,5182,-6.267602195569851,-3.4491737008861993,74.70230535317191,40.2542852475344,20.99565089160876,51.63474365505826,66.76049835532245,51.54761185544828,1.0510722273877442,97.94245916293897,75.04981960850102,42.04875763785418,18.431905167924576,488.97842342826914,506.43467582345954,5.1009721691461785,101.3343935336707,3929.2646314573844,39.405958415673666,13.824687536379944,73.23000531309272,71.42663593743389
demo_transmission_slip_887,Transmission Slip,2634,-1.7442660690288243,1.107404571724006,76.85409282404322,99.6225819104876,8.687957788198286,27.042749119529045,58.79666735452081,42.367500799273735,1.0495202343567913,99.27763899824907,75.91905211095585,20.6234080452076,12.268339216708625,692.8258190511042,426.87047645960234,50.37888052702454,88.43157252587267,3970.765179677027,23.546204863293863,12.997936252528687,81.4448145840463,61.31083920843641
demo_transmission_slip_888,Transmission Slip,6749,11.555236203410669,5.0258777818356934,26.234711032370967,86.9023692733386,34.62087776945296,36.239873831654,19.25553183786267,67.37065395325095,0.920839210609886,95.59068790956019,50.30516669554204,45.76538851909337,4.401535486148541,626.5787204746484,472.50855044869286,40.377272323910184,95.19041736272338,3805.7200271708657,18.3053506739691,13.958503061254962,54.49534467677058,76.20690064937752
demo_transmission_slip_889,Transmission Slip,6345,10.263455453953522,7.662469857295076,67.44143216603808,85.40572632473338,17.922453626660356,17.69920016525887,61.55403121955531,31.347196916430015,1.0520207549264766,101.38524882636578,11.918345988879054,49.24628255387796,-6.271073607695697,711.4365689386302,708.7843451360145,66.74552024607826,107.68510609888348,5226.182868470069,6.774620005352516,12.207621888404933,50.91513353457969,54.43199927653337
demo_transmission_slip_890,Transmission Slip,4668,-8.020599898900286,-4.147709770271996,56.47218438790151,13.830742279934979,25.355003436591858,94.33618129442392,36.127745392879845,34.22891639702564,0.8750051376469027,102.88429349907064,25.741338943333886,41.932582988392575,-6.065816924999014,311.9067184304105,589.7057807672086,63.51681628467243,101.60324791241311,3985.0378550071714,44.39555930088963,13.31675032431649,92.6601195798223,42.05933377794135
demo_transmission_slip_891,Transmission Slip,4510,3.2826896117683,6.381917795372958,77.85524486941037,77.28142924945821,48.7889413987733,6.453320379560267,20.768513826195004,9.523910039869747,1.1249252449297042,96.6079441056799,15.613037321060585,31.10437751541887,-4.444691456347316,749.8514247515186,404.90363461998754,93.30666988898034,101.65457381721052,4688.824673590386,24.01987988489827,13.574760213606774,80.19611467603141,35.45240561271287
demo_transmission_slip_892,Transmission Slip,6376,-9.39785781620904,-6.175044934469688,53.46133807180959,71.67545247780407,38.84159624447183,38.644795573448256,10.711839166559924,42.49774979842355,0.8738122517357513,101.70030328653803,35.1059974877558,53.552093728281804,23.488288118081176,642.9527367171154,695.965543445263,23.893476581666505,99.34581939384535,3585.524189438581,9.030347518227767,12.933173839937576,80.03008142749738,70.76282490343797
demo_transmission_slip_893,Transmission Slip,6541,-0.6561450286069782,-9.281337493826555,40.7003810213635,10.545004550469795,9.897172246016087,57.70027605251492,49.74327914848823,29.3382705136489,0.8223572290970175,99.11209314328062,78.58459731466864,20.536160483165006,25.877825040115148,584.5804489427526,480.50319521252203,4.834135497605219,106.47142832784591,4502.62607674616,20.984278435248164,13.92295080417547,87.20544207528447,66.27222097900102
demo_transmission_slip_894,Transmission Slip,1249,7.84095770877765,-0.629260017445493,47.96238580888895,88.07453141214499,38.32083193881733,9.887355690806789,42.294221309332904,73.10993315687251,1.000335541952583,100.87270520628071,8.174636677949632,24.555075533238075,17.92596482796852,464.95060184686315,572.880842088292,96.2554233120422,101.19723921401028,4376.46207925346,26.694560737733628,14.025652963392341,79.61152685313738,69.5367184034447
demo_transmission_slip_895,Transmission Slip,5981,-4.986405987889494,5.680286131338326,34.76019585379032,77.47980547646958,84.3402733522182,86.02092203480795,15.493105494738291,79.68938473163608,0.8595771481964931,98.30557257954487,66.42693767175486,35.91721712593472,7.635841701666772,608.2341555980106,564.0042365491713,58.28926551655671,98.56857329553463,4982.05378815691,21.121482268046062,12.337536495484676,73.64799844841383,66.10858874648497
demo_transmission_slip_896,Transmission Slip,3525,-1.497108303176397,-2.02529847344911,85.46247653223371,65.65907973621873,75.79464383336686,92.19247832969795,56.23330826541567,26.976351614030587,1.0499723165917436,102.23134308490408,67.11333812586321,18.970894472527917,34.188099777675724,641.7641225219046,444.84226616280307,98.74918893490658,102.43358665671094,5233.426271854953,42.72666236999348,12.27915692944213,84.07447313761386,51.612896720385486
demo_transmission_slip_897,Transmission Slip,2196,8.58233832832587,-0.4258459387876189,83.00329293518848,80.12805270875141,76.48545511624395,31.689725064944678,41.587538551375175,15.354940163275486,1.1190129478701811,99.81405828242193,60.14450436049567,27.104887446942268,20.29165986637314,498.184828086954,717.8236510661837,86.30682727374378,98.51965763813115,5197.7566913272185,11.580200034333533,12.402800998253202,77.74863518571601,66.25179060137239
demo_transmission_slip_898,Transmission Slip,5195,-5.772370185417954,1.182690391035084,29.397161971217734,48.164755265532975,48.387180151247094,87.96287589245082,33.41088467562926,20.1801626091531,0.8227029731388308,95.09447295439284,72.5779398939042,34.462109651247424,1.1413519658820004,727.8532932745923,622.2676264818131,11.436469134984806,93.37914709786699,5283.827113305221,32.6972667118968,14.091090428524742,53.35497527506417,68.3426825855054
demo_transmission_slip_899,Transmission Slip,438,-6.8000526186593415,5.902186889486724,77.54681377227283,73.9908976827366,5.1906040826219,23.174863956554415,75.07163088982051,16.35327613532494,0.937496406145456,95.6550055620669,15.030908186958138,48.95515257695142,-5.178279736815586,537.3039751950035,578.6284353862509,5.759021865438829,100.66853541296229,4201.537582006379,38.3418089509638,13.795319244435811,84.93182163753244,52.14252981896851
